event_time_utc,event_type,bot_name,symbol,source,direction,trade_id,lot,entry_price,exit_price,sl,tp1,tp2,quantity,notional_usdt,pnl_usdt,balance_after_usdt,exit_reason,adx_value,signal_score
2026-09-20T11:05:18.435906+00:00,open,,CELOUSDT,ICT/SMC v2,short,,,0.0869,,0.0882294063733739,0.0849058904399391,0.0829117808798783,230.14,20.0,,,,,
2026-09-20T11:05:42.296717+00:00,open,,DOGEUSDT,ICT/SMC v2,short,,,0.08472505,,0.0854874676170009,0.0835814235744985,0.0824377971489971,236.0,20.0,,,,,
2026-09-20T11:05:54.856269+00:00,open,,EGLDUSDT,ICT/SMC v2,short,,,3.625,,3.6806323515068127,3.541551472739781,3.458102945479561,5.517,20.0,,,,,
2026-09-20T11:06:43.573033+00:00,open,,ICPUSDT,ICT/SMC v2,short,,,2.784,,2.8200888800041817,2.7298666799937275,2.675733359987455,7.18,20.0,,,,,
2026-09-20T11:06:51.057188+00:00,open,,INITUSDT,ICT/SMC v2,short,,,0.07175,,0.0724912305472589,0.0706381541791116,0.0695263083582233,278.7456,20.0,,,,,
2026-09-20T11:08:14.663963+00:00,open,,PORTALUSDT,ICT/SMC v2,short,,,0.01886,,0.0191906947109777,0.0183639579335333,0.0178679158670667,1060.4,20.0,,,,,
2026-09-20T11:09:10.816445+00:00,open,,SUNUSDT,Supertrend+ADX,long,,,0.01706015,,0.0169589248837869,0.0172119876743195,0.017363825348639,1758.4,30.0,,,,,
2026-09-20T11:09:40.799864+00:00,open,,VETUSDT,ICT/SMC v2,short,,,0.0082312499999999,,0.0083620364999392,0.008035070250091,0.0078388905001821,2429.7,20.0,,,,,
2026-09-20T11:19:14.336792+00:00,open,,ARKMUSDT,ICT/SMC v2,short,,,0.10865,,0.1102142339426791,0.1063036490859813,0.1039572981719627,184.0,20.0,,,,,
2026-09-20T11:20:17.396026+00:00,open,,CHRUSDT,ICT/SMC v2,short,,,0.0167505,,0.0169714974959216,0.0164190037561175,0.0160875075122351,1193.99,20.0,,,,,
2026-09-20T11:22:49.882087+00:00,open,,MEMEUSDT,ICT/SMC v2,short,,,0.000553,,0.0005597160569484,0.0005429259145773,0.0005328518291547,36166.3,20.0,,,,,
2026-09-20T11:23:13.035964+00:00,open,,NOTUSDT,ICT/SMC v2,short,,,0.00045905,,0.0004643344678023,0.0004511232982964,0.0004431965965929,43568.2,20.0,,,,,
2026-09-20T11:23:26.138047+00:00,open,,ORDIUSDT,ICT/SMC v2,short,,,4.4234,,4.482256736475055,4.335114895287417,4.246829790574833,4.521,20.0,,,,,
2026-09-20T11:23:31.550890+00:00,open,,PAXGUSDT,Supertrend+ADX,short,,,4363.65,,4366.73695134245,4359.019572986324,4354.389145972647,0.006874,30.0,,,,,
2026-09-20T11:24:48.078158+00:00,open,,SOLUSDT,ICT/SMC v2,short,,,108.0675,,108.85963565263133,106.87929652105302,105.69109304210605,0.185,20.0,,,,,
2026-09-20T11:25:52.704297+00:00,open,,XLMUSDT,ICT/SMC v2,short,,,0.1893505,,0.191416831869491,0.1862510021957635,0.183151504391527,105.6,20.0,,,,,
2026-09-20T11:25:58.059033+00:00,open,,YGGUSDT,ICT/SMC v2,short,,,0.02455,,0.0248736673686129,0.0240644989470805,0.023578997894161,814.6639,20.0,,,,,
2026-09-20T11:36:39.334008+00:00,open,,LUNCUSDT,ICT/SMC v2,short,,,5.038e-05,,5.085555310096009e-05,4.966667034855987e-05,4.8953340697119744e-05,396982.9,20.0,,,,,
2026-09-20T11:48:38.507971+00:00,open,,1INCHUSDT,ICT/SMC v2,short,,,0.095835,,0.0967196761386165,0.0945079857920752,0.0931809715841504,208.69,20.0,,,,,
2026-09-20T11:49:15.360500+00:00,open,,AVAXUSDT,Supertrend+ADX,long,,,10.1365,,9.686084772366431,10.812122841450352,11.487745682900709,2.95,30.0,,,,,
2026-09-20T11:51:28.704369+00:00,open,,KNCUSDT,ICT/SMC v2,short,,,0.14225,,0.1436650480734782,0.1401274278897825,0.1380048557795651,140.5975,20.0,,,,,
2026-09-20T11:52:28.538351+00:00,close,,PAXGUSDT,Supertrend+ADX,short,,,4363.65,4366.73695134245,,,,0.003437,,-0.0106098517640021,999.989390148236,SL,,
2026-09-20T11:52:32.069047+00:00,open,,PAXGUSDT,ICT/SMC v2,short,,,4364.81,,4366.349144135863,4362.501283796204,4360.1925675924085,0.004582,20.0,,,,,
2026-09-20T12:03:32.605836+00:00,close,,1INCHUSDT,ICT/SMC v2,short,,,0.095835,0.0945079857920752,,,,104.34,,0.138460662454874,1000.1278508106908,TP1,,
2026-09-20T12:03:33.278749+00:00,close,,1INCHUSDT,ICT/SMC v2,short,,,0.095835,0.095835,,,,104.35,,-0.0,1000.1278508106908,SL,,
2026-09-20T12:05:40.486853+00:00,open,,DYDXUSDT,ICT/SMC v2,short,,,0.12655,,0.1285628870027794,0.1235306694958308,0.1205113389916616,158.04,20.0,,,,,
2026-09-20T12:06:28.794860+00:00,open,,GMXUSDT,ICT/SMC v2,short,,,7.510149999999999,,7.568722368212937,7.422291447680593,7.334432895361186,2.663,20.0,,,,,
2026-09-20T12:07:07.051962+00:00,open,,JTOUSDT,ICT/SMC v2,short,,,0.495,,0.5098670445670975,0.4726994331493536,0.4503988662987073,40.4,20.0,,,,,
2026-09-20T12:07:42.201964+00:00,open,,MANTAUSDT,Supertrend+ADX,long,,,0.0660449999999999,,0.0631101158484667,0.0704473262272998,0.0748496524545997,454.2,30.0,,,,,
2026-09-20T12:08:00.630117+00:00,open,,MOVRUSDT,ICT/SMC v2,short,,,0.8125,,0.8226087581068864,0.7973368628396703,0.7821737256793407,24.615,20.0,,,,,
2026-09-20T12:08:29.816420+00:00,close,,PAXGUSDT,ICT/SMC v2,short,,,4364.81,4362.501283796204,,,,0.002291,,0.0052892688228954,1000.1331400795139,TP1,,
2026-09-20T12:08:30.538834+00:00,close,,PAXGUSDT,ICT/SMC v2,short,,,4364.81,4360.1925675924085,,,,0.002291,,0.0105785376457909,1000.1437186171596,TP2,,
2026-09-20T12:08:37.594314+00:00,open,,PEOPLEUSDT,ICT/SMC v2,short,,,0.008635,,0.008732431691957,0.0084888524620644,0.0083427049241288,2316.155,20.0,,,,,
2026-09-20T12:09:23.174286+00:00,open,,ROSEUSDT,ICT/SMC v2,short,,,0.00732,,0.0074359040077009,0.0071461439884485,0.006972287976897,2732.2,20.0,,,,,
2026-09-20T12:09:26.874961+00:00,open,,RPLUSDT,Supertrend+ADX,long,,,1.7915,,1.7567567217748803,1.84361491733768,1.8957298346753584,16.7457,30.0,,,,,
2026-09-20T12:09:29.499834+00:00,open,,RPLUSDT,ICT/SMC v2,short,,,1.7915,,1.809709081855076,1.7641863772173867,1.7368727544347733,11.1638,20.0,,,,,
2026-09-20T12:09:38.615909+00:00,open,,SUSDT,ICT/SMC v2,long,,,0.0354499999999999,,0.0339413140100617,0.0377130289849073,0.0399760579698147,564.1,20.0,,,,,
2026-09-20T12:18:42.555155+00:00,open,,AEROUSDT,ICT/SMC v2,short,,,0.65435,,0.662303901443548,0.642419147834678,0.6304882956693559,30.56,20.0,,,,,
2026-09-20T12:18:51.491859+00:00,open,,ALICEUSDT,ICT/SMC v2,short,,,0.1346,,0.1360350540147881,0.1324474189778178,0.1302948379556356,148.58,20.0,,,,,
2026-09-20T12:19:59.413245+00:00,open,,CFXUSDT,ICT/SMC v2,short,,,0.0493949999999999,,0.0500411697604642,0.0484257453593035,0.0474564907186071,404.89,20.0,,,,,
2026-09-20T12:20:56.484074+00:00,open,,FLOWUSDT,ICT/SMC v2,long,,,0.03035,,0.0297564589089114,0.0312403116366328,0.0321306232732655,658.97,20.0,,,,,
2026-09-20T12:21:07.116313+00:00,close,,GMXUSDT,ICT/SMC v2,short,,,7.510149999999999,7.422291447680593,,,,1.3315,,0.1169836624132902,1000.2607022795728,TP1,,
2026-09-20T12:21:38.309711+00:00,open,,JASMYUSDT,ICT/SMC v2,short,,,0.003972,,0.004018816129652,0.0039017758055218,0.0038315516110437,5035.2,20.0,,,,,
2026-09-20T12:21:41.319069+00:00,open,,JOEUSDT,Supertrend+ADX,long,,,0.0335,,0.032153071623051,0.0355203925654235,0.037540785130847,895.52238,30.0,,,,,
2026-09-20T12:22:19.698822+00:00,open,,MASKUSDT,ICT/SMC v2,short,,,0.4535,,0.4569593479286857,0.4483109781069713,0.4431219562139427,44.10143,20.0,,,,,
2026-09-20T12:22:54.966026+00:00,open,,ONDOUSDT,ICT/SMC v2,short,,,0.41145,,0.4185557166619197,0.4007914250071203,0.3901328500142407,48.6,20.0,,,,,
2026-09-20T12:23:28.206534+00:00,open,,PYTHUSDT,ICT/SMC v2,short,,,0.058095,,0.0589337324525287,0.0568369013212069,0.0555788026424138,344.26,20.0,,,,,
2026-09-20T12:23:31.328539+00:00,open,,RAREUSDT,ICT/SMC v2,short,,,0.01245,,0.0125809456089916,0.0122535815865125,0.0120571631730251,1606.4,20.0,,,,,
2026-09-20T12:24:10.578381+00:00,open,,SEIUSDT,ICT/SMC v2,short,,,0.0477,,0.0482631630851016,0.0468552553723475,0.046010510744695,419.2,20.0,,,,,
2026-09-20T12:24:46.315087+00:00,open,,TAOUSDT,ICT/SMC v2,short,,,250.89,,254.68628929004973,245.19556606492537,239.5011321298508,0.0797,20.0,,,,,
2026-09-20T12:25:17.578617+00:00,open,,WIFUSDT,ICT/SMC v2,short,,,0.1969,,0.1995474979574727,0.1929287530637909,0.1889575061275818,101.57,20.0,,,,,
2026-09-20T12:35:36.921658+00:00,open,,ETHUSDT,ICT/SMC v2,long,,,2573.945,,2560.7803884760688,2593.691917285897,2613.438834571795,0.00777,20.0,,,,,
2026-09-20T12:38:47.091444+00:00,open,,SAGAUSDT,ICT/SMC v2,long,,,0.0289999999999999,,0.0274855231837893,0.0312717152243159,0.0335434304486318,689.6,20.0,,,,,
2026-09-20T12:39:30.242234+00:00,open,,THETAUSDT,ICT/SMC v2,long,,,0.2119,,0.2090368507044884,0.2161947239432673,0.2204894478865346,94.3,20.0,,,,,
2026-09-20T12:39:45.516621+00:00,open,,UMAUSDT,ICT/SMC v2,short,,,0.376,,0.3782022070518683,0.3726966894221976,0.3693933788443952,53.1914,20.0,,,,,
2026-09-20T12:50:17.211872+00:00,open,,BICOUSDT,ICT/SMC v2,short,,,0.0205,,0.020830162831077,0.0200047557533844,0.0195095115067689,975.60975,20.0,,,,,
2026-09-20T12:52:44.532518+00:00,open,,JOEUSDT,ICT/SMC v2,long,,,0.0335,,0.0326923940433761,0.0347114089349357,0.0359228178698714,597.01492,20.0,,,,,
2026-09-20T12:53:56.820073+00:00,close,,NOTUSDT,ICT/SMC v2,short,,,0.00045905,0.0004643344678023,,,,21784.1,,-0.1151173750534858,1000.1455849045194,SL,,
2026-09-20T12:56:54.726760+00:00,open,,ZECUSDT,ICT/SMC v2,long,,,1457.7605,,1436.586794630004,1489.5210580549942,1521.2816161099884,0.01371,20.0,,,,,
2026-09-20T13:05:13.380026+00:00,open,,DOGSUSDT,ICT/SMC v2,short,,,4.59e-05,,4.648017568111483e-05,4.502973647832778e-05,4.415947295665556e-05,435729.8,20.0,,,,,
2026-09-20T13:06:05.169510+00:00,open,,GTCUSDT,ICT/SMC v2,short,,,0.0826,,0.0833690463335028,0.0814464304997457,0.0802928609994914,242.1307,20.0,,,,,
2026-09-20T13:07:03.541651+00:00,open,,LUNAUSDT,ICT/SMC v2,short,,,0.0470499999999999,,0.0474952427833971,0.0463821358249042,0.0457142716498084,425.07,20.0,,,,,
2026-09-20T13:07:39.605259+00:00,open,,NMRUSDT,ICT/SMC v2,short,,,9.0415,,9.081006481495626,8.98224027775656,8.92298055551312,2.212,20.0,,,,,
2026-09-20T13:08:27.845465+00:00,open,,RAREUSDT,Supertrend+ADX,long,,,0.0124249999999999,,0.0121329157640843,0.0128631263538735,0.013301252707747,2414.4,30.0,,,,,
2026-09-20T13:09:51.679944+00:00,open,,TURBOUSDT,ICT/SMC v2,short,,,0.0009492,,0.0009602234420663,0.0009326648369004,0.0009161296738008,21070.3,20.0,,,,,
2026-09-20T13:19:27.359891+00:00,open,,AXSUSDT,ICT/SMC v2,short,,,0.988,,0.997105849665164,0.9743412255022538,0.9606824510045076,20.24,20.0,,,,,
2026-09-20T13:21:00.022984+00:00,open,,FIDAUSDT,ICT/SMC v2,short,,,0.02031,,0.0205188512433164,0.0199967231350253,0.0196834462700506,984.736,20.0,,,,,
2026-09-20T13:21:26.210106+00:00,open,,HBARUSDT,Supertrend+ADX,long,,,0.082575,,0.0794625561019035,0.0872436658471446,0.0919123316942893,363.3,30.0,,,,,
2026-09-20T13:22:13.364811+00:00,open,,LAYERUSDT,ICT/SMC v2,short,,,0.07055,,0.0711261081832209,0.0696858377251685,0.068821675450337,283.4868,20.0,,,,,
2026-09-20T13:23:28.319777+00:00,open,,PIXELUSDT,ICT/SMC v2,short,,,0.005015,,0.0050655644255244,0.0049391533617132,0.0048633067234265,3988.0,20.0,,,,,
2026-09-20T13:34:38.973874+00:00,open,,BICOUSDT,Supertrend+ADX,long,,,0.0205,,0.0196226821171096,0.0218159768243354,0.0231319536486709,1463.41463,30.0,,,,,
2026-09-20T13:37:37.131850+00:00,open,,METISUSDT,ICT/SMC v2,short,,,3.115,,3.1574093388535265,3.051385991719711,2.987771983439422,6.42,20.0,,,,,
2026-09-20T13:40:04.429946+00:00,open,,TRXUSDT,ICT/SMC v2,long,,,0.3437645,,0.3430035734029717,0.3449058898955423,0.3460472797910847,58.1,20.0,,,,,
2026-09-20T13:40:15.197365+00:00,open,,UNIUSDT,ICT/SMC v2,short,,,8.5616,,8.712629529536862,8.335055705694709,8.108511411389417,2.33,20.0,,,,,
2026-09-20T13:48:50.825422+00:00,open,,ALGOUSDT,ICT/SMC v2,long,,,0.10495,,0.1026035299356716,0.1084697050964925,0.111989410192985,190.5,20.0,,,,,
2026-09-20T13:49:48.810729+00:00,open,,BNBUSDT,ICT/SMC v2,long,,,750.78295,,746.8914446343207,756.6202080485191,762.4574660970382,0.026,20.0,,,,,
2026-09-20T13:55:09.467820+00:00,close,,SUNUSDT,Supertrend+ADX,long,,,0.01706015,0.0172119876743195,,,,879.2,,0.1334956832617148,1000.2790805877811,TP1,,
2026-09-20T13:55:34.902598+00:00,close,,TRXUSDT,ICT/SMC v2,long,,,0.3437645,0.3449058898955423,,,,29.0,,0.0331003069707283,1000.3121808947519,TP1,,
2026-09-20T13:55:35.831543+00:00,close,,TRXUSDT,ICT/SMC v2,long,,,0.3437645,0.3460472797910847,,,,29.1,,0.0664288919205666,1000.3786097866723,TP2,,
2026-09-20T14:06:12.961799+00:00,close,,HBARUSDT,Supertrend+ADX,long,,,0.082575,0.0872436658471446,,,,181.6,,0.8478297178414707,1001.2264395045139,TP1,,
2026-09-20T14:07:44.250997+00:00,close,,MOVRUSDT,ICT/SMC v2,short,,,0.8125,0.7973368628396703,,,,12.307,,0.1866127290321774,1001.4130522335461,TP1,,
2026-09-20T14:07:50.212227+00:00,open,,NEARUSDT,ICT/SMC v2,long,,,3.72315,,3.618368473080394,3.8803222903794095,4.0374945807588185,5.3,20.0,,,,,
2026-09-20T14:08:36.764213+00:00,open,,PROMUSDT,ICT/SMC v2,short,,,5.002000000000001,,5.092520013079833,4.866219980380253,4.7304399607605045,3.99,20.0,,,,,
2026-09-20T14:08:42.670622+00:00,close,,PYTHUSDT,ICT/SMC v2,short,,,0.058095,0.0589337324525287,,,,172.13,,-0.1443710170537705,1001.2686812164923,SL,,
2026-09-20T14:11:28.069223+00:00,close,,XLMUSDT,ICT/SMC v2,short,,,0.1893505,0.191416831869491,,,,52.8,,-0.1091023227091239,1001.1595788937833,SL,,
2026-09-20T14:11:41.477362+00:00,open,,ZROUSDT,ICT/SMC v2,short,,,1.0665,,1.0788279521987731,1.04800807170184,1.0295161434036804,18.75,20.0,,,,,
2026-09-20T14:18:37.704030+00:00,open,,1INCHUSDT,ICT/SMC v2,short,,,0.09589,,0.0966363130317543,0.0947705304523685,0.093651060904737,208.57,20.0,,,,,
2026-09-20T14:19:05.005840+00:00,open,,APTUSDT,ICT/SMC v2,short,,,0.7148,,0.7281520869020571,0.6947718696469142,0.6747437392938282,27.9798,20.0,,,,,
2026-09-20T14:19:09.591500+00:00,open,,ARBUSDT,Supertrend+ADX,short,,,0.20535,,0.2171963287524004,0.1875805068713993,0.1698110137427986,146.092,30.0,,,,,
2026-09-20T14:19:18.661120+00:00,open,,ARPAUSDT,ICT/SMC v2,short,,,0.009947,,0.0100363755268066,0.00981293670979,0.0096788734195801,2010.65,20.0,,,,,
2026-09-20T14:19:21.592551+00:00,open,,ASTERUSDT,ICT/SMC v2,short,,,0.72795,,0.735831884097445,0.7161271738538324,0.7043043477076648,27.4744,20.0,,,,,
2026-09-20T14:19:24.934061+00:00,open,,ATOMUSDT,ICT/SMC v2,short,,,1.6835,,1.703239295768807,1.6538910563467892,1.6242821126935785,11.88,20.0,,,,,
2026-09-20T14:19:42.886275+00:00,open,,BBUSDT,ICT/SMC v2,short,,,0.00795,,0.0081110653325355,0.0077084020011967,0.0074668040023934,2515.7,20.0,,,,,
2026-09-20T14:19:45.864870+00:00,open,,BCHUSDT,ICT/SMC v2,short,,,244.93,,246.90793880834997,241.9630917874751,238.99618357495012,0.08165,20.0,,,,,
2026-09-20T14:19:50.701876+00:00,open,,BERAUSDT,ICT/SMC v2,short,,,0.20455,,0.2077067666291215,0.1998148500563177,0.1950797001126354,97.7756,20.0,,,,,
2026-09-20T14:20:01.488105+00:00,open,,BIGTIMEUSDT,ICT/SMC v2,short,,,0.007805,,0.0078810330304203,0.0076909504543694,0.0075769009087389,2562.45,20.0,,,,,
2026-09-20T14:20:04.784129+00:00,open,,BLURUSDT,ICT/SMC v2,short,,,0.0182,,0.0183508879983589,0.0179736680024615,0.017747336004923,1098.901,20.0,,,,,
2026-09-20T14:20:15.064026+00:00,open,,BONKUSDT,ICT/SMC v2,short,,,2.924e-06,,2.9702024055946054e-06,2.854696391608091e-06,2.785392783216182e-06,6839945.2,20.0,,,,,
2026-09-20T14:20:35.694217+00:00,open,,CKBUSDT,ICT/SMC v2,short,,,0.001168,,0.0011818278618921,0.0011472582071618,0.0011265164143236,17123.28,20.0,,,,,
2026-09-20T14:20:39.055904+00:00,open,,COMPUSDT,ICT/SMC v2,short,,,20.56,,20.76850659085857,20.247240113712145,19.934480227424288,0.97276,20.0,,,,,
2026-09-20T14:20:49.852328+00:00,open,,DIAUSDT,ICT/SMC v2,short,,,0.12985,,0.1309419184502663,0.1282121223246005,0.126574244649201,154.0,20.0,,,,,
2026-09-20T14:21:04.789065+00:00,open,,DUSKUSDT,ICT/SMC v2,short,,,0.071975,,0.0727745710651621,0.0707756434022567,0.0695762868045134,277.8,20.0,,,,,
2026-09-20T14:21:12.221033+00:00,open,,EDUUSDT,ICT/SMC v2,short,,,0.0481,,0.0484462457699716,0.0475806313450425,0.0470612626900851,415.8,20.0,,,,,
2026-09-20T14:21:21.306446+00:00,open,,ENAUSDT,ICT/SMC v2,short,,,0.1987,,0.2055793635538316,0.1883809546692524,0.178061909338505,100.65,20.0,,,,,
2026-09-20T14:21:45.193130+00:00,close,,FLOWUSDT,ICT/SMC v2,long,,,0.03035,0.0297564589089114,,,,329.48,,-0.1955599186918495,1000.9640189750913,SL,,
2026-09-20T14:21:45.576369+00:00,close,,FLOWUSDT,ICT/SMC v2,long,,,0.03035,0.0297564589089114,,,,329.49,,-0.1955658541027604,1000.7684531209886,SL,,
2026-09-20T14:21:56.139732+00:00,open,,GALAUSDT,ICT/SMC v2,short,,,0.001854,,0.0018794646023059,0.0018158030965411,0.0017776061930822,10787.4,20.0,,,,,
2026-09-20T14:21:59.423343+00:00,open,,GMTUSDT,ICT/SMC v2,short,,,0.00748,,0.0075486684534895,0.0073769973197656,0.0072739946395313,2673.7,20.0,,,,,
2026-09-20T14:22:23.008543+00:00,open,,IDUSDT,ICT/SMC v2,short,,,0.03405,,0.0344203524270444,0.0334944713594332,0.0329389427188666,587.37,20.0,,,,,
2026-09-20T14:22:26.437621+00:00,open,,ILVUSDT,ICT/SMC v2,short,,,3.4155,,3.447154577283295,3.368018134075057,3.320536268150113,5.8556,20.0,,,,,
2026-09-20T14:22:35.002174+00:00,open,,IOUSDT,ICT/SMC v2,short,,,0.13715,,0.1391917946946615,0.1340873079580077,0.1310246159160155,145.82,20.0,,,,,
2026-09-20T14:22:54.740195+00:00,open,,JUPUSDT,ICT/SMC v2,short,,,0.2667,,0.2707137636623883,0.2606793545064175,0.2546587090128351,74.9,20.0,,,,,
2026-09-20T14:22:57.646269+00:00,open,,KERNELUSDT,ICT/SMC v2,short,,,0.0407,,0.041042004222858,0.0401869936657128,0.0396739873314257,491.4004,20.0,,,,,
2026-09-20T14:23:07.626700+00:00,open,,LDOUSDT,ICT/SMC v2,short,,,0.3965999999999999,,0.4020803894069676,0.3883794158895484,0.3801588317790969,50.4286,20.0,,,,,
2026-09-20T14:23:16.266134+00:00,open,,LPTUSDT,ICT/SMC v2,short,,,1.5474,,1.5658730520060706,1.5196904219908944,1.4919808439817883,12.9249,20.0,,,,,
2026-09-20T14:23:56.379301+00:00,open,,MINAUSDT,ICT/SMC v2,short,,,0.10477,,0.1069375841510569,0.1015186237734146,0.0982672475468292,190.8,20.0,,,,,
2026-09-20T14:24:10.350776+00:00,open,,NEWTUSDT,ICT/SMC v2,short,,,0.043505,,0.0438547888000822,0.0429803167998766,0.0424556335997533,459.717,20.0,,,,,
2026-09-20T14:24:36.056644+00:00,open,,PENDLEUSDT,ICT/SMC v2,short,,,2.5378,,2.5778549582474954,2.4777175626287566,2.417635125257513,7.8,20.0,,,,,
2026-09-20T14:24:51.118930+00:00,open,,POLUSDT,ICT/SMC v2,short,,,0.1036,,0.1049255461501109,0.1016116807748335,0.099623361549667,193.0501,20.0,,,,,
2026-09-20T14:25:11.999713+00:00,open,,RAYUSDT,ICT/SMC v2,short,,,1.63075,,1.659053589839189,1.5882946152412167,1.5458392304824335,12.2,20.0,,,,,
2026-09-20T14:25:33.170589+00:00,open,,RSRUSDT,ICT/SMC v2,short,,,0.001549,,0.0015737821080133,0.00151182683798,0.00147465367596,12911.55,20.0,,,,,
2026-09-20T14:25:47.545758+00:00,open,,SATSUSDT,ICT/SMC v2,short,,,1.085e-08,,1.0976034006733149e-08,1.066094898990028e-08,1.047189797980056e-08,1843317972.3,20.0,,,,,
2026-09-20T14:26:24.848057+00:00,open,,SYNUSDT,ICT/SMC v2,short,,,0.2009,,0.2122298945785341,0.1839051581321988,0.1669103162643976,99.5,20.0,,,,,
2026-09-20T14:26:44.922755+00:00,close,,UMAUSDT,ICT/SMC v2,short,,,0.376,0.3782022070518683,,,,26.5957,,-0.0585692380893737,1000.7098838828991,SL,,
2026-09-20T14:26:48.436549+00:00,open,,UMAUSDT,Supertrend+ADX,long,,,0.385,,0.3738629329170898,0.4017056006243654,0.4184112012487307,77.922,30.0,,,,,
2026-09-20T14:27:07.816017+00:00,open,,WOOUSDT,ICT/SMC v2,long,,,0.011325,,0.0112681441713561,0.0114102837429657,0.0114955674859314,1766.004,20.0,,,,,
2026-09-20T14:27:10.843561+00:00,open,,XLMUSDT,ICT/SMC v2,short,,,0.1909239999999999,,0.192975004146695,0.1878474937799574,0.1847709875599148,104.7,20.0,,,,,
2026-09-20T14:36:36.153541+00:00,open,,FLOWUSDT,Supertrend+ADX,short,,,0.02945,,0.0309254978377266,0.0272367532434101,0.0250235064868202,1018.67,30.0,,,,,
2026-09-20T14:41:18.193622+00:00,close,,SYNUSDT,ICT/SMC v2,short,,,0.2009,0.2122298945785341,,,,49.7,,-0.563095760553147,1000.1467881223462,SL,,
2026-09-20T14:41:18.720003+00:00,close,,SYNUSDT,ICT/SMC v2,short,,,0.2009,0.2122298945785341,,,,49.8,,-0.5642287500110004,999.5825593723351,SL,,
2026-09-20T14:48:50.851971+00:00,close,,ALGOUSDT,ICT/SMC v2,long,,,0.10495,0.1084697050964925,,,,95.2,,0.3350759251860879,999.9176352975212,TP1,,
2026-09-20T14:49:00.459505+00:00,open,,AMPUSDT,ICT/SMC v2,short,,,0.0004535,,0.0004576702999483,0.0004472445500775,0.000440989100155,44101.4,20.0,,,,,
2026-09-20T14:49:24.436097+00:00,close,,AVAXUSDT,Supertrend+ADX,long,,,10.1365,10.812122841450352,,,,1.47,,0.9931655769320172,1000.9108008744533,TP1,,
2026-09-20T14:51:09.129669+00:00,open,,EIGENUSDT,ICT/SMC v2,short,,,0.22465,,0.2287747207219287,0.2184629189171069,0.2122758378342139,89.02,20.0,,,,,
2026-09-20T14:52:16.795928+00:00,close,,JASMYUSDT,ICT/SMC v2,short,,,0.003972,0.004018816129652,,,,2517.6,,-0.1178642880120999,1000.792936586441,SL,,
2026-09-20T14:52:53.982574+00:00,open,,LINKUSDT,Supertrend+ADX,long,,,12.15765,,11.929801867583675,12.499422198624483,12.841194397248968,2.46,30.0,,,,,
2026-09-20T14:56:31.652394+00:00,close,,ZECUSDT,ICT/SMC v2,long,,,1457.7605,1436.586794630004,,,,0.00685,,-0.1450398817844727,1000.6478967046567,SL,,
2026-09-20T14:56:32.420095+00:00,close,,ZECUSDT,ICT/SMC v2,long,,,1457.7605,1436.586794630004,,,,0.00686,,-0.1452516188381726,1000.5026450858185,SL,,
2026-09-20T15:03:55.903539+00:00,close,,AMPUSDT,ICT/SMC v2,short,,,0.0004535,0.0004576702999483,,,,22050.7,,-0.0919580330703191,1000.4106870527481,SL,,
2026-09-20T15:04:22.049085+00:00,close,,ATOMUSDT,ICT/SMC v2,short,,,1.6835,1.703239295768807,,,,5.94,,-0.1172514168667133,1000.2934356358815,SL,,
2026-09-20T15:04:44.125851+00:00,close,,BBUSDT,ICT/SMC v2,short,,,0.00795,0.0081110653325355,,,,1257.8,,-0.2025879752631924,1000.0908476606181,SL,,
2026-09-20T15:05:47.863862+00:00,open,,CRVUSDT,ICT/SMC v2,short,,,0.3320499999999999,,0.3365286994348881,0.3253319508476677,0.3186139016953354,60.2,20.0,,,,,
2026-09-20T15:06:30.870154+00:00,close,,ETHUSDT,ICT/SMC v2,long,,,2573.945,2593.691917285897,,,,0.003885,,0.0767167736557111,1000.1675644342739,TP1,,
2026-09-20T15:06:31.542554+00:00,close,,ETHUSDT,ICT/SMC v2,long,,,2573.945,2613.438834571795,,,,0.003885,,0.1534335473114222,1000.3209979815853,TP2,,
2026-09-20T15:07:02.397145+00:00,close,,GMXUSDT,ICT/SMC v2,short,,,7.510149999999999,7.510149999999999,,,,1.3315,,-0.0,1000.3209979815853,SL,,
2026-09-20T15:07:50.029907+00:00,close,,JOEUSDT,ICT/SMC v2,long,,,0.0335,0.0347114089349357,,,,298.50746,,0.36161460418897,1000.6826125857743,TP1,,
2026-09-20T15:08:05.777006+00:00,open,,KSMUSDT,ICT/SMC v2,short,,,4.324999999999999,,4.37059824047953,4.256602639280703,4.188205278561407,4.624277,20.0,,,,,
2026-09-20T15:08:28.906176+00:00,close,,LUNCUSDT,ICT/SMC v2,short,,,5.038e-05,5.085555310096009e-05,,,,198491.4,,-0.0943932007839097,1000.5882193849906,SL,,
2026-09-20T15:08:29.235143+00:00,close,,LUNCUSDT,ICT/SMC v2,short,,,5.038e-05,5.085555310096009e-05,,,,198491.5,,-0.0943932483392198,1000.4938261366514,SL,,
2026-09-20T15:10:47.969042+00:00,close,,SAGAUSDT,ICT/SMC v2,long,,,0.0289999999999999,0.0312717152243159,,,,344.8,,0.7832874093441342,1001.2771135459953,TP1,,
2026-09-20T15:10:52.756353+00:00,open,,SANDUSDT,ICT/SMC v2,short,,,0.039845,,0.0403282656714029,0.0391201014928955,0.038395202985791,501.9,20.0,,,,,
2026-09-20T15:11:25.850918+00:00,open,,SUNUSDT,ICT/SMC v2,long,,,0.017265,,0.0171662039971283,0.0174131940043074,0.0175613880086148,1158.4,20.0,,,,,
2026-09-20T15:11:48.814945+00:00,open,,TRBUSDT,ICT/SMC v2,short,,,17.502000000000002,,17.709432139049667,17.190851791425505,16.87970358285101,1.1427,20.0,,,,,
2026-09-20T15:12:19.718095+00:00,close,,XLMUSDT,ICT/SMC v2,short,,,0.1909239999999999,0.192975004146695,,,,52.3,,-0.1072675168721506,1001.1698460291232,SL,,
2026-09-20T15:12:20.023349+00:00,close,,XLMUSDT,ICT/SMC v2,short,,,0.1909239999999999,0.192975004146695,,,,52.4,,-0.1074726172868201,1001.0623734118363,SL,,
2026-09-20T15:18:50.389079+00:00,close,,ALGOUSDT,ICT/SMC v2,long,,,0.10495,0.111989410192985,,,,95.3,,0.6708557913914757,1001.7332292032277,TP2,,
2026-09-20T15:19:03.238859+00:00,open,,AMPUSDT,Supertrend+ADX,long,,,0.0004615,,0.0004464754970975,0.0004840367543536,0.0005065735087073,65005.4,30.0,,,,,
2026-09-20T15:19:25.946536+00:00,open,,ATOMUSDT,Supertrend+ADX,long,,,1.71755,,1.6795143689502503,1.774603446574624,1.8316568931492487,17.466,30.0,,,,,
2026-09-20T15:19:46.240472+00:00,close,,BCHUSDT,ICT/SMC v2,short,,,244.93,246.90793880834997,,,,0.04082,,-0.0807394621568442,1001.6524897410709,SL,,
2026-09-20T15:19:46.764256+00:00,close,,BCHUSDT,ICT/SMC v2,short,,,244.93,246.90793880834997,,,,0.04083,,-0.0807592415449277,1001.5717304995261,SL,,
2026-09-20T15:19:52.219211+00:00,close,,BERAUSDT,ICT/SMC v2,short,,,0.20455,0.2077067666291215,,,,48.8878,,-0.1543273756111665,1001.4174031239149,SL,,
2026-09-20T15:20:20.498047+00:00,open,,BOMEUSDT,ICT/SMC v2,short,,,0.0008958,,0.0009072273794738,0.0008786589307892,0.0008615178615784,22326.4,20.0,,,,,
2026-09-20T15:20:28.634537+00:00,open,,BTCUSDT,Supertrend+ADX,long,,,80884.465,,80410.32885290764,81595.66922063853,82306.87344127707,0.00037,30.0,,,,,
2026-09-20T15:20:48.431167+00:00,close,,COMPUSDT,ICT/SMC v2,short,,,20.56,20.76850659085857,,,,0.48638,,-0.1014134356617925,1001.3159896882529,SL,,
2026-09-20T15:21:02.028059+00:00,close,,DOGEUSDT,ICT/SMC v2,short,,,0.08472505,0.0854874676170009,,,,118.0,,-0.0899652788061139,1001.2260244094471,SL,,
2026-09-20T15:21:31.921889+00:00,open,,ENSUSDT,Supertrend+ADX,long,,,6.3155,,6.103236194948691,6.633895707576964,6.952291415153928,4.7502,30.0,,,,,
2026-09-20T15:21:39.798345+00:00,open,,ETHUSDT,Supertrend+ADX,long,,,2600.66,,2573.093982814861,2642.0090257777074,2683.358051555416,0.011535,30.0,,,,,
2026-09-20T15:21:57.812335+00:00,open,,FTTUSDT,ICT/SMC v2,long,,,0.2125,,0.2081859620535881,0.2189710569196178,0.2254421138392356,94.1176,20.0,,,,,
2026-09-20T15:22:29.324378+00:00,close,,INITUSDT,ICT/SMC v2,short,,,0.07175,0.0724912305472589,,,,139.3728,,-0.1033073768170052,1001.1227170326299,SL,,
2026-09-20T15:22:38.006494+00:00,open,,IOTAUSDT,Supertrend+ADX,long,,,0.0485,,0.0463016283952772,0.051797557407084,0.0550951148141681,618.55,30.0,,,,,
2026-09-20T15:22:45.559935+00:00,close,,JOEUSDT,Supertrend+ADX,long,,,0.0335,0.0355203925654235,,,,447.76119,,0.9046533793611864,1002.027370411991,TP1,,
2026-09-20T15:22:50.636926+00:00,close,,JOEUSDT,ICT/SMC v2,long,,,0.0335,0.0359228178698714,,,,298.50746,,0.7232292083779401,1002.750599620369,TP2,,
2026-09-20T15:23:05.357122+00:00,close,,LAYERUSDT,ICT/SMC v2,short,,,0.07055,0.0711261081832209,,,,141.7434,,-0.0816595326575654,1002.6689400877113,SL,,
2026-09-20T15:24:29.687106+00:00,close,,ORDIUSDT,ICT/SMC v2,short,,,4.4234,4.482256736475055,,,,2.26,,-0.1330162244336237,1002.5359238632777,SL,,
2026-09-20T15:24:30.267408+00:00,close,,ORDIUSDT,ICT/SMC v2,short,,,4.4234,4.482256736475055,,,,2.261,,-0.1330750811700987,1002.4028487821078,SL,,
2026-09-20T15:24:53.125339+00:00,open,,POLYXUSDT,ICT/SMC v2,short,,,0.0401,,0.0404192726480746,0.039621091027888,0.0391421820557761,498.7,20.0,,,,,
2026-09-20T15:26:05.293936+00:00,open,,STRKUSDT,ICT/SMC v2,long,,,0.04605,,0.0440684237907855,0.0490223643138216,0.0519947286276432,434.31,20.0,,,,,
2026-09-20T15:27:05.997758+00:00,open,,XLMUSDT,Supertrend+ADX,long,,,0.1934505,,0.1886090643988245,0.2007126534017632,0.2079748068035265,155.0,30.0,,,,,
2026-09-20T15:27:14.882894+00:00,open,,ZKUSDT,ICT/SMC v2,short,,,0.01117,,0.0114273507214405,0.0107839739178391,0.0103979478356782,1790.5,20.0,,,,,
2026-09-20T15:35:23.793712+00:00,close,,CFXUSDT,ICT/SMC v2,short,,,0.0493949999999999,0.0500411697604642,,,,202.44,,-0.1308106063083924,1002.2720381757994,SL,,
2026-09-20T15:35:24.248729+00:00,close,,CFXUSDT,ICT/SMC v2,short,,,0.0493949999999999,0.0500411697604642,,,,202.45,,-0.130817068005997,1002.1412211077934,SL,,
2026-09-20T15:35:26.650619+00:00,open,,CFXUSDT,Supertrend+ADX,long,,,0.0511265,,0.0492055311052958,0.0540079533420561,0.0568894066841123,586.77,30.0,,,,,
2026-09-20T15:35:33.593879+00:00,close,,CKBUSDT,ICT/SMC v2,short,,,0.001168,0.0011818278618921,,,,8561.64,,-0.1183891754901473,1002.0228319323033,SL,,
2026-09-20T15:35:40.336362+00:00,close,,CRVUSDT,ICT/SMC v2,short,,,0.3320499999999999,0.3365286994348881,,,,30.1,,-0.1348088529901351,1001.888023079313,SL,,
2026-09-20T15:35:59.499510+00:00,close,,DUSKUSDT,ICT/SMC v2,short,,,0.071975,0.0727745710651621,,,,138.9,,-0.1110604209510287,1001.776962658362,SL,,
2026-09-20T15:36:09.141244+00:00,open,,DYMUSDT,Supertrend+ADX,long,,,0.0170999999999999,,0.0164259023350877,0.0181111464973684,0.0191222929947368,1754.3,30.0,,,,,
2026-09-20T15:36:54.477936+00:00,close,,GMTUSDT,ICT/SMC v2,short,,,0.00748,0.0075486684534895,,,,1336.8,,-0.0917959886248185,1001.6851666697374,SL,,
2026-09-20T15:38:21.253596+00:00,open,,MANAUSDT,Supertrend+ADX,long,,,0.081635,,0.0799200458140703,0.0842074312788945,0.086779862557789,367.4,30.0,,,,,
2026-09-20T15:38:59.207247+00:00,open,,NEOUSDT,ICT/SMC v2,short,,,2.348,,2.374750402321912,2.307874396517132,2.267748793034263,8.517,20.0,,,,,
2026-09-20T15:39:55.959252+00:00,close,,RAYUSDT,ICT/SMC v2,short,,,1.63075,1.5882946152412167,,,,6.1,,0.2589778470285774,1001.9441445167658,TP1,,
2026-09-20T15:40:06.948790+00:00,open,,RENDERUSDT,Supertrend+ADX,long,,,1.5535,,1.5149755838389318,1.6112866242416024,1.6690732484832047,19.31,30.0,,,,,
2026-09-20T15:41:56.853735+00:00,close,,WIFUSDT,ICT/SMC v2,short,,,0.1969,0.1995474979574727,,,,50.78,,-0.134439946280467,1001.8097045704855,SL,,
2026-09-20T15:48:36.708729+00:00,close,,1INCHUSDT,ICT/SMC v2,short,,,0.09589,0.0966363130317543,,,,104.28,,-0.0778255229513375,1001.7318790475341,SL,,
2026-09-20T15:48:44.336940+00:00,open,,ADAUSDT,Supertrend+ADX,long,,,0.2241545,,0.2185984412236236,0.2324885881645646,0.2408226763291292,133.8,30.0,,,,,
2026-09-20T15:49:19.235503+00:00,close,,ARPAUSDT,ICT/SMC v2,short,,,0.009947,0.0100363755268066,,,,1005.32,,-0.0898510046092417,1001.6420280429248,SL,,
2026-09-20T15:49:19.887477+00:00,close,,ARPAUSDT,ICT/SMC v2,short,,,0.009947,0.0100363755268066,,,,1005.33,,-0.0898518983645098,1001.5521761445605,SL,,
2026-09-20T15:49:49.030892+00:00,open,,BERAUSDT,Supertrend+ADX,long,,,0.21195,,0.2057095683256167,0.2213106475115749,0.2306712950231499,141.5428,30.0,,,,,
2026-09-20T15:50:01.185355+00:00,close,,BIGTIMEUSDT,ICT/SMC v2,short,,,0.007805,0.0078810330304203,,,,1281.22,,-0.097415039235144,1001.4547611053252,SL,,
2026-09-20T15:50:10.187473+00:00,close,,BNBUSDT,ICT/SMC v2,long,,,750.78295,756.6202080485191,,,,0.013,,0.0758843546307477,1001.530645459956,TP1,,
2026-09-20T15:50:41.271722+00:00,close,,CHRUSDT,ICT/SMC v2,short,,,0.0167505,0.0169714974959216,,,,596.99,,-0.1319332950902439,1001.3987121648657,SL,,
2026-09-20T15:50:41.749244+00:00,close,,CHRUSDT,ICT/SMC v2,short,,,0.0167505,0.0169714974959216,,,,597.0,,-0.1319355050652031,1001.2667766598004,SL,,
2026-09-20T15:50:44.235161+00:00,open,,CHRUSDT,Supertrend+ADX,long,,,0.016973,,0.0165578802670231,0.0175956795994653,0.0182183591989306,1767.51,30.0,,,,,
2026-09-20T15:50:51.490083+00:00,open,,CRVUSDT,Supertrend+ADX,long,,,0.3419999999999999,,0.3275474748473443,0.3636787877289834,0.3853575754579669,87.7,30.0,,,,,
2026-09-20T15:51:41.870600+00:00,open,,ETCUSDT,Supertrend+ADX,long,,,8.433399999999999,,8.215701355079695,8.759947967380455,9.08649593476091,3.55,30.0,,,,,
2026-09-20T15:52:34.684017+00:00,close,,ILVUSDT,ICT/SMC v2,short,,,3.4155,3.447154577283295,,,,2.9278,,-0.0926782713700324,1001.1740983884304,SL,,
2026-09-20T15:52:38.175350+00:00,open,,ILVUSDT,ICT/SMC v2,short,,,3.4585,,3.498174332490826,3.398988501263761,3.3394770025275218,5.7828,20.0,,,,,
2026-09-20T15:53:03.776607+00:00,close,,KERNELUSDT,ICT/SMC v2,short,,,0.0407,0.041042004222858,,,,245.7002,,-0.0840305059570746,1001.0900678824734,SL,,
2026-09-20T15:53:15.898794+00:00,close,,LDOUSDT,ICT/SMC v2,short,,,0.3965999999999999,0.4020803894069676,,,,25.2143,,-0.1381841826241046,1000.9518836998493,SL,,
2026-09-20T15:53:31.331949+00:00,close,,LUNAUSDT,ICT/SMC v2,short,,,0.0470499999999999,0.0474952427833971,,,,212.53,,-0.0946274487554054,1000.857256251094,SL,,
2026-09-20T15:53:31.862738+00:00,close,,LUNAUSDT,ICT/SMC v2,short,,,0.0470499999999999,0.0474952427833971,,,,212.54,,-0.0946319011832393,1000.7626243499108,SL,,
2026-09-20T15:53:44.362570+00:00,close,,MASKUSDT,ICT/SMC v2,short,,,0.4535,0.4569593479286857,,,,22.05071,,-0.0762810779645499,1000.6863432719462,SL,,
2026-09-20T15:53:44.834894+00:00,close,,MASKUSDT,ICT/SMC v2,short,,,0.4535,0.4569593479286857,,,,22.05072,,-0.0762811125580292,1000.6100621593881,SL,,
2026-09-20T15:54:07.632646+00:00,close,,MINAUSDT,ICT/SMC v2,short,,,0.10477,0.1069375841510569,,,,95.4,,-0.2067875280108312,1000.4032746313771,SL,,
2026-09-20T15:54:11.399972+00:00,open,,MINAUSDT,ICT/SMC v2,short,,,0.1078099999999999,,0.1101108335554899,0.1043587496667649,0.1009074993335299,185.5,20.0,,,,,
2026-09-20T15:54:45.108943+00:00,close,,PEOPLEUSDT,ICT/SMC v2,short,,,0.008635,0.008732431691957,,,,1158.077,,-0.1128334015265517,1000.2904412298507,SL,,
2026-09-20T15:54:45.669997+00:00,close,,PEOPLEUSDT,ICT/SMC v2,short,,,0.008635,0.008732431691957,,,,1158.078,,-0.1128334989582436,1000.1776077308924,SL,,
2026-09-20T15:55:56.011155+00:00,close,,SAGAUSDT,ICT/SMC v2,long,,,0.0289999999999999,0.0335434304486318,,,,344.8,,1.566574818688266,1001.7441825495808,TP2,,
2026-09-20T15:56:20.402341+00:00,open,,STGUSDT,ICT/SMC v2,short,,,0.1217,,0.1276897422414748,0.1127153866377877,0.1037307732755754,164.3385,20.0,,,,,
2026-09-20T15:56:32.830104+00:00,open,,SUIUSDT,Supertrend+ADX,long,,,0.84155,,0.8068092174441908,0.893661173833714,0.9457723476674278,35.6485,30.0,,,,,
2026-09-20T15:56:47.132735+00:00,close,,TAOUSDT,ICT/SMC v2,short,,,250.89,254.68628929004973,,,,0.0398,,-0.1510923137439797,1001.5930902358368,SL,,
2026-09-20T15:57:10.979477+00:00,close,,UNIUSDT,ICT/SMC v2,short,,,8.5616,8.712629529536862,,,,1.16,,-0.1751942542627596,1001.417895981574,SL,,
2026-09-20T15:57:11.551185+00:00,close,,UNIUSDT,ICT/SMC v2,short,,,8.5616,8.712629529536862,,,,1.17,,-0.1767045495581282,1001.2411914320156,SL,,
2026-09-20T15:57:38.104523+00:00,close,,ZROUSDT,ICT/SMC v2,short,,,1.0665,1.0788279521987731,,,,9.37,,-0.1155129121025043,1001.1256785199132,SL,,
2026-09-20T15:57:38.686747+00:00,close,,ZROUSDT,ICT/SMC v2,short,,,1.0665,1.0788279521987731,,,,9.38,,-0.115636191624492,1001.0100423282888,SL,,
2026-09-20T16:03:34.236740+00:00,open,,1INCHUSDT,Supertrend+ADX,long,,,0.0970949999999999,,0.0956787072065118,0.0992194391902322,0.1013438783804644,308.97,30.0,,,,,
2026-09-20T16:03:59.832141+00:00,open,,AMPUSDT,ICT/SMC v2,long,,,0.0004555,,0.000448742356493,0.0004656364652604,0.0004757729305208,43907.7,20.0,,,,,
2026-09-20T16:04:08.767833+00:00,open,,ARUSDT,ICT/SMC v2,short,,,4.2785,,4.421974818190539,4.063287772714191,3.848075545428383,4.67,20.0,,,,,
2026-09-20T16:04:21.850999+00:00,open,,ARPAUSDT,ICT/SMC v2,short,,,0.0100605,,0.0101548079124742,0.0099190381312886,0.0097775762625773,1987.97,20.0,,,,,
2026-09-20T16:05:02.700377+00:00,close,,BLURUSDT,ICT/SMC v2,short,,,0.0182,0.0183508879983589,,,,549.4505,,-0.0829054861423413,1000.9271368421464,SL,,
2026-09-20T16:05:39.944801+00:00,open,,COMPUSDT,Supertrend+ADX,long,,,20.945,,20.570241726206863,21.507137410689698,22.06927482137939,1.43232,30.0,,,,,
2026-09-20T16:05:57.710636+00:00,close,,DOGSUSDT,ICT/SMC v2,short,,,4.59e-05,4.648017568111483e-05,,,,217864.9,,-0.1263999167485126,1000.8007369253979,SL,,
2026-09-20T16:06:02.324565+00:00,open,,DOTUSDT,Supertrend+ADX,long,,,1.11305,,1.0819897243846162,1.1596404134230758,1.2062308268461517,26.95,30.0,,,,,
2026-09-20T16:06:17.680938+00:00,close,,EIGENUSDT,ICT/SMC v2,short,,,0.22465,0.2287747207219287,,,,44.51,,-0.1835913193330456,1000.6171456060648,SL,,
2026-09-20T16:06:53.521661+00:00,close,,FTTUSDT,ICT/SMC v2,long,,,0.2125,0.2189710569196178,,,,47.0588,,0.3045201733689114,1000.921665779434,TP1,,
2026-09-20T16:06:54.232515+00:00,close,,FTTUSDT,ICT/SMC v2,long,,,0.2125,0.2254421138392356,,,,47.0588,,0.6090403467378243,1001.5307061261719,TP2,,
2026-09-20T16:06:59.504588+00:00,close,,GALAUSDT,ICT/SMC v2,short,,,0.001854,0.0018794646023059,,,,5393.7,,-0.1373484254575026,1001.3933577007143,SL,,
2026-09-20T16:07:24.559111+00:00,close,,ICPUSDT,ICT/SMC v2,short,,,2.784,2.8200888800041817,,,,3.59,,-0.1295590792150129,1001.2637986214993,SL,,
2026-09-20T16:07:29.161711+00:00,open,,ICPUSDT,Supertrend+ADX,long,,,2.829,,2.758996029589874,2.9340059556151887,3.039011911230378,10.6,30.0,,,,,
2026-09-20T16:07:37.454501+00:00,open,,IMXUSDT,Supertrend+ADX,long,,,0.13715,,0.133906024989752,0.142015962515372,0.1468819250307439,218.7386,30.0,,,,,
2026-09-20T16:08:04.796254+00:00,close,,JUPUSDT,ICT/SMC v2,short,,,0.2667,0.2707137636623883,,,,37.4,,-0.1501147609733229,1001.1136838605261,SL,,
2026-09-20T16:08:05.177673+00:00,close,,JUPUSDT,ICT/SMC v2,short,,,0.2667,0.2707137636623883,,,,37.5,,-0.1505161373395618,1000.9631677231865,SL,,
2026-09-20T16:08:13.433683+00:00,open,,KNCUSDT,Supertrend+ADX,long,,,0.14305,,0.1411880205306301,0.1458429692040548,0.1486359384081097,209.7168,30.0,,,,,
2026-09-20T16:08:15.359867+00:00,close,,KSMUSDT,ICT/SMC v2,short,,,4.324999999999999,4.37059824047953,,,,2.312138,,-0.1054294245458607,1000.8577382986405,SL,,
2026-09-20T16:08:15.706084+00:00,close,,KSMUSDT,ICT/SMC v2,short,,,4.324999999999999,4.37059824047953,,,,2.312139,,-0.1054294701441012,1000.7523088284964,SL,,
2026-09-20T16:08:30.459294+00:00,close,,LPTUSDT,ICT/SMC v2,short,,,1.5474,1.5658730520060706,,,,6.4624,,-0.1193802512840301,1000.6329285772125,SL,,
2026-09-20T16:08:39.012664+00:00,open,,LUNAUSDT,Supertrend+ADX,long,,,0.0538499999999999,,0.0522489856887467,0.0562515214668798,0.0586530429337597,557.1,30.0,,,,,
2026-09-20T16:08:42.136563+00:00,open,,LUNCUSDT,Supertrend+ADX,long,,,5.382e-05,,5.247698899190295e-05,5.583451651214556e-05,5.784903302429113e-05,557413.6,30.0,,,,,
2026-09-20T16:09:09.653636+00:00,close,,METISUSDT,ICT/SMC v2,short,,,3.115,3.1574093388535265,,,,3.21,,-0.1361339777198193,1000.4967945994925,SL,,
2026-09-20T16:09:21.554723+00:00,close,,MOVRUSDT,ICT/SMC v2,short,,,0.8125,0.8125,,,,12.307,,-0.0,1000.4967945994924,SL,,
2026-09-20T16:09:26.549861+00:00,close,,NEARUSDT,ICT/SMC v2,long,,,3.72315,3.8803222903794095,,,,2.6,,0.4086479549864635,1000.9054425544789,TP1,,
2026-09-20T16:09:32.158350+00:00,close,,NEWTUSDT,ICT/SMC v2,short,,,0.043505,0.0438547888000822,,,,229.858,,-0.0804017540092987,1000.8250408004697,SL,,
2026-09-20T16:09:38.146728+00:00,close,,NMRUSDT,ICT/SMC v2,short,,,9.0415,9.081006481495626,,,,1.106,,-0.0436941685341631,1000.7813466319357,SL,,
2026-09-20T16:09:49.607140+00:00,close,,ONDOUSDT,ICT/SMC v2,short,,,0.41145,0.4185557166619197,,,,24.3,,-0.1726689148846507,1000.6086777170509,SL,,
2026-09-20T16:10:12.628765+00:00,close,,POLUSDT,ICT/SMC v2,short,,,0.1036,0.1049255461501109,,,,96.525,,-0.1279483421394633,1000.4807293749113,SL,,
2026-09-20T16:10:55.365315+00:00,close,,RSRUSDT,ICT/SMC v2,short,,,0.001549,0.0015737821080133,,,,6455.77,,-0.159987589449075,1000.3207417854622,SL,,
2026-09-20T16:11:15.440288+00:00,close,,SEIUSDT,ICT/SMC v2,short,,,0.0477,0.0482631630851016,,,,209.6,,-0.1180389826373065,1000.2027028028249,SL,,
2026-09-20T16:11:27.256751+00:00,close,,SOLUSDT,ICT/SMC v2,short,,,108.0675,108.85963565263133,,,,0.092,,-0.0728764800420823,1000.1298263227828,SL,,
2026-09-20T16:11:27.626413+00:00,close,,SOLUSDT,ICT/SMC v2,short,,,108.0675,108.85963565263133,,,,0.093,,-0.0736686156947137,1000.0561577070881,SL,,
2026-09-20T16:12:12.741754+00:00,close,,TRBUSDT,ICT/SMC v2,short,,,17.502000000000002,17.709432139049667,,,,0.5713,,-0.1185059810390735,999.937651726049,SL,,
2026-09-20T16:12:13.161789+00:00,close,,TRBUSDT,ICT/SMC v2,short,,,17.502000000000002,17.709432139049667,,,,0.5714,,-0.1185267242529785,999.819125001796,SL,,
2026-09-20T16:12:22.810141+00:00,close,,TURBOUSDT,ICT/SMC v2,short,,,0.0009492,0.0009602234420663,,,,10535.1,,-0.1161330645134126,999.7029919372827,SL,,
2026-09-20T16:12:36.486663+00:00,open,,VETUSDT,Supertrend+ADX,long,,,0.0083395999999999,,0.0080523598076778,0.0087704602884831,0.0092013205769663,3597.2,30.0,,,,,
2026-09-20T16:12:44.638453+00:00,open,,WLDUSDT,Supertrend+ADX,long,,,0.43435,,0.4188817372583204,0.4575523941125193,0.4807547882250386,69.0,30.0,,,,,
2026-09-20T16:12:54.284943+00:00,close,,YGGUSDT,ICT/SMC v2,short,,,0.02455,0.0248736673686129,,,,407.3319,,-0.1318400442251241,999.5711518930575,SL,,
2026-09-20T16:12:54.642941+00:00,close,,YGGUSDT,ICT/SMC v2,short,,,0.02455,0.0248736673686129,,,,407.332,,-0.131840076591861,999.4393118164656,SL,,
2026-09-20T16:18:45.502811+00:00,close,,AEROUSDT,ICT/SMC v2,short,,,0.65435,0.662303901443548,,,,15.28,,-0.1215356140574137,999.3177762024083,SL,,
2026-09-20T16:19:23.010780+00:00,open,,API3USDT,Supertrend+ADX,long,,,0.2486,,0.241586857656094,0.2591197135158588,0.2696394270317176,120.6757,30.0,,,,,
2026-09-20T16:19:25.816705+00:00,close,,APTUSDT,ICT/SMC v2,short,,,0.7148,0.7281520869020571,,,,13.9899,,-0.1867943605510891,999.1309818418571,SL,,
2026-09-20T16:19:31.748532+00:00,close,,ARUSDT,ICT/SMC v2,short,,,4.2785,4.421974818190539,,,,2.33,,-0.3342963263839553,998.7966855154733,SL,,
2026-09-20T16:19:32.303570+00:00,close,,ARUSDT,ICT/SMC v2,short,,,4.2785,4.421974818190539,,,,2.34,,-0.3357310745658606,998.4609544409074,SL,,
2026-09-20T16:19:42.004775+00:00,close,,ARKMUSDT,ICT/SMC v2,short,,,0.10865,0.1102142339426791,,,,92.0,,-0.1439095227264771,998.317044918181,SL,,
2026-09-20T16:19:49.583428+00:00,close,,ASTERUSDT,ICT/SMC v2,short,,,0.72795,0.735831884097445,,,,13.7372,,-0.1082750182234222,998.2087698999575,SL,,
2026-09-20T16:20:07.227167+00:00,close,,AXSUSDT,ICT/SMC v2,short,,,0.988,0.997105849665164,,,,10.12,,-0.0921511986114611,998.116618701346,SL,,
2026-09-20T16:20:11.338784+00:00,open,,AXSUSDT,Supertrend+ADX,long,,,1.00395,,0.9808660072493128,1.0385759891260309,1.0732019782520617,29.88,30.0,,,,,
2026-09-20T16:20:41.868243+00:00,open,,BIGTIMEUSDT,Supertrend+ADX,long,,,0.0079949999999999,,0.0078178985211452,0.0082606522182821,0.0085263044365643,3752.34,30.0,,,,,
2026-09-20T16:20:59.948995+00:00,close,,BONKUSDT,ICT/SMC v2,short,,,2.924e-06,2.9702024055946054e-06,,,,3419972.6,,-0.1580109611876375,997.9586077401585,SL,,
2026-09-20T16:21:15.254582+00:00,close,,CELOUSDT,ICT/SMC v2,short,,,0.0869,0.0882294063733739,,,,115.07,,-0.1529747913841338,997.8056329487744,SL,,
2026-09-20T16:21:50.120732+00:00,close,,DIAUSDT,ICT/SMC v2,short,,,0.12985,0.1309419184502663,,,,77.0,,-0.0840777206705067,997.7215552281037,SL,,
2026-09-20T16:21:57.885891+00:00,open,,DOGEUSDT,Supertrend+ADX,long,,,0.086375,,0.0846334454089449,0.0889873318865825,0.0915996637731652,347.3,30.0,,,,,
2026-09-20T16:22:15.019302+00:00,close,,EDUUSDT,ICT/SMC v2,short,,,0.0481,0.0484462457699716,,,,207.9,,-0.0719844955770975,997.6495707325266,SL,,
2026-09-20T16:22:25.705770+00:00,close,,ENAUSDT,ICT/SMC v2,short,,,0.1987,0.2055793635538316,,,,50.32,,-0.3461695740288099,997.3034011584976,SL,,
2026-09-20T16:22:26.251972+00:00,close,,ENAUSDT,ICT/SMC v2,short,,,0.1987,0.2055793635538316,,,,50.33,,-0.3462383676643482,996.9571627908334,SL,,
2026-09-20T16:22:49.140565+00:00,close,,FIDAUSDT,ICT/SMC v2,short,,,0.02031,0.0205188512433164,,,,492.368,,-0.1028316689692303,996.8543311218642,SL,,
2026-09-20T16:22:55.681091+00:00,open,,FILUSDT,ICT/SMC v2,short,,,0.93965,,0.955970707150892,0.915168939273662,0.8906878785473239,21.28,20.0,,,,,
2026-09-20T16:23:10.663930+00:00,open,,GALAUSDT,Supertrend+ADX,long,,,0.001909,,0.0018549792180941,0.0019900311728587,0.0020710623457175,15715.0,30.0,,,,,
2026-09-20T16:23:40.192949+00:00,close,,IDUSDT,ICT/SMC v2,short,,,0.03405,0.0344203524270444,,,,293.68,,-0.1087651007744189,996.7455660210898,SL,,
2026-09-20T16:23:40.749885+00:00,close,,IDUSDT,ICT/SMC v2,short,,,0.03405,0.0344203524270444,,,,293.69,,-0.1087688042986894,996.6367972167911,SL,,
2026-09-20T16:23:57.026315+00:00,open,,INJUSDT,Supertrend+ADX,long,,,8.164000000000001,,7.683715700681912,8.884426448977138,9.604852897954272,3.6746,30.0,,,,,
2026-09-20T16:24:00.155477+00:00,close,,IOUSDT,ICT/SMC v2,short,,,0.13715,0.1391917946946615,,,,72.91,,-0.1488672511877705,996.4879299656034,SL,,
2026-09-20T16:24:36.782749+00:00,open,,LDOUSDT,Supertrend+ADX,long,,,0.40945,,0.3962410076678974,0.4292634884981538,0.4490769769963076,73.269,30.0,,,,,
2026-09-20T16:24:56.121054+00:00,close,,LUNAUSDT,Supertrend+ADX,long,,,0.0538499999999999,0.0562515214668798,,,,278.55,,0.6689438045993941,997.1568737702028,TP1,,
2026-09-20T16:24:57.129129+00:00,close,,LUNAUSDT,Supertrend+ADX,long,,,0.0538499999999999,0.0586530429337597,,,,278.55,,1.33788760919879,998.4947613794016,TP2,,
2026-09-20T16:25:00.704829+00:00,close,,LUNCUSDT,Supertrend+ADX,long,,,5.382e-05,5.583451651214556e-05,,,,278706.8,,0.5614594506472518,999.0562208300487,TP1,,
2026-09-20T16:25:01.725198+00:00,close,,LUNCUSDT,Supertrend+ADX,long,,,5.382e-05,5.382e-05,,,,278706.8,,0.0,999.0562208300487,SL,,
2026-09-20T16:25:13.212364+00:00,close,,MANTAUSDT,Supertrend+ADX,long,,,0.0660449999999999,0.0704473262272998,,,,227.1,,0.999768286219804,1000.0559891162687,TP1,,
2026-09-20T16:25:21.202249+00:00,close,,MEMEUSDT,ICT/SMC v2,short,,,0.000553,0.0005597160569484,,,,18083.1,,-0.1214471294037791,999.9345419868647,SL,,
2026-09-20T16:25:21.698657+00:00,close,,MEMEUSDT,ICT/SMC v2,short,,,0.000553,0.0005597160569484,,,,18083.2,,-0.1214478010094739,999.8130941858553,SL,,
2026-09-20T16:25:36.316497+00:00,close,,NEARUSDT,ICT/SMC v2,long,,,3.72315,4.0374945807588185,,,,2.6,,0.8172959099729271,1000.6303900958284,TP2,,
2026-09-20T16:25:41.257347+00:00,close,,NEOUSDT,ICT/SMC v2,short,,,2.348,2.374750402321912,,,,4.258,,-0.1139032130867015,1000.5164868827416,SL,,
2026-09-20T16:25:57.635636+00:00,open,,ONDOUSDT,Supertrend+ADX,long,,,0.42378,,0.4082901707074768,0.4470147439387849,0.4702494878775697,70.79,30.0,,,,,
2026-09-20T16:26:00.828668+00:00,open,,OPUSDT,Supertrend+ADX,long,,,0.1247,,0.1195267973863039,0.132459803920544,0.1402196078410881,240.57,30.0,,,,,
2026-09-20T16:26:07.423696+00:00,close,,PENDLEUSDT,ICT/SMC v2,short,,,2.5378,2.5778549582474954,,,,3.9,,-0.1562143371652328,1000.3602725455762,SL,,
2026-09-20T16:26:20.063745+00:00,close,,PIXELUSDT,ICT/SMC v2,short,,,0.005015,0.0050655644255244,,,,1994.0,,-0.1008254644958108,1000.2594470810807,SL,,
2026-09-20T16:26:26.459659+00:00,close,,POLYXUSDT,ICT/SMC v2,short,,,0.0401,0.0404192726480746,,,,249.3,,-0.079594671165002,1000.1798524099156,SL,,
2026-09-20T16:26:46.106257+00:00,close,,RAYUSDT,ICT/SMC v2,short,,,1.63075,1.63075,,,,6.1,,-0.0,1000.1798524099157,SL,,
2026-09-20T16:26:56.529779+00:00,close,,RENDERUSDT,Supertrend+ADX,long,,,1.5535,1.6112866242416024,,,,9.65,,0.5576409239314623,1000.737493333847,TP1,,
2026-09-20T16:27:28.909234+00:00,close,,SATSUSDT,ICT/SMC v2,short,,,1.085e-08,1.0976034006733149e-08,,,,921658986.1,,-0.1161603748597932,1000.6213329589875,SL,,
2026-09-20T16:28:07.102248+00:00,open,,SUSHIUSDT,Supertrend+ADX,long,,,0.2464,,0.2402726438550226,0.2555910342174661,0.2647820684349322,121.753,30.0,,,,,
2026-09-20T16:28:18.380669+00:00,open,,TAOUSDT,Supertrend+ADX,long,,,259.695,,250.67571613329528,273.22392580005703,286.7528516001141,0.1155,30.0,,,,,
2026-09-20T16:28:42.623556+00:00,close,,VETUSDT,ICT/SMC v2,short,,,0.0082312499999999,0.0083620364999392,,,,1214.8,,-0.15887944012625,1000.4624535188613,SL,,
2026-09-20T16:29:03.216563+00:00,open,,XRPUSDT,Supertrend+ADX,long,,,1.40226,,1.3758944612826256,1.441808308076062,1.4813566161521237,21.3,30.0,,,,,
2026-09-20T16:34:04.497664+00:00,open,,ALGOUSDT,ICT/SMC v2,long,,,0.11185,,0.1079677062072916,0.1176734406890624,0.1234968813781249,178.8,20.0,,,,,
2026-09-20T16:34:07.255077+00:00,close,,ALICEUSDT,ICT/SMC v2,short,,,0.1346,0.1360350540147881,,,,74.29,,-0.1066101627586104,1000.3558433561026,SL,,
2026-09-20T16:34:28.841255+00:00,open,,ARUSDT,Supertrend+ADX,long,,,4.568,,4.1677964046634415,5.168305393004838,5.768610786009675,6.56,30.0,,,,,
2026-09-20T16:34:40.686752+00:00,close,,ARPAUSDT,ICT/SMC v2,short,,,0.0100605,0.0101548079124742,,,,993.98,,-0.0937401788411264,1000.2621031772615,SL,,
2026-09-20T16:34:41.266377+00:00,close,,ARPAUSDT,ICT/SMC v2,short,,,0.0100605,0.0101548079124742,,,,993.99,,-0.0937411219202511,1000.1683620553413,SL,,
2026-09-20T16:35:49.728644+00:00,close,,BOMEUSDT,ICT/SMC v2,short,,,0.0008958,0.0009072273794738,,,,11163.2,,-0.1275661225424916,1000.0407959327987,SL,,
2026-09-20T16:36:39.533023+00:00,close,,DYDXUSDT,ICT/SMC v2,short,,,0.12655,0.1285628870027794,,,,79.02,,-0.1590583309596309,999.881737601839,SL,,
2026-09-20T16:36:43.234383+00:00,open,,DYDXUSDT,Supertrend+ADX,long,,,0.12955,,0.126342218818386,0.1343616717724209,0.1391733435448418,231.57,30.0,,,,,
2026-09-20T16:36:52.558894+00:00,open,,DYMUSDT,ICT/SMC v2,long,,,0.01695,,0.016489753021722,0.0176403704674168,0.0183307409348337,1179.9,20.0,,,,,
2026-09-20T16:37:00.541252+00:00,open,,EIGENUSDT,Supertrend+ADX,long,,,0.2343,,0.2248477406368583,0.2484783890447126,0.2626567780894251,128.04,30.0,,,,,
2026-09-20T16:37:10.144931+00:00,open,,ERAUSDT,Supertrend+ADX,long,,,0.06225,,0.0613093053032548,0.0636610420451177,0.0650720840902354,481.9277,30.0,,,,,
2026-09-20T16:37:27.418772+00:00,open,,FIDAUSDT,Supertrend+ADX,long,,,0.020735,,0.020372536850721,0.0212786947239184,0.0218223894478369,1446.829,30.0,,,,,
2026-09-20T16:37:56.373627+00:00,close,,GTCUSDT,ICT/SMC v2,short,,,0.0826,0.0833690463335028,,,,121.0653,,-0.093104825079422,999.7886327767598,SL,,
2026-09-20T16:37:56.874960+00:00,close,,GTCUSDT,ICT/SMC v2,short,,,0.0826,0.0833690463335028,,,,121.0654,,-0.0931049019840554,999.6955278747756,SL,,
2026-09-20T16:38:10.008892+00:00,close,,ICPUSDT,Supertrend+ADX,long,,,2.829,2.9340059556151887,,,,5.3,,0.5565315647605017,1000.2520594395362,TP1,,
2026-09-20T16:38:45.036707+00:00,open,,JOEUSDT,ICT/SMC v2,long,,,0.035,,0.0335711237550858,0.0371433143673712,0.0392866287347424,571.42857,20.0,,,,,
2026-09-20T16:38:57.682828+00:00,close,,KNCUSDT,ICT/SMC v2,short,,,0.14225,0.1436650480734782,,,,70.2987,,-0.0994760400030276,1000.152583399533,SL,,
2026-09-20T16:38:58.156964+00:00,close,,KNCUSDT,ICT/SMC v2,short,,,0.14225,0.1436650480734782,,,,70.2988,,-0.099476181507835,1000.0531072180252,SL,,
2026-09-20T16:39:11.466138+00:00,close,,LINKUSDT,Supertrend+ADX,long,,,12.15765,12.499422198624483,,,,1.23,,0.420379804308116,1000.4734870223334,TP1,,
2026-09-20T16:39:17.059218+00:00,open,,LPTUSDT,Supertrend+ADX,long,,,1.59055,,1.5550000155583208,1.6438749766625187,1.6971999533250377,18.8614,30.0,,,,,
2026-09-20T16:39:39.749251+00:00,open,,METISUSDT,Supertrend+ADX,long,,,3.21,,3.133339937257691,3.324990094113464,3.439980188226927,9.345,30.0,,,,,
2026-09-20T16:39:52.764131+00:00,open,,NEOUSDT,Supertrend+ADX,long,,,2.4072,,2.344569811197679,2.5011452832034813,2.595090566406962,12.462,30.0,,,,,
2026-09-20T16:40:02.879262+00:00,open,,NOTUSDT,ICT/SMC v2,long,,,0.000484,,0.0004753073046696,0.0004970390429954,0.0005100780859909,41322.3,20.0,,,,,
2026-09-20T16:40:19.409457+00:00,open,,OPUSDT,ICT/SMC v2,short,,,0.1266,,0.1292900787472974,0.1225648818790537,0.1185297637581075,157.97,20.0,,,,,
2026-09-20T16:40:40.469089+00:00,open,,PORTALUSDT,Supertrend+ADX,long,,,0.018945,,0.0184418583349662,0.0196997124975506,0.0204544249951013,1583.5,30.0,,,,,
2026-09-20T16:40:52.029231+00:00,close,,RAREUSDT,ICT/SMC v2,short,,,0.01245,0.0125809456089916,,,,803.2,,-0.1051755131420772,1000.3683115091914,SL,,
2026-09-20T16:41:04.345515+00:00,close,,RENDERUSDT,Supertrend+ADX,long,,,1.5535,1.6690732484832047,,,,9.65,,1.1152818478629245,1001.4835933570542,TP2,,
2026-09-20T16:41:12.260367+00:00,close,,ROSEUSDT,ICT/SMC v2,short,,,0.00732,0.0074359040077009,,,,1366.1,,-0.1583364649203023,1001.3252568921339,SL,,
2026-09-20T16:41:15.655923+00:00,open,,ROSEUSDT,Supertrend+ADX,long,,,0.00748,,0.0072843165861719,0.007773525120742,0.008067050241484,4010.6,30.0,,,,,
2026-09-20T16:41:19.430001+00:00,close,,RPLUSDT,ICT/SMC v2,short,,,1.7915,1.809709081855076,,,,5.5819,,-0.101641274006846,1001.223615618127,SL,,
2026-09-20T16:41:37.002269+00:00,close,,SANDUSDT,ICT/SMC v2,short,,,0.039845,0.0403282656714029,,,,250.9,,-0.1212513569550107,1001.1023642611718,SL,,
2026-09-20T16:41:45.479437+00:00,open,,SHIBUSDT,Supertrend+ADX,long,,,5.52e-06,,5.394207694689488e-06,5.708688457965768e-06,5.897376915931536e-06,5434782.6,30.0,,,,,
2026-09-20T16:41:53.232814+00:00,open,,SOLUSDT,Supertrend+ADX,long,,,110.5365,,108.85135615311218,113.06421577033174,115.59193154066344,0.271,30.0,,,,,
2026-09-20T16:42:08.587721+00:00,close,,SUIUSDT,Supertrend+ADX,long,,,0.84155,0.893661173833714,,,,17.8242,,0.9288399846468852,1002.0312042458188,TP1,,
2026-09-20T16:42:18.893646+00:00,open,,SUPERUSDT,ICT/SMC v2,short,,,0.1367999999999999,,0.1384224891135563,0.1343662663296655,0.131932532659331,146.1,20.0,,,,,
2026-09-20T16:42:33.325108+00:00,close,,THETAUSDT,ICT/SMC v2,long,,,0.2119,0.2161947239432673,,,,47.1,,0.2022814977278897,1002.2334857435467,TP1,,
2026-09-20T16:42:37.499627+00:00,open,,THETAUSDT,Supertrend+ADX,long,,,0.21675,,0.2114038295606361,0.2247692556590457,0.2327885113180915,138.4,30.0,,,,,
2026-09-20T16:43:08.784068+00:00,close,,WOOUSDT,ICT/SMC v2,long,,,0.011325,0.0114102837429657,,,,883.002,,0.0753057156062186,1002.3087914591529,TP1,,
2026-09-20T16:43:09.778580+00:00,close,,WOOUSDT,ICT/SMC v2,long,,,0.011325,0.0114955674859314,,,,883.002,,0.1506114312124372,1002.4594028903653,TP2,,
2026-09-20T16:43:23.545350+00:00,close,,ZKUSDT,ICT/SMC v2,short,,,0.01117,0.0114273507214405,,,,895.2,,-0.2303803658336095,1002.2290225245316,SL,,
2026-09-20T16:43:24.031984+00:00,close,,ZKUSDT,ICT/SMC v2,short,,,0.01117,0.0114273507214405,,,,895.3,,-0.2304061009057535,1001.998616423626,SL,,
2026-09-20T16:49:02.747715+00:00,open,,ALICEUSDT,Supertrend+ADX,long,,,0.1372499999999999,,0.1340040421237804,0.1421189368143293,0.1469878736286586,218.57,30.0,,,,,
2026-09-20T16:49:24.858755+00:00,open,,ARBUSDT,ICT/SMC v2,short,,,0.2123499999999999,,0.2189431215329754,0.2024603177005368,0.1925706354010737,94.1841,20.0,,,,,
2026-09-20T16:49:50.570490+00:00,open,,BBUSDT,ICT/SMC v2,short,,,0.0081999999999999,,0.0083877374740465,0.0079183937889301,0.0076367875778603,2439.0,20.0,,,,,
2026-09-20T16:50:03.893012+00:00,close,,BICOUSDT,ICT/SMC v2,short,,,0.0205,0.020830162831077,,,,487.80487,,-0.1610550368923635,1001.8375613867337,SL,,
2026-09-20T16:50:13.745710+00:00,close,,BNBUSDT,ICT/SMC v2,long,,,750.78295,762.4574660970382,,,,0.013,,0.1517687092614955,1001.9893300959952,TP2,,
2026-09-20T16:50:23.450360+00:00,open,,BONKUSDT,Supertrend+ADX,long,,,3.0341500000000004e-06,,2.9096063805143475e-06,3.2209654292284804e-06,3.4077808584569595e-06,9887447.8,30.0,,,,,
2026-09-20T16:50:56.580984+00:00,open,,CYBERUSDT,Supertrend+ADX,long,,,0.3185,,0.3087476248724258,0.3331285626913612,0.3477571253827225,94.191,30.0,,,,,
2026-09-20T16:51:06.580074+00:00,close,,DOTUSDT,Supertrend+ADX,long,,,1.11305,1.1596404134230758,,,,13.47,,0.6275728688088325,1002.6169029648041,TP1,,
2026-09-20T16:51:23.694528+00:00,close,,EGLDUSDT,ICT/SMC v2,short,,,3.625,3.6806323515068127,,,,2.758,,-0.1534340254557893,1002.4634689393481,SL,,
2026-09-20T16:51:24.182327+00:00,close,,EGLDUSDT,ICT/SMC v2,short,,,3.625,3.6806323515068127,,,,2.759,,-0.1534896578072961,1002.3099792815409,SL,,
2026-09-20T16:51:44.704973+00:00,close,,ETHUSDT,Supertrend+ADX,long,,,2600.66,2642.0090257777074,,,,0.005767,,0.2384598316600394,1002.5484391132009,TP1,,
2026-09-20T16:51:53.768779+00:00,close,,FILUSDT,ICT/SMC v2,short,,,0.93965,0.955970707150892,,,,10.64,,-0.1736523240854915,1002.3747867891154,SL,,
2026-09-20T16:52:14.502338+00:00,open,,GRAMUSDT,Supertrend+ADX,long,,,1.392,,1.3691408154494409,1.4262887768258388,1.4605775536516776,21.55172,30.0,,,,,
2026-09-20T16:52:19.767769+00:00,open,,GTCUSDT,Supertrend+ADX,long,,,0.08375,,0.0821951692131459,0.086082246180281,0.088414492360562,358.2089,30.0,,,,,
2026-09-20T16:52:39.528595+00:00,close,,ILVUSDT,ICT/SMC v2,short,,,3.4585,3.498174332490826,,,,2.8914,,-0.1147143649639748,1002.2600724241513,SL,,
2026-09-20T16:52:42.908063+00:00,open,,ILVUSDT,Supertrend+ADX,long,,,3.507,,3.415428001410524,3.644357997884214,3.781715995768428,8.5543,30.0,,,,,
2026-09-20T16:53:51.987417+00:00,open,,MAGICUSDT,Supertrend+ADX,long,,,0.0465,,0.0455052849649928,0.0479920725525108,0.0494841451050216,645.16129,30.0,,,,,
2026-09-20T16:55:38.268200+00:00,open,,PENDLEUSDT,Supertrend+ADX,long,,,2.6403,,2.545000768355919,2.783248847466121,2.9261976949322426,11.3,30.0,,,,,
2026-09-20T16:55:48.915336+00:00,open,,POLUSDT,Supertrend+ADX,long,,,0.10655,,0.1036585573982197,0.1108871639026704,0.1152243278053408,281.5579,30.0,,,,,
2026-09-20T16:56:31.060542+00:00,open,,RSRUSDT,Supertrend+ADX,long,,,0.001658,,0.0015544090932954,0.0018133863600568,0.0019687727201136,18094.08,30.0,,,,,
2026-09-20T16:56:35.665070+00:00,open,,RVNUSDT,Supertrend+ADX,long,,,0.00252,,0.0024205854764224,0.0026691217853663,0.0028182435707326,11904.7,30.0,,,,,
2026-09-20T16:57:32.211543+00:00,open,,SUPERUSDT,Supertrend+ADX,long,,,0.1379,,0.1324967823747185,0.1460048264379222,0.1541096528758445,217.5,30.0,,,,,
2026-09-20T16:57:53.584668+00:00,open,,TIAUSDT,Supertrend+ADX,long,,,0.42215,,0.4091181513737995,0.4416977729393008,0.4612455458786015,71.0647,30.0,,,,,
2026-09-20T16:58:16.523226+00:00,open,,WUSDT,Supertrend+ADX,long,,,0.0110999999999999,,0.0107508839901828,0.0116236740147257,0.0121473480294515,2702.7,30.0,,,,,
2026-09-20T16:58:37.106430+00:00,open,,ZKUSDT,Supertrend+ADX,long,,,0.01156,,0.0111020757458702,0.0122468863811946,0.0129337727623892,2595.1,30.0,,,,,
2026-09-20T17:03:36.149445+00:00,close,,ADAUSDT,Supertrend+ADX,long,,,0.2241545,0.2324885881645646,,,,66.9,,0.5575504982093737,1002.8176229223607,TP1,,
2026-09-20T17:04:39.030650+00:00,close,,ATOMUSDT,Supertrend+ADX,long,,,1.71755,1.774603446574624,,,,8.733,,0.498247748936193,1003.3158706712967,TP1,,
2026-09-20T17:08:24.372041+00:00,open,,INJUSDT,ICT/SMC v2,long,,,7.818,,7.580981464624209,8.173527803063687,8.52905560612737,2.5581,20.0,,,,,
2026-09-20T17:08:53.807723+00:00,open,,JTOUSDT,Supertrend+ADX,long,,,0.504,,0.4755775951783512,0.5466336072324731,0.5892672144649461,59.5,30.0,,,,,
2026-09-20T17:09:01.066283+00:00,close,,KNCUSDT,Supertrend+ADX,long,,,0.14305,0.1458429692040548,,,,104.8584,,0.2928662819864635,1003.6087369532833,TP1,,
2026-09-20T17:10:03.630661+00:00,close,,MINAUSDT,ICT/SMC v2,short,,,0.1078099999999999,0.1101108335554899,,,,92.7,,-0.213287270593922,1003.3954496826893,SL,,
2026-09-20T17:10:03.989931+00:00,close,,MINAUSDT,ICT/SMC v2,short,,,0.1078099999999999,0.1101108335554899,,,,92.8,,-0.213517353949471,1003.1819323287399,SL,,
2026-09-20T17:10:42.159552+00:00,close,,OPUSDT,ICT/SMC v2,short,,,0.1266,0.1292900787472974,,,,78.98,,-0.2124624194615532,1002.9694699092784,SL,,
2026-09-20T17:10:42.501986+00:00,close,,OPUSDT,ICT/SMC v2,short,,,0.1266,0.1292900787472974,,,,78.99,,-0.2124893202490262,1002.7569805890294,SL,,
2026-09-20T17:18:41.023490+00:00,open,,AAVEUSDT,ICT/SMC v2,long,,,136.5715,,134.86754627111117,139.1274305933333,141.6833611866666,0.146,20.0,,,,,
2026-09-20T17:20:09.849646+00:00,open,,BLURUSDT,ICT/SMC v2,long,,,0.01865,,0.0184774359048125,0.0189088461427811,0.0191676922855622,1072.386,20.0,,,,,
2026-09-20T17:20:47.591043+00:00,open,,COMPUSDT,ICT/SMC v2,long,,,21.33,,21.081825417731537,21.702261873402687,22.074523746805383,0.93764,20.0,,,,,
2026-09-20T17:25:59.247684+00:00,open,,RENDERUSDT,ICT/SMC v2,long,,,1.6635,,1.6110793740072835,1.7421309389890742,1.820761877978148,12.02,20.0,,,,,
2026-09-20T17:34:39.373503+00:00,open,,BANANAUSDT,ICT/SMC v2,long,,,3.99,,3.954404874809221,4.043392687786169,4.096785375572337,5.0125,20.0,,,,,
2026-09-20T17:36:03.481564+00:00,open,,DOTUSDT,ICT/SMC v2,long,,,1.1586,,1.1347769548570126,1.1943345677144812,1.2300691354289626,17.26,20.0,,,,,
2026-09-20T17:37:15.860545+00:00,open,,HBARUSDT,ICT/SMC v2,long,,,0.086115,,0.0830434450948346,0.090722332357748,0.095329664715496,232.2,20.0,,,,,
2026-09-20T17:37:56.199052+00:00,open,,JASMYUSDT,ICT/SMC v2,long,,,0.0040964999999999,,0.0040406334787099,0.004180299781935,0.00426409956387,4882.2,20.0,,,,,
2026-09-20T17:38:14.214661+00:00,open,,JUPUSDT,ICT/SMC v2,long,,,0.2777,,0.2730114546580995,0.2847328180128506,0.2917656360257012,72.0,20.0,,,,,
2026-09-20T17:39:37.157521+00:00,open,,NEWTUSDT,ICT/SMC v2,long,,,0.044725,,0.0443580367254013,0.0452754449118979,0.0458258898237958,447.177,20.0,,,,,
2026-09-20T17:39:57.253717+00:00,open,,ONDOUSDT,ICT/SMC v2,long,,,0.42455,,0.4156177882610544,0.4379483176084183,0.4513466352168366,47.1,20.0,,,,,
2026-09-20T17:40:05.727003+00:00,open,,ORDIUSDT,ICT/SMC v2,long,,,4.59155,,4.519010742113057,4.700358886830414,4.809167773660828,4.355,20.0,,,,,
2026-09-20T17:42:07.621061+00:00,close,,SUPERUSDT,ICT/SMC v2,short,,,0.1367999999999999,0.1384224891135563,,,,73.0,,-0.1184417052896125,1002.6385388837399,SL,,
2026-09-20T17:42:07.997401+00:00,close,,SUPERUSDT,ICT/SMC v2,short,,,0.1367999999999999,0.1384224891135563,,,,73.1,,-0.1186039542009681,1002.5199349295389,SL,,
2026-09-20T17:42:40.860722+00:00,open,,TIAUSDT,ICT/SMC v2,long,,,0.42555,,0.4186737693066692,0.4358643460399961,0.4461786920799922,46.998,20.0,,,,,
2026-09-20T17:49:14.537679+00:00,close,,ARUSDT,Supertrend+ADX,long,,,4.568,5.168305393004838,,,,3.28,,1.9690016890558688,1004.4889366185947,TP1,,
2026-09-20T17:49:30.478140+00:00,open,,ASTERUSDT,ICT/SMC v2,long,,,0.73785,,0.728139689096232,0.7524154663556522,0.7669809327113042,27.1057,20.0,,,,,
2026-09-20T17:50:48.314927+00:00,close,,COMPUSDT,Supertrend+ADX,long,,,20.945,21.507137410689698,,,,0.71616,,0.4025803280395336,1004.8915169466343,TP1,,
2026-09-20T17:54:56.365572+00:00,close,,OPUSDT,Supertrend+ADX,long,,,0.1247,0.132459803920544,,,,120.28,,0.9333492155630404,1005.8248661621973,TP1,,
2026-09-20T17:55:08.468566+00:00,open,,PAXGUSDT,ICT/SMC v2,long,,,4362.245,,4358.9837126697175,4367.136930995424,4372.028861990848,0.004584,20.0,,,,,
2026-09-20T18:04:59.125384+00:00,close,,BICOUSDT,Supertrend+ADX,long,,,0.0205,0.0218159768243354,,,,731.70731,,0.9629098621568428,1006.7877760243541,TP1,,
2026-09-20T18:05:46.177644+00:00,close,,COMPUSDT,ICT/SMC v2,long,,,21.33,21.702261873402687,,,,0.46882,,0.1745238114886485,1006.9622998358427,TP1,,
2026-09-20T18:08:51.274490+00:00,open,,LUNCUSDT,ICT/SMC v2,long,,,5.455e-05,,5.292056916620396e-05,5.699414625069405e-05,5.943829250138809e-05,366636.1,20.0,,,,,
2026-09-20T18:11:02.650139+00:00,close,,SUSDT,ICT/SMC v2,long,,,0.0354499999999999,0.0377130289849073,,,,282.0,,0.6381741737438865,1007.6004740095867,TP1,,
2026-09-20T18:11:36.834787+00:00,close,,STRKUSDT,ICT/SMC v2,long,,,0.04605,0.0490223643138216,,,,217.15,,0.6454489107463692,1008.2459229203331,TP1,,
2026-09-20T18:13:08.996465+00:00,open,,ZROUSDT,ICT/SMC v2,long,,,1.112,,1.0924673253057398,1.1412990120413906,1.1705980240827811,17.98,20.0,,,,,
2026-09-20T18:25:13.497547+00:00,close,,MAGICUSDT,Supertrend+ADX,long,,,0.0465,0.0455052849649928,,,,322.58064,,-0.3208758126102445,1007.9250471077227,SL,,
2026-09-20T18:25:13.923638+00:00,close,,MAGICUSDT,Supertrend+ADX,long,,,0.0465,0.0455052849649928,,,,322.58065,,-0.3208758225573949,1007.6041712851655,SL,,
2026-09-20T18:28:36.328169+00:00,open,,TAOUSDT,ICT/SMC v2,long,,,263.035,,257.8687064693777,270.7844402959335,278.53388059186705,0.076,20.0,,,,,
2026-09-20T18:29:20.905654+00:00,close,,WUSDT,Supertrend+ADX,long,,,0.0110999999999999,0.0116236740147257,,,,1351.3,,0.7076406960989483,1008.3118119812643,TP1,,
2026-09-20T18:29:46.920274+00:00,open,,XLMUSDT,ICT/SMC v2,long,,,0.19595,,0.1930158310877927,0.2003512533683109,0.2047525067366218,102.0,20.0,,,,,
2026-09-20T18:56:01.415153+00:00,close,,PAXGUSDT,ICT/SMC v2,long,,,4362.245,4358.9837126697175,,,,0.002292,,-0.0074748705610071,1008.3043371107033,SL,,
2026-09-20T18:57:55.568469+00:00,close,,SUNUSDT,ICT/SMC v2,long,,,0.017265,0.0171662039971283,,,,579.2,,-0.057222644863235,1008.2471144658399,SL,,
2026-09-20T18:58:31.703600+00:00,close,,TIAUSDT,ICT/SMC v2,long,,,0.42555,0.4186737693066692,,,,23.499,,-0.1615845450625796,1008.0855299207773,SL,,
2026-09-20T19:04:13.929277+00:00,open,,APTUSDT,ICT/SMC v2,long,,,0.7408,,0.7225389662770726,0.768191550584391,0.795583101168782,26.9978,20.0,,,,,
2026-09-20T19:04:17.569255+00:00,close,,ARUSDT,Supertrend+ADX,long,,,4.568,4.568,,,,3.28,,0.0,1008.0855299207772,SL,,
2026-09-20T19:08:13.102443+00:00,open,,IDUSDT,ICT/SMC v2,long,,,0.03505,,0.0346891335537882,0.0355912996693175,0.0361325993386351,570.61,20.0,,,,,
2026-09-20T19:09:08.947644+00:00,open,,LDOUSDT,ICT/SMC v2,long,,,0.41825,,0.4109663794213358,0.4291754308679963,0.4401008617359926,47.8182,20.0,,,,,
2026-09-20T19:44:14.363464+00:00,close,,ZROUSDT,ICT/SMC v2,long,,,1.112,1.1412990120413906,,,,8.99,,0.2633981182521007,1008.3489280390294,TP1,,
2026-09-20T20:00:36.700649+00:00,close,,BBUSDT,ICT/SMC v2,short,,,0.0081999999999999,0.0083877374740465,,,,1219.5,,-0.22894584959976,1008.1199821894295,SL,,
2026-09-20T20:28:25.749787+00:00,close,,SUSDT,ICT/SMC v2,long,,,0.0354499999999999,0.0399760579698147,,,,282.1,,1.2768009532847526,1009.3967831427145,TP2,,
2026-09-20T20:30:24.220875+00:00,close,,ZROUSDT,ICT/SMC v2,long,,,1.112,1.1705980240827811,,,,8.99,,0.5267962365042015,1009.9235793792185,TP2,,
2026-09-20T20:42:53.558398+00:00,close,,AMPUSDT,ICT/SMC v2,long,,,0.0004555,0.0004656364652604,,,,21953.8,,0.2225339310337737,1010.1461133102525,TP1,,
2026-09-20T20:43:01.433687+00:00,open,,APEUSDT,ICT/SMC v2,long,,,0.1379,,0.1364313225021864,0.1401030162467204,0.1423060324934408,145.03,20.0,,,,,
2026-09-20T20:43:49.341286+00:00,open,,BEAMXUSDT,ICT/SMC v2,long,,,0.0018375,,0.0018208870344303,0.0018624194483544,0.0018873388967088,10884.3,20.0,,,,,
2026-09-20T20:44:40.318482+00:00,open,,CHZUSDT,ICT/SMC v2,long,,,0.0150549999999999,,0.0149143449702233,0.0152659825446649,0.0154769650893298,1328.4,20.0,,,,,
2026-09-20T20:49:19.928843+00:00,close,,PORTALUSDT,ICT/SMC v2,short,,,0.01886,0.0191906947109777,,,,530.2,,-0.1753343357603966,1009.9707789744921,SL,,
2026-09-20T20:50:06.538361+00:00,open,,SUSDT,ICT/SMC v2,long,,,0.0399,,0.0380273344574169,0.0427089983138745,0.0455179966277491,501.2,20.0,,,,,
2026-09-20T21:04:48.591968+00:00,close,,BEAMXUSDT,ICT/SMC v2,long,,,0.0018375,0.0018208870344303,,,,5442.1,,-0.0904094199264666,1009.8803695545656,SL,,
2026-09-20T21:05:25.752610+00:00,open,,CELOUSDT,ICT/SMC v2,long,,,0.0889,,0.0877579429307146,0.090613085603928,0.092326171207856,224.97,20.0,,,,,
2026-09-20T21:09:33.837791+00:00,close,,OPUSDT,Supertrend+ADX,long,,,0.1247,0.1247,,,,120.28,,0.0,1009.8803695545657,SL,,
2026-09-20T21:13:26.881109+00:00,open,,WIFUSDT,ICT/SMC v2,short,,,0.1997999999999999,,0.2028150859240347,0.1952773711139478,0.1907547422278956,100.1,20.0,,,,,
2026-09-20T21:20:50.515805+00:00,close,,DOTUSDT,ICT/SMC v2,long,,,1.1586,1.1347769548570126,,,,8.63,,-0.2055928795839821,1009.6747766749817,SL,,
2026-09-20T21:20:55.520860+00:00,open,,DUSKUSDT,ICT/SMC v2,long,,,0.076375,,0.0749944787618212,0.078445781857268,0.0805165637145361,261.8,20.0,,,,,
2026-09-20T21:35:34.530030+00:00,close,,COMPUSDT,Supertrend+ADX,long,,,20.945,22.06927482137939,,,,0.71616,,0.8051606560790646,1010.4799373310608,TP2,,
2026-09-20T21:35:36.700166+00:00,close,,COMPUSDT,ICT/SMC v2,long,,,21.33,22.074523746805383,,,,0.46882,,0.3490476229773004,1010.8289849540381,TP2,,
2026-09-20T21:36:46.049180+00:00,open,,FTTUSDT,ICT/SMC v2,long,,,0.27975,,0.2385062544637881,0.3416156183043177,0.4034812366086355,71.4924,20.0,,,,,
2026-09-20T21:36:55.872239+00:00,close,,GRAMUSDT,Supertrend+ADX,long,,,1.392,1.3691408154494409,,,,10.77586,,-0.2463273724309893,1010.5826575816071,SL,,
2026-09-20T21:41:11.963122+00:00,close,,SUSHIUSDT,Supertrend+ADX,long,,,0.2464,0.2555910342174661,,,,60.876,,0.5595133990224689,1011.1421709806295,TP1,,
2026-09-20T21:49:34.004007+00:00,open,,AXSUSDT,ICT/SMC v2,short,,,1.00745,,1.0192427577983232,0.9897608633025152,0.9720717266050304,19.85,20.0,,,,,
2026-09-20T21:52:13.213233+00:00,close,,INJUSDT,Supertrend+ADX,long,,,8.164000000000001,7.683715700681912,,,,1.8373,,-0.882426343137126,1010.2597446374923,SL,,
2026-09-20T21:52:41.062534+00:00,close,,JUPUSDT,ICT/SMC v2,long,,,0.2777,0.2847328180128506,,,,36.0,,0.2531814484626218,1010.5129260859551,TP1,,
2026-09-20T21:53:04.915638+00:00,open,,LPTUSDT,ICT/SMC v2,short,,,1.58765,,1.607128422858727,1.5584323657119092,1.5292147314238185,12.5972,20.0,,,,,
2026-09-20T22:04:14.645013+00:00,close,,ARBUSDT,Supertrend+ADX,short,,,0.20535,0.2171963287524004,,,,73.046,,-0.8653269300478423,1009.6475991559073,SL,,
2026-09-20T22:05:28.286176+00:00,open,,CHRUSDT,ICT/SMC v2,long,,,0.0173795,,0.0171868317349924,0.0176685023975112,0.0179575047950225,1150.78,20.0,,,,,
2026-09-20T22:11:28.615196+00:00,close,,WIFUSDT,ICT/SMC v2,short,,,0.1997999999999999,0.2028150859240347,,,,50.05,,-0.15090505049794,1009.4966941054092,SL,,
2026-09-20T22:18:49.706101+00:00,open,,AGLDUSDT,ICT/SMC v2,long,,,0.1979,,0.1957708994228919,0.201093650865662,0.2042873017313242,101.0611,20.0,,,,,
2026-09-20T22:19:16.582647+00:00,close,,ARBUSDT,ICT/SMC v2,short,,,0.2123499999999999,0.2189431215329754,,,,47.092,,-0.3104832792308785,1009.1862108261784,SL,,
2026-09-20T22:19:17.003370+00:00,close,,ARBUSDT,ICT/SMC v2,short,,,0.2123499999999999,0.2189431215329754,,,,47.0921,,-0.3104839385430318,1008.8757268876354,SL,,
2026-09-20T22:24:22.786816+00:00,open,,PAXGUSDT,Supertrend+ADX,long,,,4366.735000000001,,4355.554613284334,4383.5055800735,4400.276160147,0.00687,30.0,,,,,
2026-09-20T22:35:10.772460+00:00,close,,CELOUSDT,ICT/SMC v2,long,,,0.0889,0.090613085603928,,,,112.48,,0.1926878687298254,1009.0684147563652,TP1,,
2026-09-20T22:35:28.274308+00:00,close,,CRVUSDT,Supertrend+ADX,long,,,0.3419999999999999,0.3636787877289834,,,,43.8,,0.9495309025294756,1010.0179456588949,TP1,,
2026-09-20T22:37:44.721004+00:00,close,,LDOUSDT,Supertrend+ADX,long,,,0.40945,0.4292634884981538,,,,36.6345,,0.7258572443856169,1010.7438029032804,TP1,,
2026-09-20T22:37:47.200398+00:00,close,,LDOUSDT,ICT/SMC v2,long,,,0.41825,0.4291754308679963,,,,23.9091,,0.2612172191660116,1011.0050201224464,TP1,,
2026-09-20T22:39:40.186401+00:00,close,,RENDERUSDT,ICT/SMC v2,long,,,1.6635,1.7421309389890742,,,,6.01,,0.4725719433243362,1011.4775920657706,TP1,,
2026-09-20T22:53:26.137194+00:00,close,,METISUSDT,Supertrend+ADX,long,,,3.21,3.324990094113464,,,,4.672,,0.537233719698103,1012.0148257854688,TP1,,
2026-09-20T22:53:36.917959+00:00,open,,NEARUSDT,ICT/SMC v2,long,,,4.0801,,3.896008239353501,4.356237640969748,4.632375281939496,4.9,20.0,,,,,
2026-09-20T22:54:09.594184+00:00,open,,PEPEUSDT,ICT/SMC v2,short,,,4.0005e-06,,4.071953091562682e-06,3.8933203626559775e-06,3.7861407253119536e-06,4999375.0,20.0,,,,,
2026-09-20T22:54:29.300449+00:00,open,,PYTHUSDT,ICT/SMC v2,long,,,0.06166,,0.0605753886184459,0.063286917072331,0.064913834144662,324.35,20.0,,,,,
2026-09-20T22:55:37.432471+00:00,open,,SUPERUSDT,ICT/SMC v2,long,,,0.1409,,0.1387303636447192,0.1441544545329211,0.1474089090658422,141.9,20.0,,,,,
2026-09-20T23:09:10.493325+00:00,close,,METISUSDT,Supertrend+ADX,long,,,3.21,3.439980188226927,,,,4.673,,1.074697419584431,1013.0895232050532,TP2,,
2026-09-20T23:33:46.502269+00:00,close,,ALGOUSDT,ICT/SMC v2,long,,,0.11185,0.1079677062072916,,,,89.4,,-0.3470770650681254,1012.7424461399852,SL,,
2026-09-20T23:37:35.134323+00:00,close,,JUPUSDT,ICT/SMC v2,long,,,0.2777,0.2917656360257012,,,,36.0,,0.5063628969252436,1013.2488090369103,TP2,,
2026-09-20T23:40:28.859409+00:00,open,,SUNUSDT,ICT/SMC v2,short,,,0.01716,,0.0171986446420786,0.017102033036882,0.017044066073764,1165.5,20.0,,,,,
2026-09-20T23:41:17.471555+00:00,open,,WIFUSDT,ICT/SMC v2,long,,,0.20295,,0.199917459531124,0.207498810703314,0.212047621406628,98.54,20.0,,,,,
2026-09-20T23:50:36.433861+00:00,close,,CHRUSDT,ICT/SMC v2,long,,,0.0173795,0.0171868317349924,,,,575.39,,-0.1108593930026746,1013.1379496439077,SL,,
2026-09-20T23:53:59.510608+00:00,open,,MTLUSDT,ICT/SMC v2,long,,,0.3064,,0.3039264687460783,0.3101102968808826,0.3138205937617651,65.2741,20.0,,,,,
2026-09-21T00:04:21.694975+00:00,close,,AVAXUSDT,Supertrend+ADX,long,,,10.1365,11.487745682900709,,,,1.48,,1.9998436106930464,1015.1377932546008,TP2,,
2026-09-21T00:06:04.737051+00:00,close,,DYMUSDT,ICT/SMC v2,long,,,0.01695,0.0176403704674168,,,,589.9,,0.4072495387292146,1015.5450427933298,TP1,,
2026-09-21T00:07:02.215846+00:00,open,,GRTUSDT,ICT/SMC v2,long,,,0.0224499999999999,,0.021922978037426,0.0232405329438609,0.0240310658877219,890.8,20.0,,,,,
2026-09-21T00:09:11.018934+00:00,close,,ONDOUSDT,ICT/SMC v2,long,,,0.42455,0.4379483176084183,,,,23.55,,0.3155303796782525,1015.860573173008,TP1,,
2026-09-21T00:18:33.628457+00:00,close,,1INCHUSDT,Supertrend+ADX,long,,,0.0970949999999999,0.0992194391902322,,,,154.48,,0.3281833661070719,1016.1887565391152,TP1,,
2026-09-21T00:19:34.704339+00:00,close,,AXSUSDT,ICT/SMC v2,short,,,1.00745,1.0192427577983232,,,,9.92,,-0.1169841573593664,1016.0717723817557,SL,,
2026-09-21T00:19:35.139626+00:00,close,,AXSUSDT,ICT/SMC v2,short,,,1.00745,1.0192427577983232,,,,9.93,,-0.1171020849373496,1015.9546702968183,SL,,
2026-09-21T00:19:42.570420+00:00,close,,BANANAUSDT,ICT/SMC v2,long,,,3.99,4.043392687786169,,,,2.5062,,0.1338127541296968,1016.0884830509482,TP1,,
2026-09-21T00:20:05.807042+00:00,close,,BLURUSDT,ICT/SMC v2,long,,,0.01865,0.0189088461427811,,,,536.193,,0.1387914898362502,1016.2272745407844,TP1,,
2026-09-21T00:20:18.470609+00:00,close,,BTCUSDT,Supertrend+ADX,long,,,80884.465,81595.66922063853,,,,0.000185,,0.1315727808181294,1016.3588473216024,TP1,,
2026-09-21T00:20:52.122170+00:00,open,,CYBERUSDT,ICT/SMC v2,long,,,0.326,,0.3200242345165248,0.3349636482252128,0.3439272964504257,61.349,20.0,,,,,
2026-09-21T00:20:56.812812+00:00,open,,DIAUSDT,ICT/SMC v2,long,,,0.13465,,0.1334068558372758,0.1365147162440863,0.1383794324881725,148.5,20.0,,,,,
2026-09-21T00:21:05.959418+00:00,close,,DUSKUSDT,ICT/SMC v2,long,,,0.076375,0.078445781857268,,,,130.9,,0.2710653451163903,1016.629912666719,TP1,,
2026-09-21T00:21:20.635130+00:00,open,,EIGENUSDT,ICT/SMC v2,long,,,0.24095,,0.2361192646325437,0.2481961030511844,0.2554422061023689,83.0,20.0,,,,,
2026-09-21T00:21:34.466987+00:00,close,,ETHUSDT,Supertrend+ADX,long,,,2600.66,2683.358051555416,,,,0.005768,,0.4770023613716393,1017.1069150280906,TP2,,
2026-09-21T00:21:41.005150+00:00,open,,FETUSDT,ICT/SMC v2,long,,,0.178225,,0.1747586000017292,0.1834245999974061,0.1886241999948122,112.217,20.0,,,,,
2026-09-21T00:22:28.932431+00:00,close,,IMXUSDT,Supertrend+ADX,long,,,0.13715,0.142015962515372,,,,109.3693,,0.5321869141324744,1017.6391019422232,TP1,,
2026-09-21T00:23:27.044675+00:00,open,,LUNAUSDT,ICT/SMC v2,long,,,0.05465,,0.0513044502861877,0.0596683245707184,0.0646866491414368,365.96,20.0,,,,,
2026-09-21T00:23:58.702899+00:00,close,,NEWTUSDT,ICT/SMC v2,long,,,0.044725,0.0452754449118979,,,,223.588,,0.1230728769614342,1017.7621748191846,TP1,,
2026-09-21T00:24:28.823198+00:00,close,,PEPEUSDT,ICT/SMC v2,short,,,4.0005e-06,4.071953091562682e-06,,,,2499687.5,,-0.1786103998155909,1017.5835644193689,SL,,
2026-09-21T00:24:31.553880+00:00,open,,PEPEUSDT,Supertrend+ADX,long,,,4.08355e-06,,3.952455822448048e-06,4.280191266327928e-06,4.476832532655856e-06,7346548.9,30.0,,,,,
2026-09-21T00:24:33.648990+00:00,open,,PEPEUSDT,ICT/SMC v2,short,,,4.08355e-06,,4.151123649836912e-06,3.982189525244632e-06,3.880829050489264e-06,4897699.3,20.0,,,,,
2026-09-21T00:25:17.604263+00:00,close,,RPLUSDT,Supertrend+ADX,long,,,1.7915,1.84361491733768,,,,8.3728,,0.4363477798849237,1018.019912199254,TP1,,
2026-09-21T00:27:06.276736+00:00,close,,XLMUSDT,ICT/SMC v2,long,,,0.19595,0.2003512533683109,,,,51.0,,0.2244639217838575,1018.2443761210376,TP1,,
2026-09-21T00:33:45.612388+00:00,open,,AIUSDT,ICT/SMC v2,short,,,0.01805,,0.0183140060679405,0.0176539908980891,0.0172579817961783,1108.0,20.0,,,,,
2026-09-21T00:33:59.487391+00:00,close,,APEUSDT,ICT/SMC v2,long,,,0.1379,0.1364313225021864,,,,72.51,,-0.1064938053664639,1018.1378823156712,SL,,
2026-09-21T00:33:59.848235+00:00,close,,APEUSDT,ICT/SMC v2,long,,,0.1379,0.1364313225021864,,,,72.52,,-0.106508492141442,1018.03137382353,SL,,
2026-09-21T00:37:18.458692+00:00,close,,IDUSDT,ICT/SMC v2,long,,,0.03505,0.0355912996693175,,,,285.3,,0.1544327956563023,1018.185806619186,TP1,,
2026-09-21T00:37:50.004057+00:00,close,,JTOUSDT,ICT/SMC v2,short,,,0.495,0.5098670445670975,,,,20.2,,-0.3003143002553701,1017.8854923189308,SL,,
2026-09-21T00:39:40.652861+00:00,open,,POLUSDT,ICT/SMC v2,long,,,0.10795,,0.1056970352298677,0.1113294471551984,0.1147088943103968,185.2709,20.0,,,,,
2026-09-21T00:39:43.193263+00:00,open,,POLYXUSDT,Supertrend+ADX,long,,,0.04145,,0.0406625494700841,0.0426311757948738,0.0438123515897476,723.7,30.0,,,,,
2026-09-21T00:48:38.149522+00:00,close,,AAVEUSDT,ICT/SMC v2,long,,,136.5715,139.1274305933333,,,,0.073,,0.1865829333133288,1018.0720752522438,TP1,,
2026-09-21T00:49:31.024915+00:00,open,,AXSUSDT,ICT/SMC v2,long,,,1.01695,,1.0063688466323648,1.0328217300514528,1.048693460102906,19.66,20.0,,,,,
2026-09-21T00:51:04.362206+00:00,close,,ENSUSDT,Supertrend+ADX,long,,,6.3155,6.633895707576964,,,,2.3751,,0.756221645066047,1018.8282968973099,TP1,,
2026-09-21T00:52:41.566853+00:00,close,,LDOUSDT,ICT/SMC v2,long,,,0.41825,0.4401008617359926,,,,23.9091,,0.5224344383320206,1019.3507313356417,TP2,,
2026-09-21T00:53:15.475973+00:00,open,,MINAUSDT,ICT/SMC v2,long,,,0.1172199999999999,,0.1136333505943531,0.1225999741084702,0.1279799482169404,170.6,20.0,,,,,
2026-09-21T01:18:47.340926+00:00,close,,AIUSDT,ICT/SMC v2,short,,,0.01805,0.0183140060679405,,,,554.0,,-0.1462593616390683,1019.2044719740029,SL,,
2026-09-21T01:18:51.529907+00:00,open,,AIUSDT,Supertrend+ADX,long,,,0.0183499999999999,,0.0177847636651769,0.0191978545022345,0.0200457090044691,1634.8,30.0,,,,,
2026-09-21T01:20:48.156163+00:00,close,,DOGEUSDT,Supertrend+ADX,long,,,0.086375,0.0889873318865825,,,,173.6,,0.4535008155107384,1019.6579727895137,TP1,,
2026-09-21T01:22:54.095641+00:00,close,,LPTUSDT,ICT/SMC v2,short,,,1.58765,1.607128422858727,,,,6.2986,,-0.122686794217978,1019.5352859952957,SL,,
2026-09-21T01:23:06.557370+00:00,open,,MAGICUSDT,ICT/SMC v2,long,,,0.0475,,0.047058949517764,0.0481615757233539,0.0488231514467079,421.05263,20.0,,,,,
2026-09-21T01:25:17.680582+00:00,close,,SOLUSDT,Supertrend+ADX,long,,,110.5365,113.06421577033174,,,,0.135,,0.3412416289947847,1019.8765276242904,TP1,,
2026-09-21T01:25:33.177346+00:00,close,,SUIUSDT,Supertrend+ADX,long,,,0.84155,0.9457723476674278,,,,17.8242,,1.8576799692937664,1021.734207593584,TP2,,
2026-09-21T01:26:10.462401+00:00,open,,TRXUSDT,ICT/SMC v2,long,,,0.343412,,0.3427528574717703,0.3444007137923445,0.3453894275846889,58.2,20.0,,,,,
2026-09-21T01:35:11.584011+00:00,close,,CELOUSDT,ICT/SMC v2,long,,,0.0889,0.0889,,,,112.49,,0.0,1021.734207593584,SL,,
2026-09-21T01:35:24.209635+00:00,open,,CHRUSDT,ICT/SMC v2,long,,,0.017151,,0.0169830056388176,0.0174029915417734,0.0176549830835469,1166.11,20.0,,,,,
2026-09-21T01:37:47.747525+00:00,close,,LDOUSDT,Supertrend+ADX,long,,,0.40945,0.4490769769963076,,,,36.6345,,1.451714488771234,1023.1859220823552,TP2,,
2026-09-21T01:38:00.112868+00:00,open,,LINKUSDT,ICT/SMC v2,long,,,12.6931,,12.50858653369227,12.969870199461596,13.246640398923192,1.57,20.0,,,,,
2026-09-21T01:50:58.197730+00:00,close,,EIGENUSDT,ICT/SMC v2,long,,,0.24095,0.2361192646325437,,,,41.5,,-0.200475517749436,1022.985446564606,SL,,
2026-09-21T01:52:04.149248+00:00,close,,IDUSDT,ICT/SMC v2,long,,,0.03505,0.03505,,,,285.31,,0.0,1022.9854465646059,SL,,
2026-09-21T01:52:40.921530+00:00,open,,JUPUSDT,ICT/SMC v2,long,,,0.3048499999999999,,0.2962002154808064,0.3178246767787903,0.3307993535575806,65.6,20.0,,,,,
2026-09-21T01:53:32.792377+00:00,close,,MTLUSDT,ICT/SMC v2,long,,,0.3064,0.3039264687460783,,,,32.637,,-0.0807286395342422,1022.9047179250719,SL,,
2026-09-21T01:53:33.245701+00:00,close,,MTLUSDT,ICT/SMC v2,long,,,0.3064,0.3039264687460783,,,,32.6371,,-0.0807288868873676,1022.8239890381843,SL,,
2026-09-21T01:54:17.100354+00:00,open,,PIXELUSDT,ICT/SMC v2,long,,,0.0051199999999999,,0.0050704373307768,0.0051943440038347,0.0052686880076694,3906.2,20.0,,,,,
2026-09-21T01:55:42.785572+00:00,close,,SUPERUSDT,ICT/SMC v2,long,,,0.1409,0.1387303636447192,,,,70.9,,-0.1538272175894053,1022.6701618205951,SL,,
2026-09-21T01:55:43.223121+00:00,close,,SUPERUSDT,ICT/SMC v2,long,,,0.1409,0.1387303636447192,,,,71.0,,-0.1540441812249333,1022.5161176393701,SL,,
2026-09-21T02:04:01.825873+00:00,open,,APEUSDT,Supertrend+ADX,short,,,0.137,,0.1412350447917102,0.1306474328124345,0.1242948656248691,218.97,30.0,,,,,
2026-09-21T02:04:32.340578+00:00,close,,AXSUSDT,ICT/SMC v2,long,,,1.01695,1.0063688466323648,,,,9.83,,-0.1040127376038541,1022.4121049017663,SL,,
2026-09-21T02:04:41.702372+00:00,close,,BANANAUSDT,ICT/SMC v2,long,,,3.99,3.99,,,,2.5063,,0.0,1022.4121049017662,SL,,
2026-09-21T02:04:44.177246+00:00,open,,BANANAUSDT,Supertrend+ADX,short,,,3.99,,4.080812142923967,3.85378178561405,3.717563571228101,7.5187,30.0,,,,,
2026-09-21T02:05:07.376356+00:00,close,,BLURUSDT,ICT/SMC v2,long,,,0.01865,0.01865,,,,536.193,,0.0,1022.4121049017662,SL,,
2026-09-21T02:05:09.716588+00:00,open,,BLURUSDT,Supertrend+ADX,short,,,0.0185,,0.0188957849325548,0.0179063226011676,0.0173126452023353,1621.6216,30.0,,,,,
2026-09-21T02:05:42.101522+00:00,close,,CHZUSDT,ICT/SMC v2,long,,,0.0150549999999999,0.0149143449702233,,,,664.2,,-0.0934230707776185,1022.3186818309886,SL,,
2026-09-21T02:05:45.176410+00:00,open,,CHZUSDT,Supertrend+ADX,short,,,0.014845,,0.0152710218634355,0.0142059672048467,0.0135669344096934,2020.8,30.0,,,,,
2026-09-21T02:06:00.978202+00:00,close,,DIAUSDT,ICT/SMC v2,long,,,0.13465,0.1334068558372758,,,,74.2,,-0.0922412968741354,1022.2264405341145,SL,,
2026-09-21T02:06:01.333863+00:00,close,,DIAUSDT,ICT/SMC v2,long,,,0.13465,0.1334068558372758,,,,74.3,,-0.0923656112904078,1022.1340749228241,SL,,
2026-09-21T02:06:04.599120+00:00,open,,DIAUSDT,ICT/SMC v2,long,,,0.1333,,0.1318231660775157,0.1355152508837263,0.1377305017674527,150.0,20.0,,,,,
2026-09-21T02:08:32.139460+00:00,close,,LINKUSDT,ICT/SMC v2,long,,,12.6931,12.50858653369227,,,,0.78,,-0.1439205037200302,1021.9901544191041,SL,,
2026-09-21T02:08:32.465180+00:00,close,,LINKUSDT,ICT/SMC v2,long,,,12.6931,12.50858653369227,,,,0.79,,-0.1457656383831075,1021.8443887807209,SL,,
2026-09-21T02:08:50.309527+00:00,close,,MAGICUSDT,ICT/SMC v2,long,,,0.0475,0.047058949517764,,,,210.52631,,-0.092852730548864,1021.7515360501721,SL,,
2026-09-21T02:08:50.640449+00:00,close,,MAGICUSDT,ICT/SMC v2,long,,,0.0475,0.047058949517764,,,,210.52632,,-0.0928527349593688,1021.6586833152128,SL,,
2026-09-21T02:09:08.529927+00:00,close,,MINAUSDT,ICT/SMC v2,long,,,0.1172199999999999,0.1225999741084702,,,,85.3,,0.4589117914525092,1022.1175951066654,TP1,,
2026-09-21T02:09:27.228634+00:00,open,,NMRUSDT,Supertrend+ADX,short,,,9.162,,9.281784425135704,8.982323362296444,8.802646724592888,3.2743,30.0,,,,,
2026-09-21T02:09:40.477797+00:00,close,,ONDOUSDT,ICT/SMC v2,long,,,0.42455,0.42455,,,,23.55,,0.0,1022.1175951066654,SL,,
2026-09-21T02:09:55.707815+00:00,open,,PEOPLEUSDT,Supertrend+ADX,short,,,0.008715,,0.0089941294072346,0.0082963058891479,0.0078776117782959,3442.34,30.0,,,,,
2026-09-21T02:10:07.154190+00:00,open,,PIXELUSDT,Supertrend+ADX,short,,,0.0051,,0.0052031870567948,0.0049452194148076,0.0047904388296153,5882.3,30.0,,,,,
2026-09-21T02:10:59.893613+00:00,close,,SUSDT,ICT/SMC v2,long,,,0.0399,0.0380273344574169,,,,250.6,,-0.4692899849713089,1021.648305121694,SL,,
2026-09-21T02:11:35.785465+00:00,open,,SUIUSDT,ICT/SMC v2,long,,,0.9276,,0.8970040008683905,0.9734939986974144,1.0193879973948283,21.561,20.0,,,,,
2026-09-21T02:20:33.238639+00:00,close,,CYBERUSDT,ICT/SMC v2,long,,,0.326,0.3200242345165248,,,,30.674,,-0.183300630440119,1021.4650044912538,SL,,
2026-09-21T02:33:42.163041+00:00,open,,ADAUSDT,ICT/SMC v2,short,,,0.22875,,0.2329075107492813,0.2225137338760779,0.2162774677521559,87.4,20.0,,,,,
2026-09-21T02:33:47.647667+00:00,close,,AGLDUSDT,ICT/SMC v2,long,,,0.1979,0.1957708994228919,,,,50.5305,,-0.1075845167115583,1021.3574199745424,SL,,
2026-09-21T02:39:02.044892+00:00,close,,NEWTUSDT,ICT/SMC v2,long,,,0.044725,0.044725,,,,223.589,,0.0,1021.3574199745423,SL,,
2026-09-21T02:40:04.136739+00:00,close,,PYTHUSDT,ICT/SMC v2,long,,,0.06166,0.0605753886184459,,,,162.17,,-0.1758914277466171,1021.1815285467957,SL,,
2026-09-21T02:40:04.523737+00:00,close,,PYTHUSDT,ICT/SMC v2,long,,,0.06166,0.0605753886184459,,,,162.18,,-0.1759022738604327,1021.0056262729353,SL,,
2026-09-21T02:50:17.558449+00:00,open,,CETUSUSDT,ICT/SMC v2,long,,,0.025895,,0.0251861068816413,0.026958339677538,0.028021679355076,772.349,20.0,,,,,
2026-09-21T02:54:16.052421+00:00,open,,PORTALUSDT,ICT/SMC v2,long,,,0.0192,,0.0189632821851176,0.0195550767223234,0.0199101534446469,1041.6,20.0,,,,,
2026-09-21T03:21:55.131047+00:00,close,,FLOWUSDT,Supertrend+ADX,short,,,0.02945,0.0309254978377266,,,,509.33,,-0.7515153136892887,1020.254110959246,SL,,
2026-09-21T03:21:55.539833+00:00,close,,FLOWUSDT,Supertrend+ADX,short,,,0.02945,0.0309254978377266,,,,509.34,,-0.7515300686676659,1019.5025808905783,SL,,
2026-09-21T03:22:46.174963+00:00,open,,IOUSDT,ICT/SMC v2,short,,,0.14705,,0.1495795182803428,0.1432557225794858,0.1394614451589715,136.0,20.0,,,,,
2026-09-21T03:23:59.911296+00:00,close,,NEARUSDT,ICT/SMC v2,long,,,4.0801,4.356237640969748,,,,2.4,,0.6627303383273947,1020.1653112289057,TP1,,
2026-09-21T03:25:12.639554+00:00,open,,RAYUSDT,ICT/SMC v2,short,,,1.6563,,1.6986944310238847,1.5927083534641726,1.5291167069283451,12.0,20.0,,,,,
2026-09-21T03:33:38.042322+00:00,close,,ADAUSDT,ICT/SMC v2,short,,,0.22875,0.2329075107492813,,,,43.7,,-0.1816832197435955,1019.9836280091621,SL,,
2026-09-21T03:37:19.887125+00:00,close,,JOEUSDT,Supertrend+ADX,long,,,0.0335,0.037540785130847,,,,447.76119,,1.8093067587223668,1021.7929347678845,TP2,,
2026-09-21T03:37:25.250640+00:00,close,,JOEUSDT,ICT/SMC v2,long,,,0.035,0.0371433143673712,,,,285.71428,,0.6123755212871267,1022.4053102891716,TP1,,
2026-09-21T03:37:48.880952+00:00,close,,LPTUSDT,Supertrend+ADX,long,,,1.59055,1.6438749766625187,,,,9.4307,,0.5028918574112159,1022.9082021465829,TP1,,
2026-09-21T03:38:13.253874+00:00,close,,MINAUSDT,ICT/SMC v2,long,,,0.1172199999999999,0.1279799482169404,,,,85.3,,0.917823582905021,1023.8260257294879,TP2,,
2026-09-21T03:38:58.217247+00:00,open,,PEOPLEUSDT,ICT/SMC v2,short,,,0.00886,,0.0089841425817489,0.0086737861273766,0.0084875722547532,2257.336,20.0,,,,,
2026-09-21T03:51:34.843465+00:00,close,,GALAUSDT,Supertrend+ADX,long,,,0.001909,0.0019900311728587,,,,7857.5,,0.6367024407379515,1024.4627281702258,TP1,,
2026-09-21T03:52:18.376707+00:00,close,,JASMYUSDT,ICT/SMC v2,long,,,0.0040964999999999,0.004180299781935,,,,2441.1,,0.2045636476815668,1024.6672918179074,TP1,,
2026-09-21T03:53:41.060524+00:00,close,,PAXGUSDT,Supertrend+ADX,long,,,4366.735000000001,4355.554613284334,,,,0.003435,,-0.0384046283683155,1024.628887189539,SL,,
2026-09-21T03:53:56.911236+00:00,close,,PIXELUSDT,Supertrend+ADX,short,,,0.0051,0.0052031870567948,,,,2941.1,,-0.3034834527394695,1024.3254037367997,SL,,
2026-09-21T03:53:57.372430+00:00,close,,PIXELUSDT,Supertrend+ADX,short,,,0.0051,0.0052031870567948,,,,2941.2,,-0.3034937714451489,1024.0219099653546,SL,,
2026-09-21T03:54:00.115351+00:00,close,,PIXELUSDT,ICT/SMC v2,long,,,0.0051199999999999,0.0051943440038347,,,,1953.1,,0.1452012738895974,1024.1671112392442,TP1,,
2026-09-21T04:03:55.672561+00:00,open,,ALTUSDT,Supertrend+ADX,long,,,0.0072949999999999,,0.0070756864232172,0.0076239703651741,0.0079529407303483,4112.4,30.0,,,,,
2026-09-21T04:04:11.541108+00:00,open,,ARBUSDT,ICT/SMC v2,short,,,0.22125,,0.228470713157098,0.210418930264353,0.199587860528706,90.3954,20.0,,,,,
2026-09-21T04:04:24.775904+00:00,open,,AVNTUSDT,Supertrend+ADX,long,,,0.11224,,0.1083999985582141,0.1180000021626787,0.1237600043253575,267.284,30.0,,,,,
2026-09-21T04:04:43.330102+00:00,close,,BERAUSDT,Supertrend+ADX,long,,,0.21195,0.2213106475115749,,,,70.7714,,0.6624661293006753,1024.8295773685447,TP1,,
2026-09-21T04:04:55.432659+00:00,close,,BLURUSDT,Supertrend+ADX,short,,,0.0185,0.0188957849325548,,,,810.8108,,-0.3209066977927769,1024.508670670752,SL,,
2026-09-21T04:04:58.558008+00:00,open,,BLURUSDT,Supertrend+ADX,long,,,0.01895,,0.0184970864632514,0.0196293703051229,0.0203087406102458,1583.1134,30.0,,,,,
2026-09-21T04:05:23.390627+00:00,open,,CFXUSDT,ICT/SMC v2,long,,,0.0534395,,0.0523365429251904,0.0550939356122142,0.0567483712244285,374.25,20.0,,,,,
2026-09-21T04:06:11.258796+00:00,close,,ERAUSDT,Supertrend+ADX,long,,,0.06225,0.0636610420451177,,,,240.9638,,0.3400100531513431,1024.8486807239033,TP1,,
2026-09-21T04:06:14.361708+00:00,open,,ERAUSDT,ICT/SMC v2,long,,,0.0643,,0.0634566763257118,0.0655649855114322,0.0668299710228644,311.0419,20.0,,,,,
2026-09-21T04:07:02.136749+00:00,open,,IDUSDT,Supertrend+ADX,long,,,0.03575,,0.0348489646935666,0.03710155295965,0.0384531059193001,839.16,30.0,,,,,
2026-09-21T04:08:26.836635+00:00,open,,NEWTUSDT,Supertrend+ADX,long,,,0.0459549999999999,,0.0447616313497794,0.0477450529753307,0.0495351059506615,652.812,30.0,,,,,
2026-09-21T04:38:05.039136+00:00,close,,LPTUSDT,Supertrend+ADX,long,,,1.59055,1.6971999533250377,,,,9.4307,,1.0057837148224318,1025.8544644387257,TP2,,
2026-09-21T04:40:55.838301+00:00,close,,SUNUSDT,ICT/SMC v2,short,,,0.01716,0.017102033036882,,,,582.7,,0.0337773494088554,1025.8882417881346,TP1,,
2026-09-21T04:41:45.125341+00:00,close,,WUSDT,Supertrend+ADX,long,,,0.0110999999999999,0.0121473480294515,,,,1351.3,,1.4152813921978944,1027.3035231803326,TP2,,
2026-09-21T04:49:10.488688+00:00,open,,API3USDT,ICT/SMC v2,long,,,0.2544,,0.2509939896556403,0.2595090155165395,0.2646180310330789,78.6163,20.0,,,,,
2026-09-21T04:50:56.508771+00:00,close,,DUSKUSDT,ICT/SMC v2,long,,,0.076375,0.0805165637145361,,,,130.9,,0.5421306902327843,1027.8456538705655,TP2,,
2026-09-21T04:51:15.920681+00:00,open,,ENSUSDT,ICT/SMC v2,long,,,6.53,,6.40902143050086,6.711467854248711,6.892935708497421,3.0627,20.0,,,,,
2026-09-21T05:35:33.836634+00:00,close,,CHZUSDT,Supertrend+ADX,short,,,0.014845,0.0152710218634355,,,,1010.4,,-0.430452490815242,1027.4152013797502,SL,,
2026-09-21T05:41:10.852326+00:00,open,,SYNUSDT,ICT/SMC v2,short,,,0.2199499999999999,,0.228666304160226,0.2068755437596608,0.1938010875193217,90.9,20.0,,,,,
2026-09-21T06:19:53.199176+00:00,close,,BIGTIMEUSDT,Supertrend+ADX,long,,,0.0079949999999999,0.0082606522182821,,,,1876.17,,0.4984087223744817,1027.9136101021247,TP1,,
2026-09-21T06:23:27.646705+00:00,close,,NMRUSDT,Supertrend+ADX,short,,,9.162,9.281784425135704,,,,1.6371,,-0.1960990823896604,1027.717511019735,SL,,
2026-09-21T06:23:28.200551+00:00,close,,NMRUSDT,Supertrend+ADX,short,,,9.162,9.281784425135704,,,,1.6372,,-0.196111060832174,1027.5213999589025,SL,,
2026-09-21T06:23:45.359927+00:00,close,,ORDIUSDT,ICT/SMC v2,long,,,4.59155,4.700358886830414,,,,2.177,,0.2368769466298118,1027.7582769055325,TP1,,
2026-09-21T06:34:09.290870+00:00,close,,APTUSDT,ICT/SMC v2,long,,,0.7408,0.768191550584391,,,,13.4989,,0.369755802183636,3000.369755802184,TP1,,
2026-09-21T06:35:01.689792+00:00,open,,BLURUSDT,ICT/SMC v2,short,,,0.01915,,0.0193962888645915,0.0187805667031126,0.0184111334062252,1044.3864,20.0,,,,,
2026-09-21T06:36:33.289120+00:00,close,,FETUSDT,ICT/SMC v2,long,,,0.178225,0.1834245999974061,,,,56.108,,0.2917391566544615,3000.661494958838,TP1,,
2026-09-21T06:38:35.327828+00:00,close,,NEWTUSDT,Supertrend+ADX,long,,,0.0459549999999999,0.0477450529753307,,,,326.406,,0.5842840314658101,3001.245778990304,TP1,,
2026-09-21T06:38:42.641957+00:00,close,,NOTUSDT,ICT/SMC v2,long,,,0.000484,0.0004970390429954,,,,20661.1,,0.2694009712339367,3001.515179961538,TP1,,
2026-09-21T06:40:58.397446+00:00,close,,TAOUSDT,ICT/SMC v2,long,,,263.035,270.7844402959335,,,,0.038,,0.2944787312454723,3001.809658692783,TP1,,
2026-09-21T06:50:35.239014+00:00,open,,BTCUSDT,ICT/SMC v2,long,,,81710.005,,81245.41664279118,82406.88753581324,83103.77007162645,0.000244,20.0,,,,,
2026-09-21T06:51:52.718105+00:00,close,,ERAUSDT,Supertrend+ADX,long,,,0.06225,0.0650720840902354,,,,240.9639,,0.6800203885110918,3002.489679081294,TP2,,
2026-09-21T07:03:54.456584+00:00,open,,ALICEUSDT,ICT/SMC v2,long,,,0.1389,,0.1375311627382928,0.1409532558925608,0.1430065117851216,143.98,20.0,,,,,
2026-09-21T07:04:18.081343+00:00,open,,ARKUSDT,ICT/SMC v2,short,,,0.1489,,0.1508264936526921,0.1460102595209618,0.1431205190419236,134.3,20.0,,,,,
2026-09-21T07:05:39.297580+00:00,close,,CETUSUSDT,ICT/SMC v2,long,,,0.025895,0.026958339677538,,,,386.174,,0.4106341366335775,3002.900313217928,TP1,,
2026-09-21T07:08:40.548187+00:00,open,,LINKUSDT,ICT/SMC v2,long,,,12.5636,,12.38985875940457,12.824211860893149,13.084823721786291,1.59,20.0,,,,,
2026-09-21T07:09:24.180484+00:00,open,,NEOUSDT,ICT/SMC v2,long,,,2.4386,,2.4086019076635816,2.483597138504628,2.528594277009255,8.201,20.0,,,,,
2026-09-21T07:10:20.839645+00:00,close,,PORTALUSDT,ICT/SMC v2,long,,,0.0192,0.0195550767223234,,,,520.8,,0.1849239569860692,3003.085237174914,TP1,,
2026-09-21T07:19:24.466191+00:00,open,,ARKMUSDT,ICT/SMC v2,long,,,0.11655,,0.1145829552523651,0.1195005671214523,0.1224511342429046,171.6,20.0,,,,,
2026-09-21T07:19:36.448175+00:00,open,,AVNTUSDT,ICT/SMC v2,long,,,0.11373,,0.1113763779321409,0.1172604331017885,0.1207908662035771,175.855,20.0,,,,,
2026-09-21T07:21:12.916244+00:00,open,,DYDXUSDT,ICT/SMC v2,long,,,0.1311,,0.1282816187025074,0.1353275719462388,0.1395551438924777,152.55,20.0,,,,,
2026-09-21T07:21:20.828936+00:00,open,,EGLDUSDT,ICT/SMC v2,long,,,3.955,,3.8093578624476208,4.173463206328568,4.391926412657137,5.056,20.0,,,,,
2026-09-21T07:23:03.700818+00:00,open,,KNCUSDT,ICT/SMC v2,long,,,0.1465,,0.1454995651472902,0.1480006522790647,0.1495013045581294,136.5187,20.0,,,,,
2026-09-21T07:23:09.789041+00:00,open,,LDOUSDT,ICT/SMC v2,long,,,0.4337999999999999,,0.4247747979495878,0.4473378030756182,0.4608756061512363,46.1041,20.0,,,,,
2026-09-21T07:23:23.002777+00:00,open,,LTCUSDT,ICT/SMC v2,short,,,58.373,,59.08120203907984,57.31069694138026,56.24839388276051,0.34262,20.0,,,,,
2026-09-21T07:23:37.767621+00:00,open,,MASKUSDT,ICT/SMC v2,long,,,0.481,,0.4719770663306181,0.4945344005040728,0.5080688010081456,41.58004,20.0,,,,,
2026-09-21T07:23:47.899596+00:00,open,,MOVRUSDT,ICT/SMC v2,long,,,0.846,,0.8344774942429466,0.8632837586355802,0.8805675172711602,23.64,20.0,,,,,
2026-09-21T07:25:20.990616+00:00,open,,ROSEUSDT,ICT/SMC v2,long,,,0.00764,,0.0075146578448425,0.0078280132327362,0.0080160264654724,2617.8,20.0,,,,,
2026-09-21T07:25:46.821746+00:00,open,,SLPUSDT,ICT/SMC v2,long,,,0.000655,,0.0006483365787747,0.0006649951318378,0.0006749902636757,30534.3,20.0,,,,,
2026-09-21T07:27:04.932774+00:00,close,,XRPUSDT,Supertrend+ADX,long,,,1.40226,1.441808308076062,,,,10.6,,0.4192120656062562,3003.50444924052,TP1,,
2026-09-21T07:37:37.065652+00:00,open,,GTCUSDT,ICT/SMC v2,long,,,0.0859,,0.0847545557670937,0.0876181663493593,0.0893363326987186,232.8288,20.0,,,,,
2026-09-21T07:38:04.879406+00:00,open,,INITUSDT,ICT/SMC v2,long,,,0.08185,,0.0796083671401854,0.0852124492897219,0.0885748985794437,244.3494,20.0,,,,,
2026-09-21T07:39:27.046581+00:00,open,,MINAUSDT,ICT/SMC v2,long,,,0.13255,,0.1273314392016374,0.1403778411975438,0.1482056823950877,150.8,20.0,,,,,
2026-09-21T07:40:20.691456+00:00,close,,PEOPLEUSDT,ICT/SMC v2,short,,,0.00886,0.0086737861273766,,,,1128.668,,0.2101736391861016,3003.714622879706,TP1,,
2026-09-21T07:51:11.219008+00:00,open,,CKBUSDT,ICT/SMC v2,long,,,0.0012534999999999,,0.0012387624495651,0.0012756063256523,0.0012977126513046,15955.32,20.0,,,,,
2026-09-21T07:52:21.391366+00:00,open,,FILUSDT,ICT/SMC v2,long,,,0.9654,,0.9501484077901944,0.9882773883147083,1.0111547766294169,20.71,20.0,,,,,
2026-09-21T07:55:53.904117+00:00,open,,RAREUSDT,ICT/SMC v2,long,,,0.01284,,0.0127438378946437,0.0129842431580344,0.0131284863160688,1557.6,20.0,,,,,
2026-09-21T07:56:18.591706+00:00,open,,RPLUSDT,ICT/SMC v2,long,,,1.8695,,1.851264581206218,1.8968531281906729,1.924206256381345,10.698,20.0,,,,,
2026-09-21T07:57:57.215954+00:00,open,,UMAUSDT,ICT/SMC v2,long,,,0.393,,0.3894029195980339,0.398395620602949,0.4037912412058981,50.8905,20.0,,,,,
2026-09-21T08:06:55.547869+00:00,open,,FLOWUSDT,ICT/SMC v2,long,,,0.03175,,0.0312370937593041,0.0325193593610437,0.0332887187220875,629.92,20.0,,,,,
2026-09-21T08:07:14.039326+00:00,close,,GTCUSDT,Supertrend+ADX,long,,,0.08375,0.086082246180281,,,,179.1044,,0.4177155527715243,3004.1323384324774,TP1,,
2026-09-21T08:08:33.408759+00:00,open,,MAGICUSDT,ICT/SMC v2,short,,,0.048,,0.0484553219771896,0.0473170170342155,0.0466340340684311,416.66666,20.0,,,,,
2026-09-21T08:10:48.564827+00:00,open,,SATSUSDT,ICT/SMC v2,short,,,1.135e-08,,1.1481029131432441e-08,1.1153456302851337e-08,1.0956912605702676e-08,1762114537.4,20.0,,,,,
2026-09-21T08:11:32.728661+00:00,close,,TAOUSDT,Supertrend+ADX,long,,,259.695,273.22392580005703,,,,0.0577,,0.7806190186632911,3004.9129574511408,TP1,,
2026-09-21T08:22:36.119718+00:00,close,,INITUSDT,ICT/SMC v2,long,,,0.08185,0.0796083671401854,,,,122.1747,,-0.2738708221579893,3004.6390866289826,SL,,
2026-09-21T08:25:00.175125+00:00,close,,RAREUSDT,Supertrend+ADX,long,,,0.0124249999999999,0.0128631263538735,,,,1207.2,,0.5289061343961086,3005.1679927633786,TP1,,
2026-09-21T08:25:39.464782+00:00,close,,SATSUSDT,ICT/SMC v2,short,,,1.135e-08,1.1481029131432441e-08,,,,881057268.7,,-0.1154441686599992,3005.0525485947187,SL,,
2026-09-21T08:27:11.392972+00:00,close,,XLMUSDT,Supertrend+ADX,long,,,0.1934505,0.2007126534017632,,,,77.5,,0.5628168886366545,3005.615365483355,TP1,,
2026-09-21T08:34:08.624686+00:00,close,,APEUSDT,Supertrend+ADX,short,,,0.137,0.1412350447917102,,,,109.48,,-0.4636527037964408,3005.1517127795587,SL,,
2026-09-21T08:34:09.214795+00:00,close,,APEUSDT,Supertrend+ADX,short,,,0.137,0.1412350447917102,,,,109.49,,-0.4636950542443578,3004.6880177253142,SL,,
2026-09-21T08:34:33.659395+00:00,open,,ARPAUSDT,ICT/SMC v2,long,,,0.0106205,,0.010506111572827,0.0107920826407593,0.0109636652815187,1883.15,20.0,,,,,
2026-09-21T08:35:42.559648+00:00,close,,BTCUSDT,Supertrend+ADX,long,,,80884.465,82306.87344127707,,,,0.000185,,0.2631455616362589,3004.9511632869503,TP2,,
2026-09-21T08:35:44.786473+00:00,close,,BTCUSDT,ICT/SMC v2,long,,,81710.005,82406.88753581324,,,,0.000122,,0.0850196693692141,3005.0361829563194,TP1,,
2026-09-21T08:38:30.475347+00:00,close,,KNCUSDT,ICT/SMC v2,long,,,0.1465,0.1480006522790647,,,,68.2593,,0.1024334741123634,3005.1386164304317,TP1,,
2026-09-21T08:38:50.577776+00:00,close,,LTCUSDT,ICT/SMC v2,short,,,58.373,59.08120203907984,,,,0.17131,,-0.1213220913147667,3005.017294339117,SL,,
2026-09-21T08:39:02.280690+00:00,close,,MAGICUSDT,ICT/SMC v2,short,,,0.048,0.0484553219771896,,,,208.33333,,-0.0948587437301009,3004.922435595387,SL,,
2026-09-21T08:39:06.235744+00:00,close,,MANAUSDT,Supertrend+ADX,long,,,0.081635,0.0842074312788945,,,,183.7,,0.4725556259329205,3005.3949912213197,TP1,,
2026-09-21T08:39:59.069404+00:00,close,,PEOPLEUSDT,ICT/SMC v2,short,,,0.00886,0.00886,,,,1128.668,,-0.0,3005.3949912213197,SL,,
2026-09-21T08:40:13.628763+00:00,close,,PIXELUSDT,ICT/SMC v2,long,,,0.0051199999999999,0.0052686880076694,,,,1953.1,,0.2904025477791948,3005.685393769099,TP2,,
2026-09-21T08:41:13.749112+00:00,open,,SATSUSDT,Supertrend+ADX,long,,,1.16e-08,,1.1299471800553489e-08,1.2050792299169774e-08,1.2501584598339546e-08,2586206896.5,30.0,,,,,
2026-09-21T08:41:25.574930+00:00,close,,SOLUSDT,Supertrend+ADX,long,,,110.5365,115.59193154066344,,,,0.136,,0.6875386895302291,3006.3729324586293,TP2,,
2026-09-21T08:41:40.790227+00:00,close,,SUIUSDT,ICT/SMC v2,long,,,0.9276,0.9734939986974144,,,,10.7805,,0.4947602529574746,3006.8676927115866,TP1,,
2026-09-21T08:42:06.694215+00:00,close,,TAOUSDT,ICT/SMC v2,long,,,263.035,278.53388059186705,,,,0.038,,0.5889574624909468,3007.4566501740774,TP2,,
2026-09-21T08:42:24.682693+00:00,open,,TRBUSDT,ICT/SMC v2,long,,,18.429,,18.200004410769388,18.772493383845923,19.115986767691847,1.0852,20.0,,,,,
2026-09-21T08:42:37.242941+00:00,close,,UMAUSDT,ICT/SMC v2,long,,,0.393,0.398395620602949,,,,25.4452,,0.1372926453661582,3007.5939428194433,TP1,,
2026-09-21T08:42:50.777346+00:00,close,,WIFUSDT,ICT/SMC v2,long,,,0.20295,0.207498810703314,,,,49.27,,0.224119903352281,3007.8180627227957,TP1,,
2026-09-21T08:48:42.935527+00:00,close,,AAVEUSDT,ICT/SMC v2,long,,,136.5715,141.6833611866666,,,,0.073,,0.3731658666266598,3008.1912285894223,TP2,,
2026-09-21T08:49:02.979306+00:00,open,,AIUSDT,ICT/SMC v2,short,,,0.01805,,0.0184780477805649,0.0174079283291525,0.0167658566583051,1108.0,20.0,,,,,
2026-09-21T08:49:38.659596+00:00,open,,ARUSDT,ICT/SMC v2,long,,,4.9305,,4.686046679045505,5.297179981431744,5.663859962863486,4.05,20.0,,,,,
2026-09-21T08:49:46.413577+00:00,close,,ARKMUSDT,ICT/SMC v2,long,,,0.11655,0.1195005671214523,,,,85.8,,0.2531586590206103,3008.444387248443,TP1,,
2026-09-21T08:49:52.163682+00:00,close,,ASTERUSDT,ICT/SMC v2,long,,,0.73785,0.7524154663556522,,,,13.5528,,0.1974028524248824,3008.641790100868,TP1,,
2026-09-21T08:50:02.115902+00:00,close,,AVNTUSDT,ICT/SMC v2,long,,,0.11373,0.1172604331017885,,,,87.927,,0.310420391340963,3008.952210492209,TP1,,
2026-09-21T08:50:40.979049+00:00,close,,BLURUSDT,ICT/SMC v2,short,,,0.01915,0.0193962888645915,,,,522.1932,,-0.1286103703254527,3008.823600121884,SL,,
2026-09-21T08:50:45.787085+00:00,open,,BNBUSDT,Supertrend+ADX,long,,,781.78,,766.9935227505508,803.9597158741736,826.1394317483474,0.038,30.0,,,,,
2026-09-21T08:50:56.856752+00:00,close,,BTCUSDT,ICT/SMC v2,long,,,81710.005,83103.77007162645,,,,0.000122,,0.1700393387384265,3008.993639460621,TP2,,
2026-09-21T08:51:36.043004+00:00,close,,DIAUSDT,ICT/SMC v2,long,,,0.1333,0.1355152508837263,,,,75.0,,0.1661438162794778,3009.159783276901,TP1,,
2026-09-21T08:51:40.167560+00:00,close,,DOGEUSDT,Supertrend+ADX,long,,,0.086375,0.0915996637731652,,,,173.7,,0.9075240973987956,3010.0673073743005,TP2,,
2026-09-21T08:51:53.702185+00:00,close,,DYMUSDT,Supertrend+ADX,long,,,0.0170999999999999,0.0181111464973684,,,,877.1,,0.8868765928418305,3010.954183967142,TP1,,
2026-09-21T08:52:15.465630+00:00,close,,ERAUSDT,ICT/SMC v2,long,,,0.0643,0.0655649855114322,,,,155.5209,,0.1967316852248979,3011.1509156523666,TP1,,
2026-09-21T08:52:27.079824+00:00,close,,FETUSDT,ICT/SMC v2,long,,,0.178225,0.1886241999948122,,,,56.109,,0.5834887125089194,3011.7344043648754,TP2,,
2026-09-21T08:52:30.766046+00:00,close,,FIDAUSDT,Supertrend+ADX,long,,,0.020735,0.0212786947239184,,,,723.414,,0.3933163750087669,3012.1277207398844,TP1,,
2026-09-21T08:52:34.653854+00:00,close,,FILUSDT,ICT/SMC v2,long,,,0.9654,0.9882773883147083,,,,10.35,,0.2367809690572322,3012.364501708941,TP1,,
2026-09-21T08:53:24.594727+00:00,open,,ICPUSDT,ICT/SMC v2,short,,,2.965,,3.019245328453845,2.8836320073192314,2.8022640146384625,6.74,20.0,,,,,
2026-09-21T08:54:01.153384+00:00,close,,KNCUSDT,Supertrend+ADX,long,,,0.14305,0.1486359384081097,,,,104.8584,,0.5857325639729299,3012.9502342729147,TP2,,
2026-09-21T08:54:16.159916+00:00,close,,LINKUSDT,Supertrend+ADX,long,,,12.15765,12.841194397248968,,,,1.23,,0.8407596086162299,3013.7909938815305,TP2,,
2026-09-21T08:54:18.016710+00:00,close,,LINKUSDT,ICT/SMC v2,long,,,12.5636,12.824211860893149,,,,0.79,,0.2058833701055853,3013.9968772516368,TP1,,
2026-09-21T08:55:00.029385+00:00,close,,NEOUSDT,ICT/SMC v2,long,,,2.4386,2.483597138504628,,,,4.1,,0.1844882678689736,3014.1813655195056,TP1,,
2026-09-21T08:55:25.669939+00:00,close,,ORDIUSDT,ICT/SMC v2,long,,,4.59155,4.809167773660828,,,,2.178,,0.4739715110332844,3014.6553370305387,TP2,,
2026-09-21T08:55:37.980110+00:00,close,,PEPEUSDT,ICT/SMC v2,short,,,4.08355e-06,4.151123649836912e-06,,,,2448849.6,,-0.1654777053736625,3014.489859325165,SL,,
2026-09-21T08:55:55.009186+00:00,close,,PORTALUSDT,Supertrend+ADX,long,,,0.018945,0.0196997124975506,,,,791.7,,0.5975058843108505,3015.087365209476,TP1,,
2026-09-21T08:55:59.391433+00:00,close,,PORTALUSDT,ICT/SMC v2,long,,,0.0192,0.0199101534446469,,,,520.8,,0.3698479139721365,3015.457213123448,TP2,,
2026-09-21T08:56:14.518042+00:00,close,,RAREUSDT,ICT/SMC v2,long,,,0.01284,0.0129842431580344,,,,778.8,,0.1123365714772031,3015.569549694925,TP1,,
2026-09-21T08:56:17.440175+00:00,close,,RAYUSDT,ICT/SMC v2,short,,,1.6563,1.6986944310238847,,,,6.0,,-0.2543665861433091,3015.315183108782,SL,,
2026-09-21T08:56:24.150706+00:00,open,,RAYUSDT,Supertrend+ADX,long,,,1.721,,1.6382286117430844,1.8451570823853736,1.9693141647707475,17.4,30.0,,,,,
2026-09-21T08:56:43.003403+00:00,close,,ROSEUSDT,Supertrend+ADX,long,,,0.00748,0.007773525120742,,,,2005.3,,0.5886059246240212,3015.9037890334052,TP1,,
2026-09-21T08:56:47.662838+00:00,close,,RPLUSDT,Supertrend+ADX,long,,,1.7915,1.8957298346753584,,,,8.3729,,0.8727059827533092,3016.776495016158,TP2,,
2026-09-21T08:56:49.411331+00:00,close,,RPLUSDT,ICT/SMC v2,long,,,1.8695,1.8968531281906729,,,,5.349,,0.1463118826919094,3016.9228068988505,TP1,,
2026-09-21T08:57:12.140153+00:00,close,,SHIBUSDT,Supertrend+ADX,long,,,5.52e-06,5.708688457965768e-06,,,,2717391.3,,0.5127403740865956,3017.435547272937,TP1,,
2026-09-21T08:57:35.325823+00:00,open,,STXUSDT,Supertrend+ADX,long,,,0.3295,,0.3185564596588507,0.3459153105117239,0.3623306210234477,91.0,30.0,,,,,
2026-09-21T08:57:41.905502+00:00,close,,SUNUSDT,ICT/SMC v2,short,,,0.01716,0.01716,,,,582.8,,-0.0,3017.435547272937,SL,,
2026-09-21T08:58:03.732340+00:00,close,,THETAUSDT,ICT/SMC v2,long,,,0.2119,0.2204894478865346,,,,47.1,,0.4045629954557794,3017.840110268393,TP2,,
2026-09-21T08:58:17.230822+00:00,open,,TRBUSDT,Supertrend+ADX,long,,,18.536,,17.99272883184534,19.350906752231992,20.165813504463987,1.6184,30.0,,,,,
2026-09-21T08:58:53.095191+00:00,close,,XLMUSDT,ICT/SMC v2,long,,,0.19595,0.2047525067366218,,,,51.0,,0.4489278435677135,3018.2890381119605,TP2,,
2026-09-21T08:58:56.359780+00:00,close,,XRPUSDT,Supertrend+ADX,long,,,1.40226,1.4813566161521237,,,,10.7,,0.8463337928277225,3019.135371904789,TP2,,
2026-09-21T09:03:35.740114+00:00,close,,1INCHUSDT,Supertrend+ADX,long,,,0.0970949999999999,0.1013438783804644,,,,154.49,,0.6564092209979485,3019.791781125786,TP2,,
2026-09-21T09:04:50.690927+00:00,close,,AXSUSDT,Supertrend+ADX,long,,,1.00395,1.0385759891260309,,,,14.94,,0.5173122775428997,3020.309093403329,TP1,,
2026-09-21T09:04:58.530524+00:00,close,,BANANAUSDT,Supertrend+ADX,short,,,3.99,4.080812142923967,,,,3.7593,,-0.3413900888940674,3019.967703314435,SL,,
2026-09-21T09:04:58.925583+00:00,close,,BANANAUSDT,Supertrend+ADX,short,,,3.99,4.080812142923967,,,,3.7594,,-0.3413991701083598,3019.6263041443267,SL,,
2026-09-21T09:06:01.653672+00:00,close,,CHRUSDT,Supertrend+ADX,long,,,0.016973,0.0175956795994653,,,,883.75,,0.5502930960274968,3020.176597240354,TP1,,
2026-09-21T09:06:04.076884+00:00,close,,CHRUSDT,ICT/SMC v2,long,,,0.017151,0.0174029915417734,,,,583.05,,0.1469236684310297,3020.323520908785,TP1,,
2026-09-21T09:06:04.863875+00:00,close,,CHRUSDT,ICT/SMC v2,long,,,0.017151,0.0176549830835469,,,,583.06,,0.2938523766928948,3020.617373285478,TP2,,
2026-09-21T09:06:10.609390+00:00,close,,CKBUSDT,ICT/SMC v2,long,,,0.0012534999999999,0.0012756063256523,,,,7977.66,,0.1763567499036811,3020.793730035382,TP1,,
2026-09-21T09:07:55.410268+00:00,close,,GRTUSDT,ICT/SMC v2,long,,,0.0224499999999999,0.0232405329438609,,,,445.4,,0.3521033731956877,3021.145833408578,TP1,,
2026-09-21T09:09:39.783612+00:00,close,,MINAUSDT,ICT/SMC v2,long,,,0.13255,0.1273314392016374,,,,75.4,,-0.3934794841965386,3020.752353924381,SL,,
2026-09-21T09:09:44.269486+00:00,open,,MINAUSDT,ICT/SMC v2,long,,,0.12614,,0.1203847006700471,0.1347729489949292,0.1434058979898585,158.5,20.0,,,,,
2026-09-21T09:09:48.572066+00:00,close,,MOVRUSDT,ICT/SMC v2,long,,,0.846,0.8632837586355802,,,,11.82,,0.2042940270725577,3020.9566479514538,TP1,,
2026-09-21T09:11:00.373045+00:00,open,,PUMPUSDT,ICT/SMC v2,long,,,0.0044235,,0.0043268624035795,0.0045684563946307,0.0047134127892613,4521.3,20.0,,,,,
2026-09-21T09:12:05.108473+00:00,close,,SLPUSDT,ICT/SMC v2,long,,,0.000655,0.0006649951318378,,,,15267.1,,0.1525966772819384,3021.1092446287357,TP1,,
2026-09-21T09:13:06.400999+00:00,close,,TRXUSDT,ICT/SMC v2,long,,,0.343412,0.3444007137923445,,,,29.1,,0.0287715713572248,3021.138016200093,TP1,,
2026-09-21T09:18:57.709666+00:00,close,,ALICEUSDT,ICT/SMC v2,long,,,0.1389,0.1409532558925608,,,,71.99,,0.1478138917054524,3021.2858300917983,TP1,,
2026-09-21T09:19:30.425378+00:00,close,,ARKUSDT,ICT/SMC v2,short,,,0.1489,0.1508264936526921,,,,67.1,,-0.1292677240956415,3021.1565623677025,SL,,
2026-09-21T09:19:30.867865+00:00,close,,ARKUSDT,ICT/SMC v2,short,,,0.1489,0.1508264936526921,,,,67.2,,-0.1294603734609107,3021.0271019942415,SL,,
2026-09-21T09:20:56.189930+00:00,close,,CFXUSDT,Supertrend+ADX,long,,,0.0511265,0.0540079533420561,,,,293.38,,0.8453607814924403,3021.8724627757338,TP1,,
2026-09-21T09:21:47.382895+00:00,close,,EGLDUSDT,ICT/SMC v2,long,,,3.955,4.173463206328568,,,,2.528,,0.5522749855986206,3022.4247377613324,TP1,,
2026-09-21T09:23:44.385985+00:00,close,,KNCUSDT,ICT/SMC v2,long,,,0.1465,0.1495013045581294,,,,68.2594,,0.2048672483551808,3022.6296050096876,TP2,,
2026-09-21T09:26:04.854987+00:00,close,,RAREUSDT,ICT/SMC v2,long,,,0.01284,0.0131284863160688,,,,778.8,,0.2246731429544075,3022.854278152642,TP2,,
2026-09-21T09:28:35.735698+00:00,close,,VETUSDT,Supertrend+ADX,long,,,0.0083395999999999,0.0087704602884831,,,,1798.6,,0.7749453148658225,3023.629223467508,TP1,,
2026-09-21T09:29:12.417021+00:00,open,,ZRXUSDT,ICT/SMC v2,long,,,0.11755,,0.1166701384461848,0.1188697923307227,0.1201895846614453,170.14,20.0,,,,,
2026-09-21T09:33:54.335701+00:00,close,,ALICEUSDT,Supertrend+ADX,long,,,0.1372499999999999,0.1421189368143293,,,,109.28,,0.5320774150699077,3024.161300882578,TP1,,
2026-09-21T09:34:31.984523+00:00,open,,ARKUSDT,Supertrend+ADX,long,,,0.15225,,0.1487154337044505,0.1575518494433241,0.1628536988866483,197.0,30.0,,,,,
2026-09-21T09:34:34.890367+00:00,close,,ARKMUSDT,ICT/SMC v2,long,,,0.11655,0.1224511342429046,,,,85.8,,0.5063173180412196,3024.667618200619,TP2,,
2026-09-21T09:35:23.166139+00:00,close,,BLURUSDT,Supertrend+ADX,long,,,0.01895,0.0196293703051229,,,,791.5567,,0.537760116801074,3025.20537831742,TP1,,
2026-09-21T09:35:34.690716+00:00,close,,BONKUSDT,Supertrend+ADX,long,,,3.0341500000000004e-06,3.2209654292284804e-06,,,,4943723.9,,0.9235639023655948,3026.1289422197856,TP1,,
2026-09-21T09:36:20.502316+00:00,open,,DUSKUSDT,ICT/SMC v2,long,,,0.0829999999999999,,0.0805184071102934,0.0867223893345597,0.0904447786691195,240.9,20.0,,,,,
2026-09-21T09:36:22.314036+00:00,close,,DYDXUSDT,Supertrend+ADX,long,,,0.12955,0.1343616717724209,,,,115.78,,0.5570953578108944,3026.6860375775964,TP1,,
2026-09-21T09:36:25.560954+00:00,close,,DYDXUSDT,ICT/SMC v2,long,,,0.1311,0.1353275719462388,,,,76.27,,0.3224369123396371,3027.008474489936,TP1,,
2026-09-21T09:36:35.846286+00:00,close,,DYMUSDT,ICT/SMC v2,long,,,0.01695,0.0183307409348337,,,,590.0,,0.8146371515519107,3027.8231116414877,TP2,,
2026-09-21T09:36:51.384887+00:00,close,,ENSUSDT,ICT/SMC v2,long,,,6.53,6.711467854248711,,,,1.5313,,0.2778817252110503,3028.1009933666987,TP1,,
2026-09-21T09:37:04.061807+00:00,close,,ETCUSDT,Supertrend+ADX,long,,,8.433399999999999,8.759947967380455,,,,1.77,,0.5779899022634077,3028.6789832689615,TP1,,
2026-09-21T09:37:16.210110+00:00,close,,FILUSDT,ICT/SMC v2,long,,,0.9654,1.0111547766294169,,,,10.36,,0.4740194858807585,3029.153002754843,TP2,,
2026-09-21T09:38:12.493588+00:00,close,,ILVUSDT,Supertrend+ADX,long,,,3.507,3.644357997884214,,,,4.2771,,0.5874938927505741,3029.740496647594,TP1,,
2026-09-21T09:38:16.143730+00:00,close,,IMXUSDT,Supertrend+ADX,long,,,0.13715,0.1468819250307439,,,,109.3693,,1.064373828264946,3030.8048704758585,TP2,,
2026-09-21T09:38:29.738101+00:00,close,,JASMYUSDT,ICT/SMC v2,long,,,0.0040964999999999,0.00426409956387,,,,2441.1,,0.4091272953631337,3031.213997771222,TP2,,
2026-09-21T09:38:58.156579+00:00,close,,LINKUSDT,ICT/SMC v2,long,,,12.5636,13.084823721786291,,,,0.8,,0.4169789774290336,3031.6309767486505,TP2,,
2026-09-21T09:39:38.931781+00:00,close,,NEOUSDT,Supertrend+ADX,long,,,2.4072,2.5011452832034813,,,,6.231,,0.5853730596408918,3032.216349808292,TP1,,
2026-09-21T09:40:03.607224+00:00,open,,ORDIUSDT,ICT/SMC v2,long,,,4.8709,,4.779092709458596,5.008610935812104,5.1463218716242105,4.106,20.0,,,,,
2026-09-21T09:40:20.581882+00:00,close,,PEOPLEUSDT,Supertrend+ADX,short,,,0.008715,0.0089941294072346,,,,1721.17,,-0.4804291618500954,3031.7359206464416,SL,,
2026-09-21T09:40:32.732959+00:00,close,,POLUSDT,Supertrend+ADX,long,,,0.10655,0.1108871639026704,,,,140.7789,,0.610581163337652,3032.346501809779,TP1,,
2026-09-21T09:40:34.928915+00:00,close,,POLUSDT,ICT/SMC v2,long,,,0.10795,0.1113294471551984,,,,92.6354,,0.3130564390006662,3032.65955824878,TP1,,
2026-09-21T09:40:43.605550+00:00,close,,PORTALUSDT,Supertrend+ADX,long,,,0.018945,0.0204544249951013,,,,791.8,,1.195162711121211,3033.854720959901,TP2,,
2026-09-21T09:41:25.185689+00:00,close,,ROSEUSDT,ICT/SMC v2,long,,,0.00764,0.0078280132327362,,,,1308.9,,0.2460905203284235,3034.100811480229,TP1,,
2026-09-21T09:42:25.709039+00:00,close,,SUIUSDT,ICT/SMC v2,long,,,0.9276,1.0193879973948283,,,,10.7805,,0.989520505914947,3035.0903319861445,TP2,,
2026-09-21T09:42:45.246036+00:00,close,,SYNUSDT,ICT/SMC v2,short,,,0.2199499999999999,0.228666304160226,,,,45.4,,-0.3957202088742645,3034.6946117772704,SL,,
2026-09-21T09:42:45.858786+00:00,close,,SYNUSDT,ICT/SMC v2,short,,,0.2199499999999999,0.228666304160226,,,,45.5,,-0.3965918392902871,3034.2980199379804,SL,,
2026-09-21T09:43:15.297806+00:00,close,,TRBUSDT,ICT/SMC v2,long,,,18.429,18.772493383845923,,,,0.5426,,0.1863795100747966,3034.4843994480557,TP1,,
2026-09-21T09:43:46.132652+00:00,close,,WIFUSDT,ICT/SMC v2,long,,,0.20295,0.212047621406628,,,,49.27,,0.4482398067045634,3034.93263925476,TP2,,
2026-09-21T09:43:58.241838+00:00,close,,XLMUSDT,Supertrend+ADX,long,,,0.1934505,0.2079748068035265,,,,77.5,,1.1256337772733067,3036.058273032033,TP2,,
2026-09-21T09:48:36.310279+00:00,close,,ADAUSDT,Supertrend+ADX,long,,,0.2241545,0.2408226763291292,,,,66.9,,1.1151009964187435,3037.173374028452,TP2,,
2026-09-21T09:50:17.260852+00:00,open,,BIGTIMEUSDT,ICT/SMC v2,short,,,0.0082449999999999,,0.0083603960141577,0.0080719059787633,0.0078988119575266,2425.71,20.0,,,,,
2026-09-21T10:03:42.600965+00:00,open,,AGLDUSDT,ICT/SMC v2,long,,,0.20365,,0.2004837580233365,0.2083993629649951,0.2131487259299903,98.2077,20.0,,,,,
2026-09-21T10:04:09.599294+00:00,open,,APEUSDT,ICT/SMC v2,long,,,0.1424,,0.1403995862701954,0.1454006205947069,0.1484012411894138,140.44,20.0,,,,,
2026-09-21T10:05:03.889278+00:00,open,,AXSUSDT,ICT/SMC v2,long,,,1.04235,,1.028386719489203,1.0632949207661957,1.084239841532391,19.18,20.0,,,,,
2026-09-21T10:05:17.129768+00:00,open,,BEAMXUSDT,ICT/SMC v2,long,,,0.0019145,,0.0018872904496411,0.0019553143255382,0.0019961286510764,10446.5,20.0,,,,,
2026-09-21T10:05:53.421273+00:00,open,,CATIUSDT,ICT/SMC v2,long,,,0.066825,,0.0660292770495036,0.0680185844257445,0.069212168851489,299.2,20.0,,,,,
2026-09-21T10:06:17.282876+00:00,open,,COMPUSDT,ICT/SMC v2,long,,,22.235,,21.94430600535048,22.671040991974284,23.107081983948568,0.89948,20.0,,,,,
2026-09-21T10:06:22.570750+00:00,open,,CRVUSDT,ICT/SMC v2,long,,,0.3534,,0.3450272450942766,0.365959132358585,0.3785182647171701,56.5,20.0,,,,,
2026-09-21T10:06:33.803920+00:00,open,,DOGEUSDT,ICT/SMC v2,long,,,0.09189005,,0.089881083647486,0.0949034995287708,0.0979169490575417,217.6,20.0,,,,,
2026-09-21T10:06:38.044872+00:00,open,,DOGSUSDT,ICT/SMC v2,long,,,4.95e-05,,4.877060885552092e-05,5.059408671671861e-05,5.1688173433437225e-05,404040.4,20.0,,,,,
2026-09-21T10:06:44.213805+00:00,open,,DOTUSDT,ICT/SMC v2,long,,,1.1708,,1.1499199591871012,1.2021200612193486,1.233440122438697,17.08,20.0,,,,,
2026-09-21T10:07:33.413559+00:00,open,,FIDAUSDT,ICT/SMC v2,long,,,0.02131,,0.0210368828744758,0.0217196756882862,0.0221293513765724,938.526,20.0,,,,,
2026-09-21T10:07:36.436945+00:00,open,,FILUSDT,ICT/SMC v2,long,,,0.97065,,0.9464522334966888,1.0069466497549668,1.0432432995099337,20.6,20.0,,,,,
2026-09-21T10:07:41.437858+00:00,open,,FLOKIUSDT,ICT/SMC v2,long,,,2.6855e-05,,2.635507354179363e-05,2.760488968730955e-05,2.83547793746191e-05,744740.2,20.0,,,,,
2026-09-21T10:07:59.757341+00:00,open,,GMXUSDT,ICT/SMC v2,long,,,7.9749,,7.8709246603456915,8.130863009481462,8.286826018962927,2.5078,20.0,,,,,
2026-09-21T10:08:36.865400+00:00,open,,IMXUSDT,ICT/SMC v2,long,,,0.1475,,0.1449297258023165,0.1513554112965251,0.1552108225930502,135.5932,20.0,,,,,
2026-09-21T10:08:49.690057+00:00,open,,IOTAUSDT,ICT/SMC v2,long,,,0.0481,,0.0472883138839193,0.049317529174121,0.050535058348242,415.8,20.0,,,,,
2026-09-21T10:08:53.763761+00:00,open,,JASMYUSDT,ICT/SMC v2,long,,,0.004228,,0.0041648039598366,0.004322794060245,0.00441758812049,4730.3,20.0,,,,,
2026-09-21T10:09:10.768108+00:00,open,,KSMUSDT,ICT/SMC v2,long,,,4.625,,4.555096178445066,4.7298557323324015,4.834711464664803,4.324324,20.0,,,,,
2026-09-21T10:09:23.608717+00:00,open,,LPTUSDT,ICT/SMC v2,long,,,1.6918,,1.6535728400903766,1.7491407398644352,1.8064814797288704,11.8217,20.0,,,,,
2026-09-21T10:09:53.212330+00:00,open,,MEMEUSDT,ICT/SMC v2,long,,,0.0005895,,0.0005803426718928,0.0006032359921606,0.0006169719843213,33927.0,20.0,,,,,
2026-09-21T10:10:45.266048+00:00,open,,PEPEUSDT,ICT/SMC v2,long,,,4.1194e-06,,4.023662585033196e-06,4.263006122450206e-06,4.406612244900412e-06,4855075.9,20.0,,,,,
2026-09-21T10:11:07.648701+00:00,open,,PYTHUSDT,ICT/SMC v2,long,,,0.063555,,0.0623058560676316,0.0654287158985525,0.0673024317971052,314.68,20.0,,,,,
2026-09-21T10:11:43.532899+00:00,open,,RVNUSDT,ICT/SMC v2,long,,,0.0025599999999999,,0.0025136363151958,0.0026295455272062,0.0026990910544124,7812.5,20.0,,,,,
2026-09-21T10:11:57.898147+00:00,open,,SHIBUSDT,ICT/SMC v2,long,,,5.705e-06,,5.605879491124972e-06,5.853680763312544e-06,6.002361526625087e-06,3505696.7,20.0,,,,,
2026-09-21T10:12:24.131838+00:00,open,,STXUSDT,ICT/SMC v2,long,,,0.33115,,0.3245304584561385,0.3410793123157923,0.3510086246315845,60.3,20.0,,,,,
2026-09-21T10:12:32.472798+00:00,open,,SUNUSDT,ICT/SMC v2,long,,,0.01718,,0.0171019297709871,0.0172971053435193,0.0174142106870386,1164.1,20.0,,,,,
2026-09-21T10:12:36.279168+00:00,open,,SUPERUSDT,ICT/SMC v2,long,,,0.1446,,0.1425426010409645,0.1476860984385531,0.1507721968771062,138.3,20.0,,,,,
2026-09-21T10:13:12.960218+00:00,open,,TURBOUSDT,ICT/SMC v2,long,,,0.0010105,,0.0009949334011127,0.0010338498983309,0.0010571997966618,19792.1,20.0,,,,,
2026-09-21T10:13:20.181263+00:00,open,,UNIUSDT,ICT/SMC v2,long,,,8.9893,,8.738259697452008,9.36586045382199,9.742420907643975,2.22,20.0,,,,,
2026-09-21T10:13:26.160669+00:00,open,,VETUSDT,ICT/SMC v2,long,,,0.00872895,,0.0085783620403176,0.0089548319395235,0.009180713879047,2291.2,20.0,,,,,
2026-09-21T10:13:32.854258+00:00,open,,WUSDT,ICT/SMC v2,long,,,0.012,,0.0117519600831086,0.012372059875337,0.0127441197506741,1666.6,20.0,,,,,
2026-09-21T10:13:45.219094+00:00,open,,XLMUSDT,ICT/SMC v2,long,,,0.20805,,0.2040371026668563,0.2140693459997155,0.2200886919994311,96.1,20.0,,,,,
2026-09-21T10:13:55.197454+00:00,open,,ZKUSDT,ICT/SMC v2,long,,,0.01205,,0.0118186932717376,0.0123969600923935,0.0127439201847871,1659.7,20.0,,,,,
2026-09-21T10:13:58.394189+00:00,open,,ZROUSDT,ICT/SMC v2,long,,,1.201,,1.1685875700410646,1.2496186449384032,1.2982372898768064,16.65,20.0,,,,,
2026-09-21T10:19:07.714801+00:00,close,,AMPUSDT,ICT/SMC v2,long,,,0.0004555,0.0004757729305208,,,,21953.8,,0.4450678620675451,3037.618441890519,TP2,,
2026-09-21T10:20:00.976727+00:00,open,,BANDUSDT,ICT/SMC v2,long,,,0.2085,,0.2063205952537481,0.2117691071193778,0.2150382142387557,95.92326,20.0,,,,,
2026-09-21T10:21:58.576377+00:00,open,,ENAUSDT,Supertrend+ADX,long,,,0.2231,,0.2097242545257146,0.243163618211428,0.263227236422856,134.46,30.0,,,,,
2026-09-21T10:24:16.776144+00:00,open,,JTOUSDT,ICT/SMC v2,long,,,0.509,,0.4979428054413858,0.5255857918379213,0.5421715836758426,39.2,20.0,,,,,
2026-09-21T10:24:47.644845+00:00,open,,LQTYUSDT,ICT/SMC v2,long,,,0.2297,,0.2266537294357811,0.2342694058463283,0.2388388116926567,87.07,20.0,,,,,
2026-09-21T10:25:19.166321+00:00,open,,METISUSDT,ICT/SMC v2,long,,,3.635,,3.519991307764742,3.8075130383528863,3.980026076705773,5.502,20.0,,,,,
2026-09-21T10:27:39.482601+00:00,open,,SANDUSDT,ICT/SMC v2,long,,,0.0416399999999999,,0.0410060675802849,0.0425908986295725,0.043541797259145,480.3,20.0,,,,,
2026-09-21T10:27:46.199645+00:00,open,,SATSUSDT,ICT/SMC v2,long,,,1.185e-08,,1.1640105110532147e-08,1.216484233420178e-08,1.2479684668403555e-08,1687763713.0,20.0,,,,,
2026-09-21T10:28:26.000525+00:00,close,,SUPERUSDT,Supertrend+ADX,long,,,0.1379,0.1460048264379222,,,,108.7,,0.880994633802147,3038.499436524321,TP1,,
2026-09-21T10:28:41.777395+00:00,open,,TAOUSDT,ICT/SMC v2,long,,,279.755,,273.2049856391437,289.5800215412845,299.405043082569,0.0714,20.0,,,,,
2026-09-21T10:28:57.416729+00:00,close,,TRBUSDT,ICT/SMC v2,long,,,18.429,19.115986767691847,,,,0.5426,,0.3727590201495952,3038.8721955444707,TP2,,
2026-09-21T10:29:32.533897+00:00,open,,WIFUSDT,ICT/SMC v2,long,,,0.21195,,0.2075318216850261,0.2185772674724607,0.2252045349449216,94.36,20.0,,,,,
2026-09-21T10:29:44.530241+00:00,open,,XRPUSDT,ICT/SMC v2,long,,,1.48828,,1.466924703463393,1.5203129448049106,1.552345889609821,13.4,20.0,,,,,
2026-09-21T10:34:18.097363+00:00,close,,API3USDT,Supertrend+ADX,long,,,0.2486,0.2591197135158588,,,,60.3378,,0.6347363701771876,3039.506931914648,TP1,,
2026-09-21T10:34:56.723288+00:00,close,,AXSUSDT,Supertrend+ADX,long,,,1.00395,1.0732019782520617,,,,14.94,,1.034624555085799,3040.5415564697337,TP2,,
2026-09-21T10:35:00.104930+00:00,close,,AXSUSDT,ICT/SMC v2,long,,,1.04235,1.0632949207661957,,,,9.59,,0.2008617901478156,3040.7424182598816,TP1,,
2026-09-21T10:37:47.450192+00:00,close,,FLOWUSDT,ICT/SMC v2,long,,,0.03175,0.0325193593610437,,,,314.96,,0.2423174243543409,3040.984735684236,TP1,,
2026-09-21T10:42:58.574680+00:00,close,,SUPERUSDT,ICT/SMC v2,long,,,0.1446,0.1476860984385531,,,,69.1,,0.2132494021040205,3041.19798508634,TP1,,
2026-09-21T10:49:18.752817+00:00,close,,ARBUSDT,ICT/SMC v2,short,,,0.22125,0.228470713157098,,,,45.1977,,-0.3263596270605691,3040.87162545928,SL,,
2026-09-21T10:52:25.440871+00:00,open,,ETHFIUSDT,ICT/SMC v2,long,,,0.7523,,0.7357675483372593,0.7770986774941109,0.8018973549882218,26.5,20.0,,,,,
2026-09-21T10:53:34.427450+00:00,close,,IMXUSDT,ICT/SMC v2,long,,,0.1475,0.1513554112965251,,,,67.7966,,0.2613837775059963,3041.1330092367853,TP1,,
2026-09-21T10:53:35.298017+00:00,close,,IMXUSDT,ICT/SMC v2,long,,,0.1475,0.1552108225930502,,,,67.7966,,0.5227675550119927,3041.655776791797,TP2,,
2026-09-21T10:53:45.737339+00:00,close,,IOUSDT,ICT/SMC v2,short,,,0.14705,0.1495795182803428,,,,68.0,,-0.1720072430633094,3041.483769548734,SL,,
2026-09-21T10:54:30.087880+00:00,open,,LINKUSDT,ICT/SMC v2,long,,,13.0374,,12.830290865196632,13.348063702205051,13.658727404410104,1.53,20.0,,,,,
2026-09-21T10:55:48.812184+00:00,close,,ONDOUSDT,Supertrend+ADX,long,,,0.42378,0.4470147439387849,,,,35.39,,0.8222775879935952,3042.3060471367276,TP1,,
2026-09-21T10:57:12.400181+00:00,close,,RPLUSDT,ICT/SMC v2,long,,,1.8695,1.924206256381345,,,,5.349,,0.2926237653838154,3042.5986709021113,TP2,,
2026-09-21T10:58:51.878092+00:00,open,,SYNUSDT,ICT/SMC v2,long,,,0.22665,,0.2173237004407442,0.2406394493388837,0.2546288986777674,88.2,20.0,,,,,
2026-09-21T10:59:00.125385+00:00,close,,THETAUSDT,Supertrend+ADX,long,,,0.21675,0.2247692556590457,,,,69.2,,0.554932491605967,3043.153603393717,TP1,,
2026-09-23T04:33:37.981817+00:00,close,,AGLDUSDT,ICT/SMC v2,long,,,0.20365,0.2083993629649951,,,,49.1038,,0.23321176916053,3043.3868151628776,TP1,,
2026-09-23T04:33:38.960947+00:00,close,,AGLDUSDT,ICT/SMC v2,long,,,0.20365,0.20365,,,,49.1039,,0.0,3043.3868151628776,SL,,
2026-09-23T04:33:42.586912+00:00,open,,AGLDUSDT,ICT/SMC v2,long,,,0.2158,,0.213624966627709,0.2190625500584364,0.2223251001168728,92.6784,20.0,,,,,
2026-09-23T04:33:46.265110+00:00,close,,AIUSDT,ICT/SMC v2,short,,,0.01805,0.0184780477805649,,,,554.0,,-0.2371384704329901,3043.1496766924447,SL,,
2026-09-23T04:33:52.446599+00:00,close,,ALICEUSDT,Supertrend+ADX,long,,,0.1372499999999999,0.1469878736286586,,,,109.28,,1.0641548301398125,3044.2138315225848,TP2,,
2026-09-23T04:33:54.161007+00:00,close,,ALICEUSDT,ICT/SMC v2,long,,,0.1389,0.1430065117851216,,,,71.99,,0.2956277834109049,3044.5094593059953,TP2,,
2026-09-23T04:33:59.470152+00:00,close,,ALTUSDT,Supertrend+ADX,long,,,0.0072949999999999,0.0076239703651741,,,,2056.2,,0.6764288648710891,3045.1858881708663,TP1,,
2026-09-23T04:34:00.154003+00:00,close,,ALTUSDT,Supertrend+ADX,long,,,0.0072949999999999,0.0079529407303483,,,,2056.2,,1.3528577297421749,3046.538745900609,TP2,,
2026-09-23T04:34:05.028337+00:00,close,,AMPUSDT,Supertrend+ADX,long,,,0.0004615,0.0004840367543536,,,,32502.7,,0.7325053657315022,3047.2712512663397,TP1,,
2026-09-23T04:34:08.747691+00:00,close,,APEUSDT,ICT/SMC v2,long,,,0.1424,0.1454006205947069,,,,70.22,,0.2107035781603188,3047.4819548445007,TP1,,
2026-09-23T04:34:09.413702+00:00,close,,APEUSDT,ICT/SMC v2,long,,,0.1424,0.1484012411894138,,,,70.22,,0.4214071563206396,3047.903362000821,TP2,,
2026-09-23T04:34:12.497701+00:00,open,,APEUSDT,ICT/SMC v2,long,,,0.16255,,0.1590817525442728,0.1677523711835908,0.1729547423671815,123.03,20.0,,,,,
2026-09-23T04:34:14.534021+00:00,close,,API3USDT,Supertrend+ADX,long,,,0.2486,0.2696394270317176,,,,60.3379,,1.2694748442970785,3049.1728368451177,TP2,,
2026-09-23T04:34:16.144973+00:00,close,,API3USDT,ICT/SMC v2,long,,,0.2544,0.2595090155165395,,,,39.3081,,0.2008256928256874,3049.373662537944,TP1,,
2026-09-23T04:34:16.898516+00:00,close,,API3USDT,ICT/SMC v2,long,,,0.2544,0.2646180310330789,,,,39.3081,,0.4016513856513705,3049.775313923595,TP2,,
2026-09-23T04:34:20.632367+00:00,close,,APTUSDT,ICT/SMC v2,long,,,0.7408,0.795583101168782,,,,13.4989,,0.7395116043672705,3050.5148255279623,TP2,,
2026-09-23T04:34:24.690711+00:00,close,,ARUSDT,ICT/SMC v2,long,,,4.9305,4.686046679045505,,,,2.02,,-0.4937957083280799,3050.0210298196344,SL,,
2026-09-23T04:34:25.023421+00:00,close,,ARUSDT,ICT/SMC v2,long,,,4.9305,4.686046679045505,,,,2.03,,-0.4962402415376248,3049.5247895780967,SL,,
2026-09-23T04:34:30.771578+00:00,close,,ARKUSDT,Supertrend+ADX,long,,,0.15225,0.1575518494433241,,,,98.5,,0.5222321701674317,3050.047021748265,TP1,,
2026-09-23T04:34:31.495025+00:00,close,,ARKUSDT,Supertrend+ADX,long,,,0.15225,0.15225,,,,98.5,,0.0,3050.047021748265,SL,,
2026-09-23T04:34:36.772623+00:00,close,,ARPAUSDT,ICT/SMC v2,long,,,0.0106205,0.0107920826407593,,,,941.57,,0.1615570670597812,3050.2085788153245,TP1,,
2026-09-23T04:34:37.534655+00:00,close,,ARPAUSDT,ICT/SMC v2,long,,,0.0106205,0.0109636652815187,,,,941.58,,0.3231175657723793,3050.5316963810965,TP2,,
2026-09-23T04:34:41.626220+00:00,close,,ASTERUSDT,ICT/SMC v2,long,,,0.73785,0.73785,,,,13.5529,,0.0,3050.5316963810965,SL,,
2026-09-23T04:34:44.874459+00:00,close,,ATOMUSDT,Supertrend+ADX,long,,,1.71755,1.8316568931492487,,,,8.733,,0.99649549787239,3051.5281918789688,TP2,,
2026-09-23T04:34:47.891331+00:00,open,,ATOMUSDT,ICT/SMC v2,long,,,1.83705,,1.8121587350676216,1.874386897398568,1.911723794797136,10.887,20.0,,,,,
2026-09-23T04:34:51.598750+00:00,close,,AVNTUSDT,Supertrend+ADX,long,,,0.11224,0.1180000021626787,,,,133.642,,0.7697782090247166,3052.2979700879937,TP1,,
2026-09-23T04:34:52.882401+00:00,close,,AVNTUSDT,ICT/SMC v2,long,,,0.11373,0.11373,,,,87.927,,0.0,3052.2979700879937,SL,,
2026-09-23T04:34:55.504696+00:00,open,,AVNTUSDT,ICT/SMC v2,long,,,0.11982,,0.1178723554385792,0.1227414668421312,0.1256629336842624,166.917,20.0,,,,,
2026-09-23T04:34:58.938008+00:00,close,,AXSUSDT,ICT/SMC v2,long,,,1.04235,1.084239841532391,,,,9.59,,0.4017235802956313,3052.6996936682895,TP2,,
2026-09-23T04:35:02.332428+00:00,open,,AXSUSDT,ICT/SMC v2,long,,,1.14405,,1.1275181307178173,1.168847803923274,1.1936456078465485,17.48,20.0,,,,,
2026-09-23T04:35:10.148936+00:00,close,,BANDUSDT,ICT/SMC v2,long,,,0.2085,0.2117691071193778,,,,47.96163,,0.1567917060899668,3052.8564853743796,TP1,,
2026-09-23T04:35:10.846861+00:00,close,,BANDUSDT,ICT/SMC v2,long,,,0.2085,0.2150382142387557,,,,47.96163,,0.3135834121799323,3053.1700687865596,TP2,,
2026-09-23T04:35:19.150438+00:00,close,,BEAMXUSDT,ICT/SMC v2,long,,,0.0019145,0.0018872904496411,,,,5223.2,,-0.1421209234341511,3053.0279478631255,SL,,
2026-09-23T04:35:19.468262+00:00,close,,BEAMXUSDT,ICT/SMC v2,long,,,0.0019145,0.0018872904496411,,,,5223.3,,-0.142123644389187,3052.885824218736,SL,,
2026-09-23T04:35:23.155713+00:00,close,,BERAUSDT,Supertrend+ADX,long,,,0.21195,0.2306712950231499,,,,70.7714,,1.3249322586013506,3054.2107564773373,TP2,,
2026-09-23T04:35:29.099696+00:00,close,,BICOUSDT,Supertrend+ADX,long,,,0.0205,0.0231319536486709,,,,731.70732,,1.9258197506332215,3056.1365762279706,TP2,,
2026-09-23T04:35:32.689494+00:00,close,,BIGTIMEUSDT,Supertrend+ADX,long,,,0.0079949999999999,0.0085263044365643,,,,1876.17,,0.9968174447489636,3057.1333936727196,TP2,,
2026-09-23T04:35:34.300684+00:00,close,,BIGTIMEUSDT,ICT/SMC v2,short,,,0.0082449999999999,0.0083603960141577,,,,1212.85,,-0.13995805577125,3056.993435616949,SL,,
2026-09-23T04:35:34.619385+00:00,close,,BIGTIMEUSDT,ICT/SMC v2,short,,,0.0082449999999999,0.0083603960141577,,,,1212.86,,-0.1399592097313916,3056.853476407217,SL,,
2026-09-23T04:35:37.875321+00:00,open,,BIGTIMEUSDT,ICT/SMC v2,long,,,0.008825,,0.0086921680316993,0.0090242479524509,0.0092234959049018,2266.28,20.0,,,,,
2026-09-23T04:35:41.195589+00:00,close,,BLURUSDT,Supertrend+ADX,long,,,0.01895,0.0203087406102458,,,,791.5567,,1.0755202336021508,3057.928996640819,TP2,,
2026-09-23T04:35:44.538831+00:00,close,,BNBUSDT,Supertrend+ADX,long,,,781.78,803.9597158741736,,,,0.019,,0.4214146016092996,3058.350411242429,TP1,,
2026-09-23T04:35:52.681288+00:00,close,,BONKUSDT,Supertrend+ADX,long,,,3.0341500000000004e-06,3.4077808584569595e-06,,,,4943723.9,,1.8471278047311857,3060.19753904716,TP2,,
2026-09-23T04:36:02.149901+00:00,close,,CATIUSDT,ICT/SMC v2,long,,,0.066825,0.0660292770495036,,,,149.6,,-0.1190401533942535,3060.0784988937658,SL,,
2026-09-23T04:36:10.056489+00:00,close,,CETUSUSDT,ICT/SMC v2,long,,,0.025895,0.025895,,,,386.175,,0.0,3060.078498893766,SL,,
2026-09-23T04:36:14.214259+00:00,close,,CFXUSDT,ICT/SMC v2,long,,,0.0534395,0.0550939356122142,,,,187.12,,0.3095779917575351,3060.388076885524,TP1,,
2026-09-23T04:36:14.867612+00:00,close,,CFXUSDT,ICT/SMC v2,long,,,0.0534395,0.0534395,,,,187.13,,0.0,3060.388076885524,SL,,
2026-09-23T04:36:18.275096+00:00,close,,CHRUSDT,Supertrend+ADX,long,,,0.016973,0.0182183591989306,,,,883.76,,1.100598645646983,3061.4886755311713,TP2,,
2026-09-23T04:36:23.458422+00:00,close,,CKBUSDT,ICT/SMC v2,long,,,0.0012534999999999,0.0012977126513046,,,,7977.66,,0.3527134998073606,3061.841389030979,TP2,,
2026-09-23T04:36:26.872834+00:00,close,,COMPUSDT,ICT/SMC v2,long,,,22.235,22.671040991974284,,,,0.44974,,0.1961050757305145,3062.037494106709,TP1,,
2026-09-23T04:36:27.607226+00:00,close,,COMPUSDT,ICT/SMC v2,long,,,22.235,22.235,,,,0.44974,,0.0,3062.037494106709,SL,,
2026-09-23T04:36:32.115612+00:00,close,,CRVUSDT,ICT/SMC v2,long,,,0.3534,0.365959132358585,,,,28.2,,0.3541675325120992,3062.391661639221,TP1,,
2026-09-23T04:36:32.777410+00:00,close,,CRVUSDT,ICT/SMC v2,long,,,0.3534,0.3534,,,,28.3,,0.0,3062.391661639221,SL,,
2026-09-23T04:36:37.917131+00:00,close,,CYBERUSDT,Supertrend+ADX,long,,,0.3185,0.3331285626913612,,,,47.095,,0.6889321599496558,3063.0805937991713,TP1,,
2026-09-23T04:36:38.618871+00:00,close,,CYBERUSDT,Supertrend+ADX,long,,,0.3185,0.3477571253827225,,,,47.096,,1.3778935770246994,3064.4584873761955,TP2,,
2026-09-23T04:36:41.532012+00:00,open,,CYBERUSDT,ICT/SMC v2,long,,,0.3655,,0.3596317725040597,0.3743023412439103,0.3831046824878207,54.719,20.0,,,,,
2026-09-23T04:36:45.822229+00:00,close,,DIAUSDT,ICT/SMC v2,long,,,0.1333,0.1377305017674527,,,,75.0,,0.3322876325589557,3064.7907750087543,TP2,,
2026-09-23T04:36:49.298320+00:00,close,,DOGEUSDT,ICT/SMC v2,long,,,0.09189005,0.0949034995287708,,,,108.8,,0.3278633087302712,3065.1186383174845,TP1,,
2026-09-23T04:36:49.960720+00:00,close,,DOGEUSDT,ICT/SMC v2,long,,,0.09189005,0.0979169490575417,,,,108.8,,0.6557266174605441,3065.774364934945,TP2,,
2026-09-23T04:36:56.618376+00:00,close,,DOGSUSDT,ICT/SMC v2,long,,,4.95e-05,4.877060885552092e-05,,,,202020.2,,-0.1473517448858918,3065.627013190059,SL,,
2026-09-23T04:37:00.935577+00:00,close,,DOTUSDT,Supertrend+ADX,long,,,1.11305,1.2062308268461517,,,,13.47,,1.255145737617662,3066.8821589276768,TP2,,
2026-09-23T04:37:02.588069+00:00,close,,DOTUSDT,ICT/SMC v2,long,,,1.1708,1.2021200612193486,,,,8.54,,0.2674733228132361,3067.14963225049,TP1,,
2026-09-23T04:37:03.222713+00:00,close,,DOTUSDT,ICT/SMC v2,long,,,1.1708,1.1708,,,,8.54,,0.0,3067.14963225049,SL,,
2026-09-23T04:37:06.712691+00:00,close,,DUSKUSDT,ICT/SMC v2,long,,,0.0829999999999999,0.0867223893345597,,,,120.4,,0.4481756758809953,3067.597807926371,TP1,,
2026-09-23T04:37:07.365463+00:00,close,,DUSKUSDT,ICT/SMC v2,long,,,0.0829999999999999,0.0904447786691195,,,,120.5,,0.8970958296289042,3068.494903756,TP2,,
2026-09-23T04:37:10.720173+00:00,close,,DYDXUSDT,Supertrend+ADX,long,,,0.12955,0.1391733435448418,,,,115.78,,1.1141907156217856,3069.6090944716216,TP2,,
2026-09-23T04:37:12.484362+00:00,close,,DYDXUSDT,ICT/SMC v2,long,,,0.1311,0.1395551438924777,,,,76.28,,0.6449583761181991,3070.25405284774,TP2,,
2026-09-23T04:37:16.524833+00:00,close,,DYMUSDT,Supertrend+ADX,long,,,0.0170999999999999,0.0191222929947368,,,,877.1,,1.773753185683664,3072.0278060334235,TP2,,
2026-09-23T04:37:22.463335+00:00,close,,EGLDUSDT,ICT/SMC v2,long,,,3.955,4.391926412657137,,,,2.528,,1.1045499711972413,3073.1323560046208,TP2,,
2026-09-23T04:37:26.111272+00:00,close,,EIGENUSDT,Supertrend+ADX,long,,,0.2343,0.2484783890447126,,,,64.02,,0.9077004666425011,3074.040056471263,TP1,,
2026-09-23T04:37:26.803269+00:00,close,,EIGENUSDT,Supertrend+ADX,long,,,0.2343,0.2343,,,,64.02,,0.0,3074.040056471263,SL,,
2026-09-23T04:37:30.150536+00:00,close,,ENAUSDT,Supertrend+ADX,long,,,0.2231,0.2097242545257146,,,,67.23,,-0.8992513682362046,3073.140805103027,SL,,
2026-09-23T04:37:34.151860+00:00,close,,ENSUSDT,Supertrend+ADX,long,,,6.3155,6.952291415153928,,,,2.3751,,1.512443290132094,3074.653248393159,TP2,,
2026-09-23T04:37:36.168886+00:00,close,,ENSUSDT,ICT/SMC v2,long,,,6.53,6.892935708497421,,,,1.5313,,0.5557634504221007,3075.2090118435813,TP2,,
2026-09-23T04:37:41.388146+00:00,close,,ERAUSDT,ICT/SMC v2,long,,,0.0643,0.0668299710228644,,,,155.521,,0.3934636234468981,3075.602475467028,TP2,,
2026-09-23T04:37:46.581893+00:00,close,,ETCUSDT,Supertrend+ADX,long,,,8.433399999999999,9.08649593476091,,,,1.77,,1.1559798045268124,3076.758455271555,TP2,,
2026-09-23T04:37:52.096350+00:00,close,,ETHFIUSDT,ICT/SMC v2,long,,,0.7523,0.7357675483372593,,,,13.2,,-0.2182283619481765,3076.5402269096066,SL,,
2026-09-23T04:37:52.465133+00:00,close,,ETHFIUSDT,ICT/SMC v2,long,,,0.7523,0.7357675483372593,,,,13.3,,-0.2198816071144505,3076.320345302492,SL,,
2026-09-23T04:37:58.021383+00:00,close,,FIDAUSDT,Supertrend+ADX,long,,,0.020735,0.0218223894478369,,,,723.415,,0.7866338374069791,3077.106979139899,TP2,,
2026-09-23T04:38:00.174750+00:00,close,,FIDAUSDT,ICT/SMC v2,long,,,0.02131,0.0217196756882862,,,,469.263,,0.1922456425122652,3077.2992247824113,TP1,,
2026-09-23T04:38:00.839280+00:00,close,,FIDAUSDT,ICT/SMC v2,long,,,0.02131,0.02131,,,,469.263,,0.0,3077.2992247824113,SL,,
2026-09-23T04:38:05.284043+00:00,close,,FILUSDT,ICT/SMC v2,long,,,0.97065,1.0069466497549668,,,,10.3,,0.3738554924761583,3077.6730802748875,TP1,,
2026-09-23T04:38:06.355990+00:00,close,,FILUSDT,ICT/SMC v2,long,,,0.97065,0.97065,,,,10.3,,0.0,3077.6730802748875,SL,,
2026-09-23T04:38:12.201392+00:00,close,,FLOKIUSDT,ICT/SMC v2,long,,,2.6855e-05,2.760488968730955e-05,,,,372370.1,,0.2792364978524263,3077.95231677274,TP1,,
2026-09-23T04:38:12.855994+00:00,close,,FLOKIUSDT,ICT/SMC v2,long,,,2.6855e-05,2.83547793746191e-05,,,,372370.1,,0.5584729957048514,3078.510789768445,TP2,,
2026-09-23T04:38:16.662509+00:00,close,,FLOWUSDT,ICT/SMC v2,long,,,0.03175,0.03175,,,,314.96,,0.0,3078.510789768445,SL,,
2026-09-23T04:38:26.481163+00:00,close,,GALAUSDT,Supertrend+ADX,long,,,0.001909,0.0020710623457175,,,,7857.5,,1.273404881475903,3079.784194649921,TP2,,
2026-09-23T04:38:29.325669+00:00,open,,GALAUSDT,ICT/SMC v2,long,,,0.00215,,0.0021156304628491,0.0022015543057262,0.0022531086114525,9302.3,20.0,,,,,
2026-09-23T04:38:32.857735+00:00,close,,GMXUSDT,ICT/SMC v2,long,,,7.9749,7.8709246603456915,,,,1.2539,,-0.1303746783925372,3079.6538199715287,SL,,
2026-09-23T04:38:38.221077+00:00,close,,GRTUSDT,ICT/SMC v2,long,,,0.0224499999999999,0.0240310658877219,,,,445.4,,0.7042067463913755,3080.35802671792,TP2,,
2026-09-23T04:38:40.924048+00:00,open,,GRTUSDT,ICT/SMC v2,long,,,0.02649,,0.0258632570744809,0.0274301143882785,0.028370228776557,755.0,20.0,,,,,
2026-09-23T04:38:43.564078+00:00,close,,GTCUSDT,ICT/SMC v2,long,,,0.0859,0.0876181663493593,,,,116.4144,,0.2000193046608547,3080.558046022581,TP1,,
2026-09-23T04:38:44.229830+00:00,close,,GTCUSDT,ICT/SMC v2,long,,,0.0859,0.0859,,,,116.4144,,0.0,3080.558046022581,SL,,
2026-09-23T04:38:47.422829+00:00,close,,HBARUSDT,Supertrend+ADX,long,,,0.082575,0.0919123316942893,,,,181.7,,1.6965931688523752,3082.2546391914334,TP2,,
2026-09-23T04:38:49.018604+00:00,close,,HBARUSDT,ICT/SMC v2,long,,,0.086115,0.090722332357748,,,,116.1,,0.5349112867345464,3082.789550478168,TP1,,
2026-09-23T04:38:49.729000+00:00,close,,HBARUSDT,ICT/SMC v2,long,,,0.086115,0.095329664715496,,,,116.1,,1.0698225734690912,3083.8593730516372,TP2,,
2026-09-23T04:39:00.860028+00:00,close,,ICPUSDT,Supertrend+ADX,long,,,2.829,3.039011911230378,,,,5.3,,1.1130631295210056,3084.972436181158,TP2,,
2026-09-23T04:39:02.164516+00:00,close,,ICPUSDT,ICT/SMC v2,short,,,2.965,3.019245328453845,,,,3.37,,-0.1828067568894587,3084.7896294242687,SL,,
2026-09-23T04:39:06.301078+00:00,close,,IDUSDT,Supertrend+ADX,long,,,0.03575,0.03710155295965,,,,419.58,,0.5670845908099691,3085.3567140150785,TP1,,
2026-09-23T04:39:06.985137+00:00,close,,IDUSDT,Supertrend+ADX,long,,,0.03575,0.0384531059193001,,,,419.58,,1.1341691816199382,3086.490883196699,TP2,,
2026-09-23T04:39:10.250778+00:00,close,,ILVUSDT,Supertrend+ADX,long,,,3.507,3.781715995768428,,,,4.2772,,1.1750152571007229,3087.6658984537994,TP2,,
2026-09-23T04:39:18.145290+00:00,close,,INJUSDT,ICT/SMC v2,long,,,7.818,7.580981464624209,,,,1.279,,-0.3031467067456364,3087.3627517470536,SL,,
2026-09-23T04:39:18.460092+00:00,close,,INJUSDT,ICT/SMC v2,long,,,7.818,7.580981464624209,,,,1.2791,,-0.3031704085991739,3087.0595813384543,SL,,
2026-09-23T04:39:26.024318+00:00,close,,IOTAUSDT,ICT/SMC v2,long,,,0.0481,0.0472883138839193,,,,207.9,,-0.1687495435331745,3086.8908317949213,SL,,
2026-09-23T04:39:30.077419+00:00,close,,JASMYUSDT,ICT/SMC v2,long,,,0.004228,0.004322794060245,,,,2365.1,,0.2241974318855613,3087.1150292268067,TP1,,
2026-09-23T04:39:30.739303+00:00,close,,JASMYUSDT,ICT/SMC v2,long,,,0.004228,0.00441758812049,,,,2365.2,,0.4484138225831695,3087.5634430493897,TP2,,
2026-09-23T04:39:39.825539+00:00,close,,JTOUSDT,ICT/SMC v2,long,,,0.509,0.5255857918379213,,,,19.6,,0.3250815200232576,3087.8885245694128,TP1,,
2026-09-23T04:39:40.467346+00:00,close,,JTOUSDT,ICT/SMC v2,long,,,0.509,0.509,,,,19.6,,0.0,3087.8885245694128,SL,,
2026-09-23T04:39:45.246767+00:00,close,,JUPUSDT,ICT/SMC v2,long,,,0.3048499999999999,0.2962002154808064,,,,32.8,,-0.2837129322295491,3087.6048116371826,SL,,
2026-09-23T04:39:52.627888+00:00,close,,KSMUSDT,ICT/SMC v2,long,,,4.625,4.7298557323324015,,,,2.162162,,0.2267150799312899,3087.831526717114,TP1,,
2026-09-23T04:39:53.303315+00:00,close,,KSMUSDT,ICT/SMC v2,long,,,4.625,4.625,,,,2.162162,,0.0,3087.831526717114,SL,,
2026-09-23T04:39:59.919756+00:00,close,,LDOUSDT,ICT/SMC v2,long,,,0.4337999999999999,0.4247747979495878,,,,23.052,,-0.2080489576661004,3087.6234777594477,SL,,
2026-09-23T04:40:00.279926+00:00,close,,LDOUSDT,ICT/SMC v2,long,,,0.4337999999999999,0.4247747979495878,,,,23.0521,,-0.2080498601863054,3087.415427899262,SL,,
2026-09-23T04:40:08.759626+00:00,close,,LINKUSDT,ICT/SMC v2,long,,,13.0374,12.830290865196632,,,,0.76,,-0.1574029424505593,3087.258024956811,SL,,
2026-09-23T04:40:09.162091+00:00,close,,LINKUSDT,ICT/SMC v2,long,,,13.0374,12.830290865196632,,,,0.77,,-0.159474033798593,3087.098550923012,SL,,
2026-09-23T04:40:12.680132+00:00,close,,LPTUSDT,ICT/SMC v2,long,,,1.6918,1.7491407398644352,,,,5.9108,,0.3389296451907037,3087.437480568203,TP1,,
2026-09-23T04:40:13.400941+00:00,close,,LPTUSDT,ICT/SMC v2,long,,,1.6918,1.6918,,,,5.9109,,0.0,3087.437480568203,SL,,
2026-09-23T04:40:16.904561+00:00,close,,LQTYUSDT,ICT/SMC v2,long,,,0.2297,0.2342694058463283,,,,43.535,,0.1989290835199054,3087.6364096517227,TP1,,
2026-09-23T04:40:17.681511+00:00,close,,LQTYUSDT,ICT/SMC v2,long,,,0.2297,0.2297,,,,43.535,,0.0,3087.6364096517227,SL,,
2026-09-23T04:40:26.255702+00:00,close,,LUNCUSDT,ICT/SMC v2,long,,,5.455e-05,5.699414625069405e-05,,,,183318.0,,0.4480560023847317,3088.0844656541076,TP1,,
2026-09-23T04:40:26.931865+00:00,close,,LUNCUSDT,ICT/SMC v2,long,,,5.455e-05,5.455e-05,,,,183318.0,,0.0,3088.0844656541076,SL,,
2026-09-23T04:40:32.154253+00:00,close,,MANAUSDT,Supertrend+ADX,long,,,0.081635,0.086779862557789,,,,183.7,,0.945111251865841,3089.0295769059735,TP2,,
2026-09-23T04:40:39.323132+00:00,close,,MASKUSDT,ICT/SMC v2,long,,,0.481,0.4945344005040728,,,,20.79002,,0.2813804571676844,3089.310957363142,TP1,,
2026-09-23T04:40:40.001343+00:00,close,,MASKUSDT,ICT/SMC v2,long,,,0.481,0.481,,,,20.79002,,0.0,3089.310957363142,SL,,
2026-09-23T04:40:42.731373+00:00,open,,MASKUSDT,Supertrend+ADX,long,,,0.498,,0.4889470688257638,0.5115793967613543,0.5251587935227087,60.24096,30.0,,,,,
2026-09-23T04:40:49.915598+00:00,close,,MEMEUSDT,ICT/SMC v2,long,,,0.0005895,0.0006032359921606,,,,16963.5,,0.233010503017404,3089.5439678661587,TP1,,
2026-09-23T04:40:50.560638+00:00,close,,MEMEUSDT,ICT/SMC v2,long,,,0.0005895,0.0005895,,,,16963.5,,0.0,3089.5439678661587,SL,,
2026-09-23T04:41:07.388507+00:00,close,,MINAUSDT,ICT/SMC v2,long,,,0.12614,0.1203847006700471,,,,79.2,,-0.4558197069322656,3089.0881481592264,SL,,
2026-09-23T04:41:07.713423+00:00,close,,MINAUSDT,ICT/SMC v2,long,,,0.12614,0.1203847006700471,,,,79.3,,-0.4563952368652608,3088.631752922361,SL,,
2026-09-23T04:41:13.195972+00:00,close,,MOVRUSDT,ICT/SMC v2,long,,,0.846,0.8805675172711602,,,,11.82,,0.4085880541451142,3089.0403409765063,TP2,,
2026-09-23T04:41:16.081009+00:00,open,,MOVRUSDT,ICT/SMC v2,long,,,0.9425,,0.9256709289940692,0.9677436065088962,0.9929872130177922,21.22,20.0,,,,,
2026-09-23T04:41:19.768829+00:00,close,,NEARUSDT,ICT/SMC v2,long,,,4.0801,4.0801,,,,2.5,,0.0,3089.0403409765063,SL,,
2026-09-23T04:41:23.573027+00:00,close,,NEOUSDT,Supertrend+ADX,long,,,2.4072,2.595090566406962,,,,6.231,,1.170746119281781,3090.211087095788,TP2,,
2026-09-23T04:41:25.078047+00:00,close,,NEOUSDT,ICT/SMC v2,long,,,2.4386,2.528594277009255,,,,4.101,,0.3690665300149547,3090.5801536258027,TP2,,
2026-09-23T04:41:29.043508+00:00,close,,NEWTUSDT,Supertrend+ADX,long,,,0.0459549999999999,0.0495351059506615,,,,326.406,,1.1685680629316246,3091.748721688735,TP2,,
2026-09-23T04:41:37.446630+00:00,close,,NOTUSDT,ICT/SMC v2,long,,,0.000484,0.0005100780859909,,,,20661.2,,0.5388045502764716,3092.2875262390107,TP2,,
2026-09-23T04:41:41.021171+00:00,open,,NOTUSDT,ICT/SMC v2,long,,,0.0005161499999999,,0.0005105289219463,0.0005245816170804,0.0005330132341609,38748.4,20.0,,,,,
2026-09-23T04:41:55.283430+00:00,close,,ORDIUSDT,ICT/SMC v2,long,,,4.8709,5.008610935812104,,,,2.053,,0.2827205512222505,3092.570246790234,TP1,,
2026-09-23T04:41:55.927787+00:00,close,,ORDIUSDT,ICT/SMC v2,long,,,4.8709,4.8709,,,,2.053,,0.0,3092.570246790234,SL,,
2026-09-23T04:42:01.407055+00:00,close,,PENDLEUSDT,Supertrend+ADX,long,,,2.6403,2.545000768355919,,,,5.6,,-0.5336756972068538,3092.0365710930264,SL,,
2026-09-23T04:42:01.732772+00:00,close,,PENDLEUSDT,Supertrend+ADX,long,,,2.6403,2.545000768355919,,,,5.7,,-0.543205620371262,3091.4933654726547,SL,,
2026-09-23T04:42:06.983903+00:00,close,,PEPEUSDT,Supertrend+ADX,long,,,4.08355e-06,4.280191266327928e-06,,,,3673274.4,,0.7223173295859611,3092.215682802241,TP1,,
2026-09-23T04:42:07.650703+00:00,close,,PEPEUSDT,Supertrend+ADX,long,,,4.08355e-06,4.476832532655856e-06,,,,3673274.5,,1.4446346985001723,3093.6603175007417,TP2,,
2026-09-23T04:42:09.025963+00:00,close,,PEPEUSDT,ICT/SMC v2,long,,,4.1194e-06,4.263006122450206e-06,,,,2427537.9,,0.3486093049199165,3094.0089268056618,TP1,,
2026-09-23T04:42:09.701412+00:00,close,,PEPEUSDT,ICT/SMC v2,long,,,4.1194e-06,4.406612244900412e-06,,,,2427538.0,,0.6972186385610554,3094.7061454442223,TP2,,
2026-09-23T04:42:18.325576+00:00,open,,PIXELUSDT,ICT/SMC v2,long,,,0.00581,,0.005740363330466,0.0059144550043009,0.0060189100086018,3442.3,20.0,,,,,
2026-09-23T04:42:19.825836+00:00,close,,POLUSDT,Supertrend+ADX,long,,,0.10655,0.10655,,,,140.779,,0.0,3094.7061454442223,SL,,
2026-09-23T04:42:21.308331+00:00,close,,POLUSDT,ICT/SMC v2,long,,,0.10795,0.10795,,,,92.6355,,0.0,3094.7061454442223,SL,,
2026-09-23T04:42:24.849640+00:00,close,,POLYXUSDT,Supertrend+ADX,long,,,0.04145,0.0426311757948738,,,,361.8,,0.4273494025853603,3095.1334948468075,TP1,,
2026-09-23T04:42:25.529582+00:00,close,,POLYXUSDT,Supertrend+ADX,long,,,0.04145,0.0438123515897476,,,,361.9,,0.8549350403296904,3095.988429887137,TP2,,
2026-09-23T04:42:30.888635+00:00,close,,PROMUSDT,ICT/SMC v2,short,,,5.002000000000001,5.092520013079833,,,,1.99,,-0.1801348260288657,3095.808295061108,SL,,
2026-09-23T04:42:31.222611+00:00,close,,PROMUSDT,ICT/SMC v2,short,,,5.002000000000001,5.092520013079833,,,,2.0,,-0.181040026159664,3095.6272550349486,SL,,
2026-09-23T04:42:35.569641+00:00,close,,PUMPUSDT,ICT/SMC v2,long,,,0.0044235,0.0043268624035795,,,,2260.65,,-0.2184637823479266,3095.4087912526006,SL,,
2026-09-23T04:42:41.341524+00:00,close,,PYTHUSDT,ICT/SMC v2,long,,,0.063555,0.0654287158985525,,,,157.34,,0.2948104594782647,3095.703601712079,TP1,,
2026-09-23T04:42:42.004393+00:00,close,,PYTHUSDT,ICT/SMC v2,long,,,0.063555,0.063555,,,,157.34,,0.0,3095.703601712079,SL,,
2026-09-23T04:42:45.833626+00:00,close,,RAREUSDT,Supertrend+ADX,long,,,0.0124249999999999,0.013301252707747,,,,1207.2,,1.0578122687922191,3096.7614139808707,TP2,,
2026-09-23T04:42:49.394545+00:00,close,,RAYUSDT,Supertrend+ADX,long,,,1.721,1.8451570823853736,,,,8.7,,1.0801666167527493,3097.8415805976238,TP1,,
2026-09-23T04:43:00.538143+00:00,close,,RENDERUSDT,ICT/SMC v2,long,,,1.6635,1.820761877978148,,,,6.01,,0.9451438866486698,3098.7867244842723,TP2,,
2026-09-23T04:43:07.848391+00:00,close,,ROSEUSDT,Supertrend+ADX,long,,,0.00748,0.00748,,,,2005.3,,0.0,3098.7867244842723,SL,,
2026-09-23T04:43:09.282147+00:00,close,,ROSEUSDT,ICT/SMC v2,long,,,0.00764,0.00764,,,,1308.9,,0.0,3098.7867244842723,SL,,
2026-09-23T04:43:19.177249+00:00,open,,RUNEUSDT,ICT/SMC v2,short,,,0.64395,,0.6506578694520778,0.6338881958218834,0.6238263916437669,31.0,20.0,,,,,
2026-09-23T04:43:20.892456+00:00,close,,RVNUSDT,Supertrend+ADX,long,,,0.00252,0.0026691217853663,,,,5952.3,,0.8876176030358539,3099.674342087308,TP1,,
2026-09-23T04:43:22.371213+00:00,close,,RVNUSDT,ICT/SMC v2,long,,,0.0025599999999999,0.0026295455272062,,,,3906.2,,0.2716587383729058,3099.946000825681,TP1,,
2026-09-23T04:43:23.080355+00:00,close,,RVNUSDT,ICT/SMC v2,long,,,0.0025599999999999,0.0025599999999999,,,,3906.3,,0.0,3099.946000825681,SL,,
2026-09-23T04:43:30.334134+00:00,close,,SANDUSDT,ICT/SMC v2,long,,,0.0416399999999999,0.0410060675802849,,,,240.1,,-0.1522071739735754,3099.7937936517073,SL,,
2026-09-23T04:43:30.662696+00:00,close,,SANDUSDT,ICT/SMC v2,long,,,0.0416399999999999,0.0410060675802849,,,,240.2,,-0.1522705672155469,3099.641523084492,SL,,
2026-09-23T04:43:34.445924+00:00,close,,SATSUSDT,Supertrend+ADX,long,,,1.16e-08,1.2050792299169774e-08,,,,1293103448.2,,0.5829210764784385,3100.22444416097,TP1,,
2026-09-23T04:43:35.110212+00:00,close,,SATSUSDT,Supertrend+ADX,long,,,1.16e-08,1.2501584598339546e-08,,,,1293103448.3,,1.165842153047035,3101.3902863140174,TP2,,
2026-09-23T04:43:36.691065+00:00,close,,SATSUSDT,ICT/SMC v2,long,,,1.185e-08,1.216484233420178e-08,,,,843881856.5,,0.2656897334909916,3101.655976047508,TP1,,
2026-09-23T04:43:37.370950+00:00,close,,SATSUSDT,ICT/SMC v2,long,,,1.185e-08,1.185e-08,,,,843881856.5,,0.0,3101.655976047508,SL,,
2026-09-23T04:43:42.829042+00:00,close,,SHIBUSDT,Supertrend+ADX,long,,,5.52e-06,5.897376915931536e-06,,,,2717391.3,,1.025480748173189,3102.6814567956817,TP2,,
2026-09-23T04:43:44.091360+00:00,close,,SHIBUSDT,ICT/SMC v2,long,,,5.705e-06,5.853680763312544e-06,,,,1752848.3,,0.2606148232150949,3102.9420716188965,TP1,,
2026-09-23T04:43:44.762797+00:00,close,,SHIBUSDT,ICT/SMC v2,long,,,5.705e-06,5.705e-06,,,,1752848.4,,0.0,3102.9420716188965,SL,,
2026-09-23T04:43:52.358874+00:00,close,,SLPUSDT,ICT/SMC v2,long,,,0.000655,0.0006749902636757,,,,15267.1,,0.3051933545638768,3103.2472649734605,TP2,,
2026-09-23T04:43:59.792980+00:00,close,,STGUSDT,ICT/SMC v2,short,,,0.1217,0.1276897422414748,,,,82.1692,,-0.4921723281881938,3102.7550926452723,SL,,
2026-09-23T04:44:00.132925+00:00,close,,STGUSDT,ICT/SMC v2,short,,,0.1217,0.1276897422414748,,,,82.1693,,-0.492172927162418,3102.26291971811,SL,,
2026-09-23T04:44:06.423684+00:00,close,,STRKUSDT,ICT/SMC v2,long,,,0.04605,0.04605,,,,217.16,,0.0,3102.26291971811,SL,,
2026-09-23T04:44:12.537285+00:00,close,,STXUSDT,Supertrend+ADX,long,,,0.3295,0.3459153105117239,,,,45.5,,0.7468966282834375,3103.0098163463936,TP1,,
2026-09-23T04:44:14.808598+00:00,close,,STXUSDT,ICT/SMC v2,long,,,0.33115,0.3410793123157923,,,,30.1,,0.2988723007053483,3103.3086886470987,TP1,,
2026-09-23T04:44:15.463644+00:00,close,,STXUSDT,ICT/SMC v2,long,,,0.33115,0.33115,,,,30.1,,0.0,3103.3086886470987,SL,,
2026-09-23T04:44:21.204109+00:00,close,,SUNUSDT,Supertrend+ADX,long,,,0.01706015,0.017363825348639,,,,879.2,,0.2669913665234296,3103.5756800136223,TP2,,
2026-09-23T04:44:22.912685+00:00,close,,SUNUSDT,ICT/SMC v2,long,,,0.01718,0.0172971053435193,,,,582.0,,0.0681553099282401,3103.643835323551,TP1,,
2026-09-23T04:44:23.609602+00:00,close,,SUNUSDT,ICT/SMC v2,long,,,0.01718,0.01718,,,,582.0,,0.0,3103.643835323551,SL,,
2026-09-23T04:44:27.141867+00:00,close,,SUPERUSDT,Supertrend+ADX,long,,,0.1379,0.1541096528758445,,,,108.8,,1.7636102328918783,3105.407445556443,TP2,,
2026-09-23T04:44:28.563649+00:00,close,,SUPERUSDT,ICT/SMC v2,long,,,0.1446,0.1507721968771062,,,,69.2,,0.4271160238957518,3105.8345615803387,TP2,,
2026-09-23T04:44:31.893980+00:00,close,,SUSHIUSDT,Supertrend+ADX,long,,,0.2464,0.2647820684349322,,,,60.877,,1.1190451801133694,3106.953606760452,TP2,,
2026-09-23T04:44:37.102143+00:00,close,,SYNUSDT,ICT/SMC v2,long,,,0.22665,0.2406394493388837,,,,44.1,,0.6169347158447718,3107.5705414762974,TP1,,
2026-09-23T04:44:37.908999+00:00,close,,SYNUSDT,ICT/SMC v2,long,,,0.22665,0.22665,,,,44.1,,0.0,3107.5705414762974,SL,,
2026-09-23T04:44:43.550071+00:00,close,,TAOUSDT,Supertrend+ADX,long,,,259.695,286.7528516001141,,,,0.0578,,1.563943822486597,3109.1344852987836,TP2,,
2026-09-23T04:44:45.378325+00:00,close,,TAOUSDT,ICT/SMC v2,long,,,279.755,289.5800215412845,,,,0.0357,,0.3507532690238572,3109.4852385678073,TP1,,
2026-09-23T04:44:46.098855+00:00,close,,TAOUSDT,ICT/SMC v2,long,,,279.755,279.755,,,,0.0357,,0.0,3109.4852385678073,SL,,
2026-09-23T04:44:49.847775+00:00,close,,THETAUSDT,Supertrend+ADX,long,,,0.21675,0.2327885113180915,,,,69.2,,1.109864983211934,3110.5951035510193,TP2,,
2026-09-23T04:44:56.071940+00:00,close,,TIAUSDT,Supertrend+ADX,long,,,0.42215,0.4416977729393008,,,,35.5323,,0.6945773324111166,3111.2896808834303,TP1,,
2026-09-23T04:44:56.858415+00:00,close,,TIAUSDT,Supertrend+ADX,long,,,0.42215,0.4612455458786015,,,,35.5324,,1.389158574376819,3112.6788394578066,TP2,,
2026-09-23T04:45:05.480213+00:00,close,,TRBUSDT,Supertrend+ADX,long,,,18.536,19.350906752231992,,,,0.8092,,0.6594225439061272,3113.3382620017137,TP1,,
2026-09-23T04:45:06.125669+00:00,close,,TRBUSDT,Supertrend+ADX,long,,,18.536,20.165813504463987,,,,0.8092,,1.3188450878122573,3114.6571070895257,TP2,,
2026-09-23T04:45:13.862663+00:00,close,,TRXUSDT,ICT/SMC v2,long,,,0.343412,0.343412,,,,29.1,,0.0,3114.6571070895257,SL,,
2026-09-23T04:45:19.170936+00:00,close,,TURBOUSDT,ICT/SMC v2,long,,,0.0010105,0.0010338498983309,,,,9896.0,,0.2310705938827226,3114.8881776834082,TP1,,
2026-09-23T04:45:19.803131+00:00,close,,TURBOUSDT,ICT/SMC v2,long,,,0.0010105,0.0010571997966618,,,,9896.0,,0.4621411877654452,3115.350318871174,TP2,,
2026-09-23T04:45:23.177659+00:00,close,,UMAUSDT,Supertrend+ADX,long,,,0.385,0.4017056006243654,,,,38.961,,0.6508669059258996,3116.0011857770996,TP1,,
2026-09-23T04:45:23.888213+00:00,close,,UMAUSDT,Supertrend+ADX,long,,,0.385,0.4184112012487307,,,,38.961,,1.3017338118517991,3117.302919588951,TP2,,
2026-09-23T04:45:25.612800+00:00,close,,UMAUSDT,ICT/SMC v2,long,,,0.393,0.4037912412058981,,,,25.4453,,0.2745863698564399,3117.5775059588077,TP2,,
2026-09-23T04:45:29.171380+00:00,close,,UNIUSDT,ICT/SMC v2,long,,,8.9893,8.738259697452008,,,,1.11,,-0.2786547358282708,3117.2988512229795,SL,,
2026-09-23T04:45:35.501444+00:00,close,,VETUSDT,Supertrend+ADX,long,,,0.0083395999999999,0.0092013205769663,,,,1798.6,,1.5498906297316513,3118.8487418527106,TP2,,
2026-09-23T04:45:37.182607+00:00,close,,VETUSDT,ICT/SMC v2,long,,,0.00872895,0.0089548319395235,,,,1145.6,,0.258770349918141,3119.107512202629,TP1,,
2026-09-23T04:45:37.925827+00:00,close,,VETUSDT,ICT/SMC v2,long,,,0.00872895,0.00872895,,,,1145.6,,0.0,3119.107512202629,SL,,
2026-09-23T04:45:45.403043+00:00,close,,WUSDT,ICT/SMC v2,long,,,0.012,0.0117519600831086,,,,833.3,,-0.2066916627455789,3118.9008205398836,SL,,
2026-09-23T04:45:49.455996+00:00,close,,WIFUSDT,ICT/SMC v2,long,,,0.21195,0.2185772674724607,,,,47.18,,0.3126744793506998,3119.213495019235,TP1,,
2026-09-23T04:45:50.156470+00:00,close,,WIFUSDT,ICT/SMC v2,long,,,0.21195,0.2252045349449216,,,,47.18,,0.6253489587014023,3119.8388439779364,TP2,,
2026-09-23T04:45:52.753255+00:00,open,,WIFUSDT,Supertrend+ADX,long,,,0.25995,,0.2509555568376683,0.2734416647434975,0.286933329486995,115.4,30.0,,,,,
2026-09-23T04:45:56.713571+00:00,close,,WLDUSDT,Supertrend+ADX,long,,,0.43435,0.4575523941125193,,,,34.5,,0.8004825968819174,3120.6393265748184,TP1,,
2026-09-23T04:45:57.372318+00:00,close,,WLDUSDT,Supertrend+ADX,long,,,0.43435,0.43435,,,,34.5,,0.0,3120.6393265748184,SL,,
2026-09-23T04:46:03.026007+00:00,close,,XLMUSDT,ICT/SMC v2,long,,,0.20805,0.2140693459997155,,,,48.0,,0.288928607986346,3120.9282551828046,TP1,,
2026-09-23T04:46:03.720951+00:00,close,,XLMUSDT,ICT/SMC v2,long,,,0.20805,0.20805,,,,48.0,,0.0,3120.9282551828046,SL,,
2026-09-23T04:46:07.158992+00:00,close,,XRPUSDT,ICT/SMC v2,long,,,1.48828,1.5203129448049106,,,,6.7,,0.2146207301929009,3121.1428759129976,TP1,,
2026-09-23T04:46:07.892678+00:00,close,,XRPUSDT,ICT/SMC v2,long,,,1.48828,1.552345889609821,,,,6.7,,0.4292414603858004,3121.572117373383,TP2,,
2026-09-23T04:46:15.278060+00:00,close,,ZKUSDT,Supertrend+ADX,long,,,0.01156,0.0122468863811946,,,,1297.5,,0.891235079600038,3122.4633524529836,TP1,,
2026-09-23T04:46:18.914508+00:00,close,,ZROUSDT,ICT/SMC v2,long,,,1.201,1.1685875700410646,,,,8.32,,-0.269671417258343,3122.1936810357247,SL,,
2026-09-23T04:46:22.863685+00:00,close,,ZRXUSDT,ICT/SMC v2,long,,,0.11755,0.1188697923307227,,,,85.07,,0.11227473357458,3122.3059557692986,TP1,,
2026-09-23T04:46:23.510350+00:00,close,,ZRXUSDT,ICT/SMC v2,long,,,0.11755,0.1201895846614453,,,,85.07,,0.2245494671491577,3122.530505236448,TP2,,
2026-09-23T04:50:59.870941+00:00,open,,GMXUSDT,ICT/SMC v2,long,,,8.43705,,8.34962770586239,8.568183441206411,8.699316882412823,2.3704,20.0,,,,,
2026-09-23T04:52:41.911748+00:00,close,,NOTUSDT,ICT/SMC v2,long,,,0.0005161499999999,0.0005105289219463,,,,19374.2,,-0.108903890426716,3122.421601346022,SL,,
2026-09-23T04:52:55.567489+00:00,open,,OPUSDT,ICT/SMC v2,long,,,0.13585,,0.1326299373488038,0.1406800939767942,0.1455101879535885,147.22,20.0,,,,,
2026-09-23T04:53:04.958893+00:00,open,,PEPEUSDT,Supertrend+ADX,long,,,5.04355e-06,,4.864057019058838e-06,5.312789471411743e-06,5.582028942823486e-06,5948191.2,30.0,,,,,
2026-09-23T05:04:25.624074+00:00,open,,BCHUSDT,ICT/SMC v2,long,,,339.99,,330.8392036211565,353.7161945682653,367.4423891365305,0.05882,20.0,,,,,
2026-09-23T05:04:55.413763+00:00,open,,CHRUSDT,Supertrend+ADX,long,,,0.0222375,,0.0205734448563233,0.0247335827155149,0.0272296654310298,1349.07,30.0,,,,,
2026-09-23T05:05:01.477341+00:00,open,,COMPUSDT,Supertrend+ADX,long,,,23.37,,22.67042738672625,24.41935891991063,25.468717839821256,1.28369,30.0,,,,,
2026-09-23T05:08:42.639891+00:00,close,,RVNUSDT,Supertrend+ADX,long,,,0.00252,0.0028182435707326,,,,5952.4,,1.7752650304287758,3124.1968663764505,TP2,,
2026-09-23T05:08:48.087285+00:00,open,,SUSDT,Supertrend+ADX,long,,,0.04285,,0.0412477056998545,0.0452534414502182,0.0476568829004364,700.1,30.0,,,,,
2026-09-23T05:18:49.206298+00:00,open,,ALICEUSDT,ICT/SMC v2,long,,,0.1491,,0.1473441813775908,0.1517337279336137,0.1543674558672274,134.13,20.0,,,,,
2026-09-23T05:18:54.841807+00:00,close,,AMPUSDT,Supertrend+ADX,long,,,0.0004615,0.0005065735087073,,,,32502.7,,1.4650107314630043,3125.6618771079134,TP2,,
2026-09-23T05:20:04.501809+00:00,open,,BONKUSDT,ICT/SMC v2,long,,,3.843e-06,,3.720378107747921e-06,4.026932838378119e-06,4.210865676756238e-06,5204267.4,20.0,,,,,
2026-09-23T05:20:25.896490+00:00,open,,CHRUSDT,ICT/SMC v2,short,,,0.022212,,0.0233651795281698,0.0204822307077452,0.0187524614154905,900.41,20.0,,,,,
2026-09-23T05:20:57.052521+00:00,open,,DYMUSDT,Supertrend+ADX,long,,,0.01945,,0.0187484063869211,0.0205023904196182,0.0215547808392365,1542.4,30.0,,,,,
2026-09-23T05:21:30.764646+00:00,open,,FLOWUSDT,ICT/SMC v2,long,,,0.0330499999999999,,0.0325689013057571,0.0337716480413643,0.0344932960827286,605.14,20.0,,,,,
2026-09-23T05:21:46.469928+00:00,open,,GRAMUSDT,ICT/SMC v2,long,,,1.4675,,1.4539080894350371,1.4878878658474446,1.5082757316948887,13.62862,20.0,,,,,
2026-09-23T05:21:50.172193+00:00,close,,GTCUSDT,Supertrend+ADX,long,,,0.08375,0.088414492360562,,,,179.1045,,0.8354315719922848,3126.4973086799055,TP2,,
2026-09-23T05:22:37.891338+00:00,open,,KSMUSDT,Supertrend+ADX,short,,,4.640000000000001,,4.797152809289798,4.404270786065303,4.168541572130606,6.465517,30.0,,,,,
2026-09-23T05:23:10.213003+00:00,open,,MASKUSDT,ICT/SMC v2,long,,,0.497,,0.4917842299542636,0.5048236550686046,0.5126473101372091,40.24144,20.0,,,,,
2026-09-23T05:24:50.371010+00:00,open,,RLCUSDT,ICT/SMC v2,long,,,0.3564,,0.3531758616953655,0.3612362074569517,0.3660724149139034,56.1167,20.0,,,,,
2026-09-23T05:26:17.944009+00:00,open,,TURBOUSDT,ICT/SMC v2,long,,,0.0011405999999999,,0.0011184026128279,0.001173896080758,0.001207192161516,17534.6,20.0,,,,,
2026-09-23T05:26:52.977283+00:00,open,,ZROUSDT,ICT/SMC v2,long,,,1.4115,,1.3732353165366415,1.468897025195038,1.5262940503900757,14.16,20.0,,,,,
2026-09-23T05:35:32.119130+00:00,open,,DIAUSDT,ICT/SMC v2,long,,,0.155,,0.1507108625739594,0.1614337061390608,0.1678674122781216,129.0,20.0,,,,,
2026-09-23T05:39:30.327603+00:00,open,,RSRUSDT,ICT/SMC v2,long,,,0.0017655,,0.0017298250811987,0.0018190123782018,0.0018725247564037,11328.23,20.0,,,,,
2026-09-23T05:40:15.360351+00:00,open,,SUNUSDT,ICT/SMC v2,long,,,0.0173787,,0.0173266133989508,0.0174568299015737,0.0175349598031474,1150.8,20.0,,,,,
2026-09-23T05:50:05.935402+00:00,open,,CAKEUSDT,ICT/SMC v2,short,,,2.665,,2.706491971939058,2.6027620420914137,2.540524084182827,7.504,20.0,,,,,
2026-09-23T05:51:57.601908+00:00,open,,HMSTRUSDT,ICT/SMC v2,long,,,0.0001847,,0.0001826653597594,0.0001877519603607,0.0001908039207215,108283.7,20.0,,,,,
2026-09-23T05:52:08.536155+00:00,open,,INITUSDT,ICT/SMC v2,long,,,0.0893,,0.0879865974292851,0.0912701038560723,0.0932402077121446,223.9641,20.0,,,,,
2026-09-23T05:55:43.460880+00:00,open,,SUPERUSDT,ICT/SMC v2,long,,,0.1806499999999999,,0.1728900864898797,0.1922898702651803,0.2039297405303607,110.7,20.0,,,,,
2026-09-23T05:56:10.399195+00:00,close,,TURBOUSDT,ICT/SMC v2,long,,,0.0011405999999999,0.0011184026128279,,,,8767.3,,-0.1946111525532887,3126.302697527353,SL,,
2026-09-23T06:03:50.803344+00:00,open,,ALTUSDT,ICT/SMC v2,long,,,0.008035,,0.0079343110410312,0.0081860334384531,0.0083370668769062,2489.1,20.0,,,,,
2026-09-23T06:04:00.226300+00:00,open,,APTUSDT,ICT/SMC v2,long,,,0.84895,,0.8286412118188616,0.8794131822717076,0.9098763645434153,23.5585,20.0,,,,,
2026-09-23T06:04:04.371315+00:00,open,,ARUSDT,ICT/SMC v2,long,,,4.542,,4.43904063260081,4.696439051098785,4.850878102197569,4.4,20.0,,,,,
2026-09-23T06:04:09.884336+00:00,open,,ARKUSDT,ICT/SMC v2,long,,,0.15935,,0.1576043592073881,0.1619684611889177,0.1645869223778354,125.5,20.0,,,,,
2026-09-23T06:04:41.301290+00:00,close,,BCHUSDT,ICT/SMC v2,long,,,339.99,353.7161945682653,,,,0.02941,,0.4036873822526816,3126.7063849096053,TP1,,
2026-09-23T06:04:42.079083+00:00,close,,BCHUSDT,ICT/SMC v2,long,,,339.99,339.99,,,,0.02941,,0.0,3126.7063849096053,SL,,
2026-09-23T06:05:07.512773+00:00,open,,BTCUSDT,ICT/SMC v2,long,,,86562.98999999999,,86107.8065535418,87245.76516968726,87928.54033937454,0.000231,20.0,,,,,
2026-09-23T06:05:14.917615+00:00,open,,CELOUSDT,ICT/SMC v2,long,,,0.0982,,0.0970829680590322,0.0998755479114517,0.1015510958229034,203.66,20.0,,,,,
2026-09-23T06:05:27.638989+00:00,open,,CHZUSDT,ICT/SMC v2,long,,,0.016975,,0.0167119158141889,0.0173696262787165,0.017764252557433,1178.2,20.0,,,,,
2026-09-23T06:05:46.408115+00:00,open,,DOGEUSDT,ICT/SMC v2,long,,,0.101555,,0.0997755790656701,0.1042241314014948,0.1068932628029896,196.9,20.0,,,,,
2026-09-23T06:06:15.948685+00:00,open,,ETHUSDT,ICT/SMC v2,long,,,2759.245,,2739.6222489399247,2788.679126590113,2818.113253180226,0.007248,20.0,,,,,
2026-09-23T06:06:25.259493+00:00,open,,FILUSDT,ICT/SMC v2,long,,,1.0501,,1.0308875201441206,1.078918719783819,1.1077374395676385,19.04,20.0,,,,,
2026-09-23T06:07:53.195312+00:00,open,,LPTUSDT,ICT/SMC v2,long,,,1.79505,,1.765920227333559,1.8387446589996617,1.8824393179993235,11.1417,20.0,,,,,
2026-09-23T06:07:56.243546+00:00,open,,LQTYUSDT,ICT/SMC v2,long,,,0.24975,,0.2458244229395247,0.2556383655907129,0.2615267311814258,80.08,20.0,,,,,
2026-09-23T06:07:59.493740+00:00,open,,LTCUSDT,ICT/SMC v2,long,,,64.0405,,62.96203883595417,65.65819174606874,67.2758834921375,0.3123,20.0,,,,,
2026-09-23T06:08:05.067265+00:00,open,,LUNCUSDT,ICT/SMC v2,long,,,5.665e-05,,5.5935097333186784e-05,5.7722354000219824e-05,5.879470800043964e-05,353045.0,20.0,,,,,
2026-09-23T06:08:44.325961+00:00,open,,NEOUSDT,ICT/SMC v2,long,,,2.6517,,2.612583420528333,2.7103748692075005,2.769049738415001,7.542,20.0,,,,,
2026-09-23T06:09:08.605063+00:00,open,,ORDIUSDT,ICT/SMC v2,long,,,4.883900000000001,,4.813441282138372,4.989588076792442,5.0952761535848845,4.095,20.0,,,,,
2026-09-23T06:09:26.724070+00:00,open,,POLUSDT,ICT/SMC v2,long,,,0.11105,,0.1096615069006917,0.1131327396489624,0.1152154792979249,180.099,20.0,,,,,
2026-09-23T06:09:30.138497+00:00,open,,POLYXUSDT,ICT/SMC v2,long,,,0.04455,,0.0439899133268859,0.0453901300096711,0.0462302600193422,448.9,20.0,,,,,
2026-09-23T06:10:30.784377+00:00,open,,SHIBUSDT,ICT/SMC v2,long,,,6.1400000000000005e-06,,6.041582740569938e-06,6.287625889145093e-06,6.435251778290186e-06,3257328.9,20.0,,,,,
2026-09-23T06:10:39.866816+00:00,open,,SOLUSDT,ICT/SMC v2,long,,,118.5655,,117.57049980594408,120.0580002910839,121.5505005821678,0.168,20.0,,,,,
2026-09-23T06:10:55.500858+00:00,open,,SUIUSDT,ICT/SMC v2,long,,,1.02425,,1.0067947894341072,1.0504328158488392,1.0766156316976785,19.5264,20.0,,,,,
2026-09-23T06:11:19.587550+00:00,open,,TRBUSDT,ICT/SMC v2,long,,,20.287,,19.98352812254944,20.74220781617585,21.197415632351685,0.9858,20.0,,,,,
2026-09-23T06:11:50.337098+00:00,open,,WOOUSDT,ICT/SMC v2,long,,,0.01309,,0.0129595485820568,0.0132856771269147,0.0134813542538294,1527.883,20.0,,,,,
2026-09-23T06:11:56.043542+00:00,open,,XRPUSDT,ICT/SMC v2,long,,,1.61502,,1.5846687305288605,1.6605469042067094,1.7060738084134193,12.3,20.0,,,,,
2026-09-23T06:11:59.168473+00:00,open,,YGGUSDT,ICT/SMC v2,long,,,0.02805,,0.0275810241213101,0.0287534638180347,0.0294569276360694,713.0124,20.0,,,,,
2026-09-23T06:25:27.160995+00:00,open,,SLPUSDT,ICT/SMC v2,short,,,0.000696,,0.0007035768506749,0.0006846347239876,0.0006732694479752,28735.6,20.0,,,,,
2026-09-23T06:26:17.760876+00:00,open,,UNIUSDT,ICT/SMC v2,long,,,10.37375,,10.003145370605685,10.929656944091478,11.485563888182954,1.92,20.0,,,,,
2026-09-23T06:36:30.166840+00:00,close,,GMXUSDT,ICT/SMC v2,long,,,8.43705,8.568183441206411,,,,1.1852,,0.1554193545178395,3126.861804264123,TP1,,
2026-09-23T06:37:31.417497+00:00,open,,LINKUSDT,ICT/SMC v2,short,,,13.0687,,13.213041178289313,12.85218823256603,12.63567646513206,1.53,20.0,,,,,
2026-09-23T06:39:24.577493+00:00,close,,RLCUSDT,ICT/SMC v2,long,,,0.3564,0.3531758616953655,,,,28.0583,,-0.0904638397929254,3126.7713404243304,SL,,
2026-09-23T06:39:25.028114+00:00,close,,RLCUSDT,ICT/SMC v2,long,,,0.3564,0.3531758616953655,,,,28.0584,,-0.0904641622067558,3126.6808762621235,SL,,
2026-09-23T06:41:14.948920+00:00,close,,ZKUSDT,ICT/SMC v2,long,,,0.01205,0.0123969600923935,,,,829.8,,0.2879074846681863,3126.968783746792,TP1,,
2026-09-23T06:49:50.488422+00:00,close,,BONKUSDT,ICT/SMC v2,long,,,3.843e-06,4.026932838378119e-06,,,,2602133.7,,0.4786178372803564,3127.4474015840724,TP1,,
2026-09-23T06:50:41.245825+00:00,open,,DYMUSDT,ICT/SMC v2,long,,,0.0192999999999999,,0.0188650878610703,0.0199523682083944,0.0206047364167888,1036.2,20.0,,,,,
2026-09-23T06:53:01.825994+00:00,open,,MTLUSDT,ICT/SMC v2,long,,,0.32355,,0.3200662150277125,0.3287756774584311,0.3340013549168623,61.8142,20.0,,,,,
2026-09-23T06:53:52.279722+00:00,open,,PUMPUSDT,ICT/SMC v2,long,,,0.0044335,,0.0043582242135857,0.0045464136796213,0.0046593273592427,4511.1,20.0,,,,,
2026-09-23T07:03:41.811402+00:00,close,,AIUSDT,Supertrend+ADX,long,,,0.0183499999999999,0.0191978545022345,,,,817.4,,0.6930362701265335,3128.140437854199,TP1,,
2026-09-23T07:06:07.472411+00:00,close,,FLOWUSDT,ICT/SMC v2,long,,,0.0330499999999999,0.0337716480413643,,,,302.57,,0.2183490478756107,3128.3587869020744,TP1,,
2026-09-23T07:07:09.687948+00:00,open,,KNCUSDT,ICT/SMC v2,long,,,0.15325,,0.1516832520972179,0.155600121854173,0.157950243708346,130.5057,20.0,,,,,
2026-09-23T07:08:42.621641+00:00,open,,PAXGUSDT,ICT/SMC v2,short,,,4331.51,,4341.025576594593,4317.236635108112,4302.963270216224,0.004617,20.0,,,,,
2026-09-23T07:19:46.385082+00:00,close,,BIGTIMEUSDT,ICT/SMC v2,long,,,0.008825,0.0086921680316993,,,,1133.14,,-0.1505172165601706,3128.208269685514,SL,,
2026-09-23T07:20:56.523922+00:00,open,,EIGENUSDT,ICT/SMC v2,long,,,0.2547,,0.2489020976601076,0.2633968535098384,0.2720937070196769,78.52,20.0,,,,,
2026-09-23T07:21:04.113293+00:00,open,,ERAUSDT,ICT/SMC v2,long,,,0.0698999999999999,,0.0692472960230547,0.0708790559654179,0.0718581119308359,286.123,20.0,,,,,
2026-09-23T07:22:44.149037+00:00,open,,MAGICUSDT,ICT/SMC v2,long,,,0.0525,,0.0517741684914779,0.053588747262783,0.054677494525566,380.95238,20.0,,,,,
2026-09-23T07:23:17.568214+00:00,open,,NEARUSDT,ICT/SMC v2,long,,,4.530200000000001,,4.41094568718207,4.709081469226897,4.887962938453792,4.4,20.0,,,,,
2026-09-23T07:24:35.195311+00:00,open,,ROSEUSDT,ICT/SMC v2,long,,,0.008125,,0.0079605262431733,0.0083717106352399,0.0086184212704798,2461.5,20.0,,,,,
2026-09-23T07:25:21.079214+00:00,open,,STRKUSDT,ICT/SMC v2,long,,,0.0422499999999999,,0.0414529335917007,0.0434455996124489,0.0446411992248978,473.37,20.0,,,,,
2026-09-23T07:25:33.018615+00:00,close,,SUPERUSDT,ICT/SMC v2,long,,,0.1806499999999999,0.1922898702651803,,,,55.3,,0.6436848256644762,3128.8519545111785,TP1,,
2026-09-23T07:35:34.323777+00:00,close,,CYBERUSDT,ICT/SMC v2,long,,,0.3655,0.3596317725040597,,,,27.359,,-0.1605488360614289,3128.691405675117,SL,,
2026-09-23T07:35:34.891621+00:00,close,,CYBERUSDT,ICT/SMC v2,long,,,0.3655,0.3596317725040597,,,,27.36,,-0.1605547042889248,3128.530850970828,SL,,
2026-09-23T07:36:30.521369+00:00,close,,FLOWUSDT,ICT/SMC v2,long,,,0.0330499999999999,0.0344932960827286,,,,302.57,,0.4366980957512193,3128.967549066579,TP2,,
2026-09-23T07:37:06.724221+00:00,open,,ICPUSDT,ICT/SMC v2,long,,,3.0135,,2.9640272171883044,3.087709174217544,3.1619183484350875,6.63,20.0,,,,,
2026-09-23T07:40:58.715979+00:00,close,,STXUSDT,Supertrend+ADX,long,,,0.3295,0.3295,,,,45.5,,0.0,3128.967549066579,SL,,
2026-09-23T07:41:48.609537+00:00,close,,WIFUSDT,Supertrend+ADX,long,,,0.25995,0.2509555568376683,,,,57.7,,-0.5189793704665404,3128.4485696961124,SL,,
2026-09-23T07:49:15.489029+00:00,open,,ARBUSDT,ICT/SMC v2,short,,,0.2421499999999999,,0.2507708149114054,0.2292187776328918,0.2162875552657837,82.5934,20.0,,,,,
2026-09-23T07:49:28.778736+00:00,close,,ATOMUSDT,ICT/SMC v2,long,,,1.83705,1.8121587350676216,,,,5.443,,-0.135483155026936,3128.3130865410853,SL,,
2026-09-23T07:49:29.106918+00:00,close,,ATOMUSDT,ICT/SMC v2,long,,,1.83705,1.8121587350676216,,,,5.444,,-0.1355080462918684,3128.1775784947936,SL,,
2026-09-23T07:49:36.160433+00:00,close,,AVNTUSDT,ICT/SMC v2,long,,,0.11982,0.1178723554385792,,,,83.458,,-0.162546519807058,3128.0150319749864,SL,,
2026-09-23T07:49:36.537552+00:00,close,,AVNTUSDT,ICT/SMC v2,long,,,0.11982,0.1178723554385792,,,,83.459,,-0.1625484674516194,3127.852483507535,SL,,
2026-09-23T07:50:00.489511+00:00,open,,BEAMXUSDT,ICT/SMC v2,long,,,0.001979,,0.001948316439203,0.0020250253411954,0.0020710506823908,10106.1,20.0,,,,,
2026-09-23T07:50:15.971227+00:00,open,,BOMEUSDT,ICT/SMC v2,long,,,0.0011241,,0.0010963446194198,0.0011657330708702,0.0012073661417404,17792.0,20.0,,,,,
2026-09-23T07:50:22.972686+00:00,close,,BTCUSDT,ICT/SMC v2,long,,,86562.98999999999,86107.8065535418,,,,0.000115,,-0.052346096342692,3127.8001374111923,SL,,
2026-09-23T07:50:23.339414+00:00,close,,BTCUSDT,ICT/SMC v2,long,,,86562.98999999999,86107.8065535418,,,,0.000116,,-0.0528012797891502,3127.7473361314032,SL,,
2026-09-23T07:50:32.133319+00:00,close,,CELOUSDT,ICT/SMC v2,long,,,0.0982,0.0970829680590322,,,,101.83,,-0.1137473625487519,3127.6335887688547,SL,,
2026-09-23T07:51:41.990977+00:00,open,,ENAUSDT,ICT/SMC v2,long,,,0.21635,,0.2118436649584322,0.2231095025623516,0.2298690051247033,92.44,20.0,,,,,
2026-09-23T07:51:51.874569+00:00,close,,ETHUSDT,ICT/SMC v2,long,,,2759.245,2739.6222489399247,,,,0.003624,,-0.0711128498417124,3127.5624759190127,SL,,
2026-09-23T07:52:24.925589+00:00,close,,GMXUSDT,ICT/SMC v2,long,,,8.43705,8.43705,,,,1.1852,,0.0,3127.5624759190123,SL,,
2026-09-23T07:53:10.217288+00:00,open,,INJUSDT,ICT/SMC v2,long,,,8.027999999999999,,7.851888732495071,8.292166901257389,8.556333802514779,2.4912,20.0,,,,,
2026-09-23T07:53:49.373692+00:00,close,,LPTUSDT,ICT/SMC v2,long,,,1.79505,1.8387446589996617,,,,5.5708,,0.2434142063553162,3127.805890125368,TP1,,
2026-09-23T07:53:50.080182+00:00,close,,LPTUSDT,ICT/SMC v2,long,,,1.79505,1.79505,,,,5.5709,,0.0,3127.805890125368,SL,,
2026-09-23T07:54:09.712742+00:00,open,,MANAUSDT,ICT/SMC v2,long,,,0.0886,,0.0875248646710489,0.0902127029934265,0.0918254059868531,225.7,20.0,,,,,
2026-09-23T07:54:43.294421+00:00,close,,MTLUSDT,ICT/SMC v2,long,,,0.32355,0.3200662150277125,,,,30.9071,,-0.1076736905169858,3127.6982164348515,SL,,
2026-09-23T07:54:49.356128+00:00,close,,NEARUSDT,ICT/SMC v2,long,,,4.530200000000001,4.41094568718207,,,,2.2,,-0.2623594881994469,3127.4358569466517,SL,,
2026-09-23T07:55:01.872675+00:00,open,,NMRUSDT,ICT/SMC v2,long,,,10.113,,9.985881476899118,10.303677784651322,10.494355569302645,1.9776,20.0,,,,,
2026-09-23T07:55:56.071854+00:00,close,,PUMPUSDT,ICT/SMC v2,long,,,0.0044335,0.0043582242135857,,,,2255.55,,-0.1697883000466816,3127.2660686466047,SL,,
2026-09-23T07:57:08.745885+00:00,close,,SOLUSDT,ICT/SMC v2,long,,,118.5655,117.57049980594408,,,,0.084,,-0.0835800163006983,3127.1824886303043,SL,,
2026-09-23T07:58:01.363367+00:00,open,,TURBOUSDT,ICT/SMC v2,long,,,0.0011377499999999,,0.0011117628587689,0.0011767307118465,0.001215711423693,17578.5,20.0,,,,,
2026-09-23T08:07:20.309264+00:00,close,,FILUSDT,ICT/SMC v2,long,,,1.0501,1.0308875201441206,,,,9.52,,-0.1829028082279726,3126.9995858220764,SL,,
2026-09-23T08:07:43.567292+00:00,close,,GRAMUSDT,ICT/SMC v2,long,,,1.4675,1.4539080894350371,,,,6.81431,,-0.0926194920819323,3126.9069663299947,SL,,
2026-09-23T08:07:56.083558+00:00,open,,GTCUSDT,ICT/SMC v2,long,,,0.08785,,0.0870796909657153,0.089005463551427,0.090160927102854,227.6607,20.0,,,,,
2026-09-23T08:08:06.456165+00:00,close,,HMSTRUSDT,ICT/SMC v2,long,,,0.0001847,0.0001826653597594,,,,54141.8,,-0.1101590849746354,3126.7968072450194,SL,,
2026-09-23T08:12:11.557992+00:00,open,,SEIUSDT,ICT/SMC v2,long,,,0.0608999999999999,,0.0598000805022469,0.0625498792466295,0.064199758493259,328.4,20.0,,,,,
2026-09-23T08:12:29.650927+00:00,open,,STGUSDT,ICT/SMC v2,long,,,0.13075,,0.1279110607047144,0.1350084089429283,0.1392668178858566,152.9636,20.0,,,,,
2026-09-23T08:13:55.025030+00:00,open,,ZRXUSDT,ICT/SMC v2,long,,,0.1264,,0.124879136530425,0.1286812952043624,0.1309625904087248,158.227,20.0,,,,,
2026-09-23T08:19:07.462672+00:00,close,,APTUSDT,ICT/SMC v2,long,,,0.84895,0.8286412118188616,,,,11.7792,,-0.2392212777432648,3126.557585967276,SL,,
2026-09-23T08:19:08.018764+00:00,close,,APTUSDT,ICT/SMC v2,long,,,0.84895,0.8286412118188616,,,,11.7793,,-0.2392233086220829,3126.3183626586538,SL,,
2026-09-23T08:19:57.040598+00:00,open,,BIGTIMEUSDT,ICT/SMC v2,long,,,0.008745,,0.0086148337904259,0.0089402493143611,0.0091354986287222,2287.02,20.0,,,,,
2026-09-23T08:20:01.376252+00:00,open,,BLURUSDT,ICT/SMC v2,long,,,0.0208,,0.0205666874103306,0.021149968884504,0.021499937769008,961.5384,20.0,,,,,
2026-09-23T08:20:25.843551+00:00,open,,CETUSUSDT,ICT/SMC v2,long,,,0.028455,,0.0275759224723703,0.0297736162914445,0.031092232582889,702.864,20.0,,,,,
2026-09-23T08:20:48.100345+00:00,open,,CTSIUSDT,Supertrend+ADX,short,,,0.02965,,0.0302173972545145,0.0287989041182282,0.0279478082364564,1011.8043,30.0,,,,,
2026-09-23T08:21:09.589115+00:00,open,,DUSKUSDT,ICT/SMC v2,long,,,0.093385,,0.0915613831462584,0.0961204252806122,0.0988558505612245,214.1,20.0,,,,,
2026-09-23T08:22:22.543422+00:00,open,,GMXUSDT,ICT/SMC v2,long,,,8.4754,,8.368448484104386,8.635827273843422,8.796254547686843,2.3597,20.0,,,,,
2026-09-23T08:23:03.831794+00:00,open,,IOTAUSDT,ICT/SMC v2,long,,,0.05025,,0.0493031715035873,0.0516702427446189,0.0530904854892379,398.0,20.0,,,,,
2026-09-23T08:25:30.191419+00:00,open,,PYTHUSDT,ICT/SMC v2,long,,,0.066695,,0.0654781770615381,0.0685202344076928,0.0703454688153856,299.87,20.0,,,,,
2026-09-23T08:26:03.559085+00:00,open,,SUSDT,ICT/SMC v2,long,,,0.0432,,0.0423246496054059,0.0445130255918911,0.0458260511837822,462.9,20.0,,,,,
2026-09-23T08:26:08.139270+00:00,open,,SANDUSDT,ICT/SMC v2,long,,,0.044615,,0.0436736309054666,0.0460270536418,0.0474391072836,448.2,20.0,,,,,
2026-09-23T08:27:20.163541+00:00,open,,UMAUSDT,ICT/SMC v2,long,,,0.426,,0.4212236148016612,0.433164577797508,0.4403291555950161,46.9483,20.0,,,,,
2026-09-23T08:27:49.202660+00:00,open,,ZECUSDT,ICT/SMC v2,long,,,1623.8385,,1598.2881984295368,1662.1639523556953,1700.48940471139,0.01231,20.0,,,,,
2026-09-23T08:35:07.692034+00:00,open,,BNBUSDT,ICT/SMC v2,short,,,789.43165,,794.2056081895711,782.2707127156434,775.1097754312867,0.025,20.0,,,,,
2026-09-23T08:39:43.094967+00:00,close,,POLUSDT,ICT/SMC v2,long,,,0.11105,0.1131327396489624,,,,90.0495,,0.1875496640192444,3126.505912322673,TP1,,
2026-09-23T08:39:43.916095+00:00,close,,POLUSDT,ICT/SMC v2,long,,,0.11105,0.11105,,,,90.0495,,0.0,3126.505912322673,SL,,
2026-09-23T08:41:02.483604+00:00,close,,SHIBUSDT,ICT/SMC v2,long,,,6.1400000000000005e-06,6.041582740569938e-06,,,,1628664.4,,-0.1602886867793065,3126.3456236358934,SL,,
2026-09-23T08:41:02.955799+00:00,close,,SHIBUSDT,ICT/SMC v2,long,,,6.1400000000000005e-06,6.041582740569938e-06,,,,1628664.5,,-0.1602886966210324,3126.1853349392723,SL,,
2026-09-23T08:41:11.135114+00:00,close,,SLPUSDT,ICT/SMC v2,short,,,0.000696,0.0007035768506749,,,,14367.8,,-0.1088626751272271,3126.076472264145,SL,,
2026-09-23T08:50:30.399392+00:00,close,,CETUSUSDT,ICT/SMC v2,long,,,0.028455,0.0275759224723703,,,,351.432,,-0.3089359736899532,3125.767536290455,SL,,
2026-09-23T08:51:03.307562+00:00,close,,DOGEUSDT,ICT/SMC v2,long,,,0.101555,0.0997755790656701,,,,98.4,,-0.1750950199380589,3125.592441270517,SL,,
2026-09-23T08:51:03.616783+00:00,close,,DOGEUSDT,ICT/SMC v2,long,,,0.101555,0.0997755790656701,,,,98.5,,-0.1752729620314919,3125.4171683084855,SL,,
2026-09-23T08:53:19.246574+00:00,close,,KNCUSDT,ICT/SMC v2,long,,,0.15325,0.1516832520972179,,,,65.2528,,-0.1022346875506547,3125.314933620935,SL,,
2026-09-23T08:53:19.573167+00:00,close,,KNCUSDT,ICT/SMC v2,long,,,0.15325,0.1516832520972179,,,,65.2529,,-0.102234844225445,3125.2126987767097,SL,,
2026-09-23T08:53:41.811206+00:00,close,,LTCUSDT,ICT/SMC v2,long,,,64.0405,62.96203883595417,,,,0.15615,,-0.1684017107657558,3125.0442970659437,SL,,
2026-09-23T08:53:51.353447+00:00,close,,LUNCUSDT,ICT/SMC v2,long,,,5.665e-05,5.5935097333186784e-05,,,,176522.5,,-0.1261964060025362,3124.918100659941,SL,,
2026-09-23T08:54:52.808500+00:00,close,,NEOUSDT,ICT/SMC v2,long,,,2.6517,2.612583420528333,,,,3.771,,-0.1475086211876563,3124.770592038753,SL,,
2026-09-23T08:55:31.848673+00:00,close,,PEPEUSDT,Supertrend+ADX,long,,,5.04355e-06,4.864057019058838e-06,,,,2974095.6,,-0.5338292848479941,3124.2367627539056,SL,,
2026-09-23T08:56:40.017113+00:00,close,,RUNEUSDT,ICT/SMC v2,short,,,0.64395,0.6338881958218834,,,,15.5,,0.1559579647608079,3124.3927207186666,TP1,,
2026-09-23T08:57:29.339478+00:00,close,,SUIUSDT,ICT/SMC v2,long,,,1.02425,1.0067947894341072,,,,9.7632,,-0.1704187117969238,3124.2223020068695,SL,,
2026-09-23T08:58:07.692587+00:00,close,,TURBOUSDT,ICT/SMC v2,long,,,0.0011377499999999,0.0011117628587689,,,,8789.2,,-0.2284061817076298,3123.993895825162,SL,,
2026-09-23T08:58:08.072648+00:00,close,,TURBOUSDT,ICT/SMC v2,long,,,0.0011377499999999,0.0011117628587689,,,,8789.3,,-0.2284087804217529,3123.76548704474,SL,,
2026-09-23T09:03:44.827857+00:00,open,,AAVEUSDT,ICT/SMC v2,long,,,149.481,,146.09014774072182,154.56727838891726,159.65355677783452,0.133,20.0,,,,,
2026-09-23T09:04:02.305231+00:00,open,,AIUSDT,ICT/SMC v2,long,,,0.01925,,0.0187861056094794,0.0199458415857808,0.0206416831715617,1038.9,20.0,,,,,
2026-09-23T09:04:17.065644+00:00,close,,APEUSDT,ICT/SMC v2,long,,,0.16255,0.1590817525442728,,,,61.51,,-0.2133319010017792,3123.552155143738,SL,,
2026-09-23T09:04:17.382726+00:00,close,,APEUSDT,ICT/SMC v2,long,,,0.16255,0.1590817525442728,,,,61.52,,-0.2133665834763365,3123.338788560262,SL,,
2026-09-23T09:05:08.865754+00:00,open,,BBUSDT,ICT/SMC v2,long,,,0.01025,,0.0097416832120014,0.0110124751819977,0.0117749503639955,1951.2,20.0,,,,,
2026-09-23T09:06:03.375411+00:00,open,,CFXUSDT,ICT/SMC v2,long,,,0.0550844999999999,,0.0542751318722348,0.0562985521916476,0.0575126043832953,363.07,20.0,,,,,
2026-09-23T09:07:13.731489+00:00,open,,ETHFIUSDT,Supertrend+ADX,short,,,0.7054,,0.7291213096819437,0.6698180354770846,0.6342360709541692,42.5,30.0,,,,,
2026-09-23T09:08:11.491052+00:00,open,,IMXUSDT,ICT/SMC v2,long,,,0.15685,,0.1540953397438193,0.1609819903842709,0.1651139807685418,127.5103,20.0,,,,,
2026-09-23T09:08:29.697371+00:00,open,,JASMYUSDT,ICT/SMC v2,long,,,0.004585,,0.0044950485740378,0.0047199271389432,0.0048548542778865,4362.0,20.0,,,,,
2026-09-23T09:08:45.215657+00:00,open,,JUPUSDT,Supertrend+ADX,short,,,0.29675,,0.30804663808002,0.27980504287997,0.2628600857599401,101.0,30.0,,,,,
2026-09-23T09:09:03.698671+00:00,close,,LINKUSDT,ICT/SMC v2,short,,,13.0687,12.85218823256603,,,,0.76,,0.1645489432498167,3123.503337503512,TP1,,
2026-09-23T09:09:06.709748+00:00,open,,LINKUSDT,Supertrend+ADX,short,,,12.93445,,13.230780939029357,12.489953591455963,12.045457182911928,2.31,30.0,,,,,
2026-09-23T09:09:10.252453+00:00,open,,LPTUSDT,ICT/SMC v2,long,,,1.82855,,1.772722929470479,1.912290605794281,1.996031211588562,10.9376,20.0,,,,,
2026-09-23T09:11:45.166166+00:00,close,,PAXGUSDT,ICT/SMC v2,short,,,4331.51,4317.236635108112,,,,0.002308,,0.0329429261704783,3123.5362804296824,TP1,,
2026-09-23T09:13:34.834678+00:00,open,,SLPUSDT,ICT/SMC v2,long,,,0.000701,,0.0006915358530637,0.0007151962204044,0.0007293924408088,28530.6,20.0,,,,,
2026-09-23T09:14:24.357660+00:00,open,,TIAUSDT,ICT/SMC v2,long,,,0.5266,,0.5104791577669899,0.5507812633495149,0.5749625266990299,37.9794,20.0,,,,,
2026-09-23T09:14:35.813661+00:00,open,,TRXUSDT,Supertrend+ADX,short,,,0.3432495,,0.3449053246532107,0.3407657630201838,0.3382820260403677,87.3,30.0,,,,,
2026-09-23T09:37:05.494003+00:00,open,,ETHUSDT,ICT/SMC v2,short,,,2737.4700000000003,,2755.4117953235045,2710.5573070147443,2683.644614029488,0.007306,20.0,,,,,
2026-09-23T09:37:54.137707+00:00,close,,ICPUSDT,ICT/SMC v2,long,,,3.0135,3.087709174217544,,,,3.31,,0.2456323666600696,3123.7819127963426,TP1,,
2026-09-23T09:40:00.425792+00:00,open,,MTLUSDT,ICT/SMC v2,short,,,0.3205,,0.3245162823046683,0.3144755765429975,0.3084511530859951,62.4024,20.0,,,,,
2026-09-23T09:50:46.165479+00:00,open,,CELOUSDT,ICT/SMC v2,long,,,0.09755,,0.0961542543753645,0.0996436184369532,0.1017372368739065,205.02,20.0,,,,,
2026-09-23T09:54:22.728355+00:00,open,,LUNCUSDT,ICT/SMC v2,short,,,5.6015e-05,,5.6697950407543446e-05,5.499057438868482e-05,5.396614877736965e-05,357047.2,20.0,,,,,
2026-09-23T10:07:13.444653+00:00,close,,GMXUSDT,ICT/SMC v2,long,,,8.4754,8.368448484104386,,,,1.1798,,-0.1261813984536462,3123.6557313978888,SL,,
2026-09-23T10:07:14.023092+00:00,close,,GMXUSDT,ICT/SMC v2,long,,,8.4754,8.368448484104386,,,,1.1799,,-0.1261920936052357,3123.5295393042834,SL,,
2026-09-23T10:07:51.914896+00:00,open,,INJUSDT,Supertrend+ADX,long,,,8.1705,,7.778592795112559,8.758360807331163,9.346221614662324,3.6717,30.0,,,,,
2026-09-23T10:13:03.699801+00:00,open,,WUSDT,ICT/SMC v2,long,,,0.01225,,0.0120087123465784,0.0126119314801323,0.0129738629602647,1632.6,20.0,,,,,
2026-09-23T10:18:39.083843+00:00,open,,ADAUSDT,ICT/SMC v2,short,,,0.2531814999999999,,0.2575282296513514,0.2466614055229726,0.2401413110459453,78.9,20.0,,,,,
2026-09-23T10:19:46.480431+00:00,close,,ARKUSDT,ICT/SMC v2,long,,,0.15935,0.1619684611889177,,,,62.7,,0.1641775165451434,3123.6937168208287,TP1,,
2026-09-23T10:22:06.260182+00:00,open,,ETHFIUSDT,ICT/SMC v2,short,,,0.7081999999999999,,0.7223995971287132,0.6869006043069302,0.6656012086138606,28.2,20.0,,,,,
2026-09-23T10:22:43.868184+00:00,open,,HBARUSDT,ICT/SMC v2,short,,,0.096855,,0.0985582029217598,0.0943001956173602,0.0917453912347205,206.4,20.0,,,,,
2026-09-23T10:24:53.533948+00:00,open,,NEWTUSDT,ICT/SMC v2,short,,,0.0509649999999999,,0.051520862368145,0.0501312064477824,0.0492974128955649,392.426,20.0,,,,,
2026-09-23T10:25:15.482932+00:00,open,,ONDOUSDT,ICT/SMC v2,short,,,0.43295,,0.4401333511298514,0.4221749733052227,0.4113999466104454,46.19,20.0,,,,,
2026-09-23T10:27:55.545383+00:00,close,,UNIUSDT,ICT/SMC v2,long,,,10.37375,10.003145370605685,,,,0.96,,-0.3557804442185454,3123.3379363766103,SL,,
2026-09-23T10:28:17.446864+00:00,close,,XRPUSDT,ICT/SMC v2,long,,,1.61502,1.5846687305288605,,,,6.1,,-0.1851427437739518,3123.152793632836,SL,,
2026-09-23T10:28:17.779518+00:00,close,,XRPUSDT,ICT/SMC v2,long,,,1.61502,1.5846687305288605,,,,6.2,,-0.1881778707210658,3122.964615762115,SL,,
2026-09-23T10:34:42.167996+00:00,open,,BCHUSDT,ICT/SMC v2,long,,,348.11,,333.25719354061164,370.3892096890825,392.66841937816514,0.05745,20.0,,,,,
2026-09-23T10:34:50.392477+00:00,open,,BICOUSDT,ICT/SMC v2,long,,,0.0225,,0.0221637093629053,0.023004435955642,0.023508871911284,888.88888,20.0,,,,,
2026-09-23T10:34:58.483771+00:00,close,,BNBUSDT,ICT/SMC v2,short,,,789.43165,782.2707127156434,,,,0.012,,0.0859312474122789,3123.0505470095272,TP1,,
2026-09-23T10:36:12.024824+00:00,close,,ENAUSDT,ICT/SMC v2,long,,,0.21635,0.2118436649584322,,,,46.22,,-0.2082828056212626,3122.842264203906,SL,,
2026-09-23T10:38:18.063765+00:00,close,,LUNCUSDT,ICT/SMC v2,short,,,5.6015e-05,5.499057438868482e-05,,,,178523.6,,0.1828841480641858,3123.02514835197,TP1,,
2026-09-23T10:38:53.788002+00:00,close,,MOVRUSDT,ICT/SMC v2,long,,,0.9425,0.9256709289940692,,,,10.61,,-0.1785564433729256,3122.846591908597,SL,,
2026-09-23T10:41:40.868153+00:00,open,,TURBOUSDT,ICT/SMC v2,long,,,0.00111776,,0.0010913514634762,0.0011573728047856,0.0011969856095713,17892.9,20.0,,,,,
2026-09-23T10:42:14.856279+00:00,close,,ZROUSDT,ICT/SMC v2,long,,,1.4115,1.468897025195038,,,,7.08,,0.4063709383808688,3123.252962846978,TP1,,
2026-09-23T10:57:00.795599+00:00,open,,THETAUSDT,ICT/SMC v2,short,,,0.22975,,0.2334785745495056,0.2241571381757415,0.2185642763514829,87.0,20.0,,,,,
2026-09-23T10:57:49.792478+00:00,close,,ZECUSDT,ICT/SMC v2,long,,,1623.8385,1662.1639523556953,,,,0.00615,,0.2357015319875257,3123.488664378965,TP1,,
2026-09-23T10:57:50.679431+00:00,close,,ZECUSDT,ICT/SMC v2,long,,,1623.8385,1623.8385,,,,0.00616,,0.0,3123.488664378965,SL,,
2026-09-23T11:09:14.508585+00:00,close,,ONDOUSDT,ICT/SMC v2,short,,,0.43295,0.4401333511298514,,,,23.09,,-0.1658635775882704,3123.3228008013766,SL,,
2026-09-23T11:11:53.481636+00:00,close,,UMAUSDT,ICT/SMC v2,long,,,0.426,0.4212236148016612,,,,23.4741,,-0.1121213437843231,3123.2106794575925,SL,,
2026-09-23T11:11:53.992111+00:00,close,,UMAUSDT,ICT/SMC v2,long,,,0.426,0.4212236148016612,,,,23.4742,,-0.1121218214228429,3123.0985576361695,SL,,
2026-09-23T11:19:11.584960+00:00,open,,API3USDT,ICT/SMC v2,short,,,0.27915,,0.2835941137314853,0.2724838294027719,0.2658176588055438,71.646,20.0,,,,,
2026-09-23T11:20:15.808948+00:00,close,,BIGTIMEUSDT,ICT/SMC v2,long,,,0.008745,0.0086148337904259,,,,1143.51,,-0.1488463623100775,3122.9497112738595,SL,,
2026-09-23T11:22:28.599196+00:00,close,,GALAUSDT,ICT/SMC v2,long,,,0.00215,0.0021156304628491,,,,4651.1,,-0.1598561542423531,3122.789855119617,SL,,
2026-09-23T11:23:09.588356+00:00,close,,IMXUSDT,ICT/SMC v2,long,,,0.15685,0.1540953397438193,,,,63.7551,,-0.1756236400988213,3122.6142314795184,SL,,
2026-09-23T11:23:09.966769+00:00,close,,IMXUSDT,ICT/SMC v2,long,,,0.15685,0.1540953397438193,,,,63.7552,,-0.1756239155648469,3122.4386075639536,SL,,
2026-09-23T11:23:36.519283+00:00,close,,IOTAUSDT,ICT/SMC v2,long,,,0.05025,0.0493031715035873,,,,199.0,,-0.1884188707861147,3122.2501886931673,SL,,
2026-09-23T11:23:59.704240+00:00,open,,JUPUSDT,ICT/SMC v2,short,,,0.2984,,0.3036972741075386,0.290454088838692,0.2825081776773842,67.0,20.0,,,,,
2026-09-23T11:24:44.776511+00:00,close,,MAGICUSDT,ICT/SMC v2,long,,,0.0525,0.0517741684914779,,,,190.47619,,-0.1382536203252294,3122.1119350728422,SL,,
2026-09-23T11:26:14.106565+00:00,close,,PIXELUSDT,ICT/SMC v2,long,,,0.00581,0.005740363330466,,,,1721.1,,-0.1198516719349105,3121.992083400907,SL,,
2026-09-23T11:26:14.504833+00:00,close,,PIXELUSDT,ICT/SMC v2,long,,,0.00581,0.005740363330466,,,,1721.2,,-0.1198586356018639,3121.8722247653054,SL,,
2026-09-23T11:26:57.666098+00:00,close,,RSRUSDT,ICT/SMC v2,long,,,0.0017655,0.0017298250811987,,,,5664.11,,-0.2020666643313592,3121.6701581009743,SL,,
2026-09-23T11:26:58.020741+00:00,close,,RSRUSDT,ICT/SMC v2,long,,,0.0017655,0.0017298250811987,,,,5664.12,,-0.2020670210805472,3121.4680910798943,SL,,
2026-09-23T11:27:42.850870+00:00,open,,SSVUSDT,ICT/SMC v2,short,,,3.297,,3.3486775088527527,3.219483736720869,3.1419674734417398,6.0661,20.0,,,,,
2026-09-23T11:27:58.224103+00:00,close,,SUNUSDT,ICT/SMC v2,long,,,0.0173787,0.0173266133989508,,,,575.4,,-0.0299706302436736,3121.4381204496503,SL,,
2026-09-23T11:28:04.230177+00:00,close,,SUPERUSDT,ICT/SMC v2,long,,,0.1806499999999999,0.1806499999999999,,,,55.4,,0.0,3121.438120449651,SL,,
2026-09-23T11:28:29.063174+00:00,close,,TRBUSDT,ICT/SMC v2,long,,,20.287,19.98352812254944,,,,0.4929,,-0.149581288395382,3121.2885391612554,SL,,
2026-09-23T11:28:40.095802+00:00,close,,TURBOUSDT,ICT/SMC v2,long,,,0.00111776,0.0010913514634762,,,,8946.4,,-0.2362613311562576,3121.0522778300992,SL,,
2026-09-23T11:28:40.454070+00:00,close,,TURBOUSDT,ICT/SMC v2,long,,,0.00111776,0.0010913514634762,,,,8946.5,,-0.23626397200991,3120.8160138580897,SL,,
2026-09-23T11:36:16.310543+00:00,close,,AXSUSDT,ICT/SMC v2,long,,,1.14405,1.1275181307178173,,,,8.74,,-0.1444885375262772,3120.671525320563,SL,,
2026-09-23T11:36:37.643909+00:00,close,,BEAMXUSDT,ICT/SMC v2,long,,,0.001979,0.001948316439203,,,,5053.0,,-0.1550440327069105,3120.5164812878556,SL,,
2026-09-23T11:36:38.035366+00:00,close,,BEAMXUSDT,ICT/SMC v2,long,,,0.001979,0.001948316439203,,,,5053.1,,-0.1550471010629902,3120.361434186793,SL,,
2026-09-23T11:36:52.945334+00:00,close,,BLURUSDT,ICT/SMC v2,long,,,0.0208,0.0205666874103306,,,,480.7692,,-0.1121695070852671,3120.2492646797077,SL,,
2026-09-23T11:36:56.649527+00:00,close,,BNBUSDT,Supertrend+ADX,long,,,781.78,781.78,,,,0.019,,0.0,3120.249264679708,SL,,
2026-09-23T11:37:07.189889+00:00,close,,BONKUSDT,ICT/SMC v2,long,,,3.843e-06,3.843e-06,,,,2602133.7,,0.0,3120.249264679708,SL,,
2026-09-23T11:37:18.710145+00:00,close,,CELOUSDT,ICT/SMC v2,long,,,0.09755,0.0961542543753645,,,,102.51,,-0.1430778839813851,3120.106186795727,SL,,
2026-09-23T11:37:39.488047+00:00,close,,COMPUSDT,Supertrend+ADX,long,,,23.37,22.67042738672625,,,,0.64184,,-0.4490136861036247,3119.6571731096233,SL,,
2026-09-23T11:37:39.835698+00:00,close,,COMPUSDT,Supertrend+ADX,long,,,23.37,22.67042738672625,,,,0.64185,,-0.4490206818297575,3119.2081524277937,SL,,
2026-09-23T11:38:05.291756+00:00,close,,DUSKUSDT,ICT/SMC v2,long,,,0.093385,0.0915613831462584,,,,107.0,,-0.1951270033503428,3119.013025424443,SL,,
2026-09-23T11:38:05.732334+00:00,close,,DUSKUSDT,ICT/SMC v2,long,,,0.093385,0.0915613831462584,,,,107.1,,-0.195309365035717,3118.8177160594073,SL,,
2026-09-23T11:38:10.429981+00:00,open,,DYDXUSDT,Supertrend+ADX,short,,,0.1363,,0.1412749218014692,0.1288376172977961,0.1213752345955923,220.1,30.0,,,,,
2026-09-23T11:38:23.251983+00:00,open,,ENAUSDT,Supertrend+ADX,short,,,0.20845,,0.2174752442803406,0.194912133579489,0.181374267158978,143.91,30.0,,,,,
2026-09-23T11:38:43.884408+00:00,open,,FIDAUSDT,ICT/SMC v2,long,,,0.021975,,0.0215740827497412,0.022576375875388,0.0231777517507761,910.125,20.0,,,,,
2026-09-23T11:38:47.020465+00:00,open,,FILUSDT,ICT/SMC v2,long,,,1.01725,,0.9992527753432138,1.0442458369851797,1.0712416739703583,19.66,20.0,,,,,
2026-09-23T11:40:23.984868+00:00,close,,LQTYUSDT,ICT/SMC v2,long,,,0.24975,0.2458244229395247,,,,40.04,,-0.1571801055014289,3118.6605359539058,SL,,
2026-09-23T11:40:27.727124+00:00,open,,LQTYUSDT,ICT/SMC v2,long,,,0.2444,,0.2408549318177577,0.2497176022733634,0.2550352045467269,81.833,20.0,,,,,
2026-09-23T11:40:38.564809+00:00,close,,MANAUSDT,ICT/SMC v2,long,,,0.0886,0.0875248646710489,,,,112.8,,-0.1212752651056786,3118.5392606888,SL,,
2026-09-23T11:40:41.665561+00:00,open,,MANAUSDT,ICT/SMC v2,long,,,0.087305,,0.0861087454257371,0.0890993818613943,0.0908937637227886,229.0,20.0,,,,,
2026-09-23T11:41:58.675206+00:00,close,,POLYXUSDT,ICT/SMC v2,long,,,0.04455,0.0439899133268859,,,,224.4,,-0.125683449446801,3118.4135772393524,SL,,
2026-09-23T11:42:56.782021+00:00,close,,SANDUSDT,ICT/SMC v2,long,,,0.044615,0.0436736309054666,,,,224.1,,-0.2109608140849192,3118.2026164252675,SL,,
2026-09-23T11:43:31.835840+00:00,open,,SUNUSDT,ICT/SMC v2,long,,,0.01734,,0.0172828024911236,0.0174257962633144,0.0175115925266289,1153.4,20.0,,,,,
2026-09-23T11:51:04.317714+00:00,open,,EGLDUSDT,ICT/SMC v2,long,,,4.425,,4.345901746552058,4.543647380171912,4.6622947603438245,4.519,20.0,,,,,
2026-09-23T11:54:30.088236+00:00,open,,ORDIUSDT,Supertrend+ADX,short,,,4.854,,4.989034392211862,4.651448411682207,4.448896823364414,6.18,30.0,,,,,
2026-09-23T11:57:12.678991+00:00,open,,ZECUSDT,ICT/SMC v2,long,,,1620.45,,1586.589213459073,1671.2411798113903,1722.032359622781,0.01234,20.0,,,,,
2026-09-23T12:05:22.500162+00:00,close,,CAKEUSDT,ICT/SMC v2,short,,,2.665,2.6027620420914137,,,,3.752,,0.2335168180730158,3118.4361332433405,TP1,,
2026-09-23T12:05:33.165121+00:00,close,,CFXUSDT,ICT/SMC v2,long,,,0.0550844999999999,0.0542751318722348,,,,181.53,,-0.1469245962331989,3118.2892086471074,SL,,
2026-09-23T12:05:33.717515+00:00,close,,CFXUSDT,ICT/SMC v2,long,,,0.0550844999999999,0.0542751318722348,,,,181.54,,-0.1469326899144765,3118.1422759571933,SL,,
2026-09-23T12:09:06.159022+00:00,close,,NMRUSDT,ICT/SMC v2,long,,,10.113,9.985881476899118,,,,0.9888,,-0.1256947956421512,3118.01658116155,SL,,
2026-09-23T12:10:46.961244+00:00,close,,SUSDT,ICT/SMC v2,long,,,0.0432,0.0423246496054059,,,,231.4,,-0.2025560813090677,3117.8140250802417,SL,,
2026-09-23T12:10:53.946146+00:00,open,,SAGAUSDT,ICT/SMC v2,long,,,0.0467,,0.0445795611135994,0.0498806583296008,0.0530613166592017,428.2,20.0,,,,,
2026-09-23T12:11:42.653484+00:00,close,,TIAUSDT,ICT/SMC v2,long,,,0.5266,0.5104791577669899,,,,18.9897,,-0.3061299577521904,3117.5078951224896,SL,,
2026-09-23T12:19:28.873137+00:00,open,,AVAXUSDT,Supertrend+ADX,short,,,10.7775,,11.276703355062455,10.028694967406311,9.279889934812628,2.78,30.0,,,,,
2026-09-23T12:21:02.274356+00:00,open,,DOTUSDT,ICT/SMC v2,short,,,1.1526,,1.1692741084309288,1.1275888373536072,1.102577674707214,17.35,20.0,,,,,
2026-09-23T12:22:04.694184+00:00,close,,GRTUSDT,ICT/SMC v2,long,,,0.02649,0.0274301143882785,,,,377.5,,0.3548931815751371,3117.862788304065,TP1,,
2026-09-23T12:36:37.364792+00:00,open,,ENAUSDT,ICT/SMC v2,short,,,0.2143999999999999,,0.219727093255537,0.2064093601166945,0.198418720233389,93.28,20.0,,,,,
2026-09-23T12:39:49.977029+00:00,open,,NOTUSDT,ICT/SMC v2,short,,,0.00050245,,0.0005100158006987,0.0004911012989518,0.0004797525979036,39804.9,20.0,,,,,
2026-09-23T12:41:03.529394+00:00,open,,RLCUSDT,ICT/SMC v2,short,,,0.3553,,0.3599370004812145,0.3483444992781782,0.3413889985563564,56.2904,20.0,,,,,
2026-09-23T13:06:52.371980+00:00,close,,HBARUSDT,ICT/SMC v2,short,,,0.096855,0.0943001956173602,,,,103.2,,0.2636558122884219,3118.1264441163535,TP1,,
2026-09-23T13:07:37.096202+00:00,open,,KERNELUSDT,ICT/SMC v2,short,,,0.05575,,0.0572020767643567,0.0535718848534648,0.0513937697069297,358.7443,20.0,,,,,
2026-09-23T13:07:44.698950+00:00,open,,LAYERUSDT,ICT/SMC v2,short,,,0.07825,,0.0791270020393725,0.0769344969409411,0.0756189938818822,255.591,20.0,,,,,
2026-09-23T13:08:19.193334+00:00,close,,MASKUSDT,ICT/SMC v2,long,,,0.497,0.4917842299542636,,,,20.12072,,-0.1049450486746486,3118.0214990676786,SL,,
2026-09-23T13:09:18.022881+00:00,close,,ORDIUSDT,ICT/SMC v2,long,,,4.883900000000001,4.813441282138372,,,,2.047,,-0.144228995462753,3117.877270072216,SL,,
2026-09-23T13:10:23.960934+00:00,open,,RUNEUSDT,Supertrend+ADX,long,,,0.63625,,0.6206972234807813,0.6595791647788279,0.6829083295576561,47.1,30.0,,,,,
2026-09-23T13:10:31.364219+00:00,open,,SUSDT,ICT/SMC v2,long,,,0.0428,,0.0418557478266099,0.044216378260085,0.0456327565201701,467.2,20.0,,,,,
2026-09-23T13:10:34.013068+00:00,close,,SAGAUSDT,ICT/SMC v2,long,,,0.0467,0.0498806583296008,,,,214.1,,0.6809789483675434,3118.558249020584,TP1,,
2026-09-23T13:11:10.690784+00:00,close,,SUNUSDT,ICT/SMC v2,long,,,0.01734,0.0172828024911236,,,,576.7,,-0.0329858033689705,3118.525263217215,SL,,
2026-09-23T13:19:11.606481+00:00,open,,APTUSDT,ICT/SMC v2,long,,,0.82125,,0.7993653015507391,0.8540770476738914,0.8869040953477824,24.3531,20.0,,,,,
2026-09-23T13:19:18.554775+00:00,close,,ARBUSDT,ICT/SMC v2,short,,,0.2421499999999999,0.2292187776328918,,,,41.2967,,0.5340168107277536,3119.0592800279433,TP1,,
2026-09-23T13:21:25.848739+00:00,close,,ETHUSDT,ICT/SMC v2,short,,,2737.4700000000003,2710.5573070147443,,,,0.003653,,0.0983120674751399,3119.1575920954183,TP1,,
2026-09-23T13:22:32.326836+00:00,close,,JASMYUSDT,ICT/SMC v2,long,,,0.004585,0.0044950485740378,,,,2181.0,,-0.1961840600234995,3118.961408035395,SL,,
2026-09-23T13:24:42.201284+00:00,open,,POLUSDT,ICT/SMC v2,short,,,0.10675,,0.108655522119349,0.1038917168209763,0.1010334336419527,187.3536,20.0,,,,,
2026-09-23T13:25:01.061922+00:00,close,,RAYUSDT,Supertrend+ADX,long,,,1.721,1.9693141647707475,,,,8.7,,2.1603332335055003,3121.1217412689,TP2,,
2026-09-23T13:26:13.437428+00:00,open,,SUIUSDT,Supertrend+ADX,short,,,1.01005,,1.0479589676861587,0.9531865484707622,0.8963230969415242,29.7014,30.0,,,,,
2026-09-23T13:33:54.890004+00:00,close,,ALTUSDT,ICT/SMC v2,long,,,0.008035,0.0079343110410312,,,,1244.5,,-0.125307409436596,3120.9964338594637,SL,,
2026-09-23T13:33:55.428240+00:00,close,,ALTUSDT,ICT/SMC v2,long,,,0.008035,0.0079343110410312,,,,1244.6,,-0.1253174783324929,3120.8711163811313,SL,,
2026-09-23T13:35:41.190264+00:00,open,,CYBERUSDT,ICT/SMC v2,short,,,0.357,,0.3641718939911672,0.3462421590132492,0.3354843180264983,56.022,20.0,,,,,
2026-09-23T13:39:37.505460+00:00,open,,PUMPUSDT,ICT/SMC v2,short,,,0.0042,,0.0042891308588822,0.0040663037116767,0.0039326074233534,4761.9,20.0,,,,,
2026-09-23T13:41:45.411476+00:00,open,,WIFUSDT,ICT/SMC v2,short,,,0.24555,,0.251584680286446,0.2364979795703309,0.2274459591406618,81.44,20.0,,,,,
2026-09-23T13:48:36.717138+00:00,close,,AAVEUSDT,ICT/SMC v2,long,,,149.481,146.09014774072182,,,,0.066,,-0.2237962491123596,3120.647320132019,SL,,
2026-09-23T13:48:37.114174+00:00,close,,AAVEUSDT,ICT/SMC v2,long,,,149.481,146.09014774072182,,,,0.067,,-0.2271871013716378,3120.4201330306473,SL,,
2026-09-23T13:48:47.763699+00:00,close,,AGLDUSDT,ICT/SMC v2,long,,,0.2158,0.213624966627709,,,,46.3392,,-0.1007893064452643,3120.3193437242026,SL,,
2026-09-23T13:49:05.627134+00:00,open,,AMPUSDT,ICT/SMC v2,short,,,0.0004994999999999,,0.0005056669840867,0.0004902495238698,0.0004809990477397,40040.0,20.0,,,,,
2026-09-23T13:49:08.919151+00:00,open,,APEUSDT,ICT/SMC v2,short,,,0.1606,,0.1640178283121444,0.1554732575317832,0.1503465150635665,124.53,20.0,,,,,
2026-09-23T13:50:44.212058+00:00,close,,CHZUSDT,ICT/SMC v2,long,,,0.016975,0.0167119158141889,,,,589.1,,-0.1549828938612696,3120.1643608303407,SL,,
2026-09-23T13:52:15.029262+00:00,close,,GTCUSDT,ICT/SMC v2,long,,,0.08785,0.0870796909657153,,,,113.8303,,-0.0876845084653357,3120.0766763218753,SL,,
2026-09-23T13:52:15.384712+00:00,close,,GTCUSDT,ICT/SMC v2,long,,,0.08785,0.0870796909657153,,,,113.8304,,-0.0876845854962391,3119.988991736379,SL,,
2026-09-23T13:52:49.010396+00:00,open,,IOTAUSDT,ICT/SMC v2,short,,,0.0482999999999999,,0.0492437506301874,0.0468843740547188,0.0454687481094377,414.07,20.0,,,,,
2026-09-23T13:53:43.971493+00:00,close,,MASKUSDT,Supertrend+ADX,long,,,0.498,0.4889470688257638,,,,30.12048,,-0.2726786323749586,3119.716313104004,SL,,
2026-09-23T13:54:37.051781+00:00,close,,OPUSDT,ICT/SMC v2,long,,,0.13585,0.1326299373488038,,,,73.61,,-0.2370288117545505,3119.479284292249,SL,,
2026-09-23T13:54:45.968309+00:00,close,,PAXGUSDT,ICT/SMC v2,short,,,4331.51,4302.963270216224,,,,0.002308,,0.0658858523409567,3119.5451701445904,TP2,,
2026-09-23T13:54:49.129554+00:00,open,,PAXGUSDT,Supertrend+ADX,short,,,4290.275,,4324.684779268333,4238.660331097501,4187.045662195002,0.006992,30.0,,,,,
2026-09-23T13:55:52.941472+00:00,close,,RUNEUSDT,ICT/SMC v2,short,,,0.64395,0.64395,,,,15.5,,-0.0,3119.5451701445904,SL,,
2026-09-23T13:56:20.553553+00:00,close,,SLPUSDT,ICT/SMC v2,long,,,0.000701,0.0006915358530637,,,,14265.3,,-0.1350088952901541,3119.4101612493,SL,,
2026-09-23T13:56:39.391421+00:00,open,,STXUSDT,ICT/SMC v2,short,,,0.32165,,0.3267485370279839,0.3140021944580241,0.3063543889160482,62.1,20.0,,,,,
2026-09-23T13:56:47.671916+00:00,open,,SUPERUSDT,ICT/SMC v2,short,,,0.1825999999999999,,0.1920254644760518,0.1684618032859222,0.1543236065718445,109.5,20.0,,,,,
2026-09-23T13:57:53.628158+00:00,close,,ZRXUSDT,ICT/SMC v2,long,,,0.1264,0.124879136530425,,,,79.113,,-0.1203200716684837,3119.289841177632,SL,,
2026-09-23T13:57:54.094193+00:00,close,,ZRXUSDT,ICT/SMC v2,long,,,0.1264,0.124879136530425,,,,79.114,,-0.1203215925319533,3119.1695195851,SL,,
2026-09-23T14:04:23.606757+00:00,open,,AVAXUSDT,ICT/SMC v2,short,,,10.782,,11.023951789211385,10.419072316182922,10.056144632365845,1.85,20.0,,,,,
2026-09-23T14:08:40.223787+00:00,open,,MINAUSDT,ICT/SMC v2,short,,,0.147315,,0.1509902874481263,0.1418020688278104,0.1362891376556209,135.7,20.0,,,,,
2026-09-23T14:08:57.516883+00:00,close,,NOTUSDT,ICT/SMC v2,short,,,0.00050245,0.0004911012989518,,,,19902.4,,0.2258663877415179,3119.3953859728413,TP1,,
2026-09-23T14:09:55.668738+00:00,close,,RLCUSDT,ICT/SMC v2,short,,,0.3553,0.3483444992781782,,,,28.1452,,0.1957639589158181,3119.591149931757,TP1,,
2026-09-23T14:10:00.734272+00:00,close,,ROSEUSDT,ICT/SMC v2,long,,,0.008125,0.0079605262431733,,,,1230.7,,-0.2024178525265133,3119.3887320792305,SL,,
2026-09-23T14:10:01.168552+00:00,close,,ROSEUSDT,ICT/SMC v2,long,,,0.008125,0.0079605262431733,,,,1230.8,,-0.202434299902196,3119.1862977793285,SL,,
2026-09-23T14:10:20.978573+00:00,close,,SUSDT,ICT/SMC v2,long,,,0.0428,0.0418557478266099,,,,233.6,,-0.2205773077039128,3118.9657204716245,SL,,
2026-09-23T14:10:24.980358+00:00,close,,SAGAUSDT,ICT/SMC v2,long,,,0.0467,0.0467,,,,214.1,,0.0,3118.9657204716245,SL,,
2026-09-23T14:10:28.650255+00:00,open,,SAGAUSDT,ICT/SMC v2,long,,,0.0466,,0.0437146104994816,0.0509280842507775,0.055256168501555,429.1,20.0,,,,,
2026-09-23T14:10:37.089750+00:00,close,,SEIUSDT,ICT/SMC v2,long,,,0.0608999999999999,0.0598000805022469,,,,164.2,,-0.1806067815310465,3118.7851136900936,SL,,
2026-09-23T14:10:50.853519+00:00,close,,SSVUSDT,ICT/SMC v2,short,,,3.297,3.219483736720869,,,,3.033,,0.2351068265256018,3119.0202205166197,TP1,,
2026-09-23T14:11:02.824930+00:00,close,,STRKUSDT,ICT/SMC v2,long,,,0.0422499999999999,0.0414529335917007,,,,236.68,,-0.1886496775162741,3118.8315708391033,SL,,
2026-09-23T14:11:03.303378+00:00,close,,STRKUSDT,ICT/SMC v2,long,,,0.0422499999999999,0.0414529335917007,,,,236.69,,-0.1886576481803571,3118.6429131909226,SL,,
2026-09-23T14:11:30.096283+00:00,close,,THETAUSDT,ICT/SMC v2,short,,,0.22975,0.2241571381757415,,,,43.5,,0.2432894893552447,3118.886202680278,TP1,,
2026-09-23T14:11:58.364700+00:00,close,,WUSDT,ICT/SMC v2,long,,,0.01225,0.0120087123465784,,,,816.3,,-0.196963111488046,3118.68923956879,SL,,
2026-09-23T14:12:02.772910+00:00,close,,WIFUSDT,ICT/SMC v2,short,,,0.24555,0.2364979795703309,,,,40.72,,0.3685982718961246,3119.0578378406863,TP1,,
2026-09-23T14:12:07.920096+00:00,close,,WOOUSDT,ICT/SMC v2,long,,,0.01309,0.0129595485820568,,,,763.941,,-0.0996571866749032,3118.9581806540114,SL,,
2026-09-23T14:12:08.335010+00:00,close,,WOOUSDT,ICT/SMC v2,long,,,0.01309,0.0129595485820568,,,,763.942,,-0.0996573171263211,3118.858523336885,SL,,
2026-09-23T14:12:15.349248+00:00,close,,YGGUSDT,ICT/SMC v2,long,,,0.02805,0.0275810241213101,,,,356.5062,,-0.1671928084033682,3118.6913305284816,SL,,
2026-09-23T14:12:23.208878+00:00,close,,ZKUSDT,ICT/SMC v2,long,,,0.01205,0.01205,,,,829.9,,0.0,3118.691330528481,SL,,
2026-09-23T14:12:27.092295+00:00,close,,ZROUSDT,ICT/SMC v2,long,,,1.4115,1.4115,,,,7.08,,0.0,3118.691330528481,SL,,
2026-09-23T14:18:40.058098+00:00,close,,ADAUSDT,ICT/SMC v2,short,,,0.2531814999999999,0.2466614055229726,,,,39.4,,0.2568917223948749,3118.948222250876,TP1,,
2026-09-23T14:18:40.806930+00:00,close,,ADAUSDT,ICT/SMC v2,short,,,0.2531814999999999,0.2401413110459453,,,,39.5,,0.5150874636851565,3119.463309714561,TP2,,
2026-09-23T14:18:47.171822+00:00,open,,AEROUSDT,ICT/SMC v2,long,,,0.68825,,0.6717308402086793,0.7130287396869811,0.7378074793739623,29.05,20.0,,,,,
2026-09-23T14:18:55.235828+00:00,close,,AIUSDT,ICT/SMC v2,long,,,0.01925,0.0187861056094794,,,,519.4,,-0.2409467464363895,3119.2223629681253,SL,,
2026-09-23T14:18:55.559802+00:00,close,,AIUSDT,ICT/SMC v2,long,,,0.01925,0.0187861056094794,,,,519.5,,-0.2409931358754416,3118.98136983225,SL,,
2026-09-23T14:19:02.487690+00:00,close,,ALICEUSDT,ICT/SMC v2,long,,,0.1491,0.1473441813775908,,,,67.06,,-0.1177451968187572,3118.8636246354313,SL,,
2026-09-23T14:19:02.818183+00:00,close,,ALICEUSDT,ICT/SMC v2,long,,,0.1491,0.1473441813775908,,,,67.07,,-0.1177627550049813,3118.7458618804267,SL,,
2026-09-23T14:19:11.705514+00:00,close,,AMPUSDT,ICT/SMC v2,short,,,0.0004994999999999,0.0004902495238698,,,,20020.0,,0.1851945321247606,3118.931056412551,TP1,,
2026-09-23T14:19:15.740963+00:00,open,,AMPUSDT,Supertrend+ADX,short,,,0.000487,,0.0005082864421155,0.0004550703368266,0.0004231406736532,61601.6,30.0,,,,,
2026-09-23T14:19:17.415395+00:00,close,,APEUSDT,ICT/SMC v2,short,,,0.1606,0.1554732575317832,,,,62.26,,0.3191909860711738,3119.250247398622,TP1,,
2026-09-23T14:19:20.990308+00:00,close,,API3USDT,ICT/SMC v2,short,,,0.27915,0.2724838294027719,,,,35.823,,0.2388022293045012,3119.4890496279263,TP1,,
2026-09-23T14:19:21.642506+00:00,close,,API3USDT,ICT/SMC v2,short,,,0.27915,0.2658176588055438,,,,35.823,,0.4776044586090044,3119.9666540865355,TP2,,
2026-09-23T14:19:26.793457+00:00,close,,APTUSDT,ICT/SMC v2,long,,,0.82125,0.7993653015507391,,,,12.1765,,-0.2664790306674252,3119.700175055868,SL,,
2026-09-23T14:19:27.126387+00:00,close,,APTUSDT,ICT/SMC v2,long,,,0.82125,0.7993653015507391,,,,12.1766,,-0.2664812191372701,3119.433693836731,SL,,
2026-09-23T14:19:34.136997+00:00,close,,ARUSDT,ICT/SMC v2,long,,,4.542,4.43904063260081,,,,2.2,,-0.226510608278217,3119.2071832284523,SL,,
2026-09-23T14:19:37.333632+00:00,open,,ARUSDT,Supertrend+ADX,short,,,4.3975,,4.705420660345621,3.935619009481569,3.4737380189631386,6.82,30.0,,,,,
2026-09-23T14:19:43.503428+00:00,close,,ARKUSDT,ICT/SMC v2,long,,,0.15935,0.15935,,,,62.8,,0.0,3119.2071832284523,SL,,
2026-09-23T14:19:55.963211+00:00,close,,AVAXUSDT,ICT/SMC v2,short,,,10.782,10.419072316182922,,,,0.92,,0.3338934691117122,3119.541076697564,TP1,,
2026-09-23T14:20:00.053410+00:00,close,,AVNTUSDT,Supertrend+ADX,long,,,0.11224,0.11224,,,,133.642,,0.0,3119.541076697564,SL,,
2026-09-23T14:20:04.425252+00:00,open,,AVNTUSDT,ICT/SMC v2,short,,,0.111205,,0.1136503414366542,0.1075369878450186,0.1038689756900372,179.848,20.0,,,,,
2026-09-23T14:20:08.623759+00:00,open,,AXSUSDT,Supertrend+ADX,short,,,1.0612499999999998,,1.1315587217273675,0.9557869174089482,0.8503238348178965,28.26,30.0,,,,,
2026-09-23T14:20:19.696674+00:00,close,,BBUSDT,ICT/SMC v2,long,,,0.01025,0.0097416832120014,,,,975.6,,-0.495913858371338,3119.045162839193,SL,,
2026-09-23T14:20:33.875750+00:00,close,,BICOUSDT,ICT/SMC v2,long,,,0.0225,0.0221637093629053,,,,444.44444,,-0.1494625038807969,3118.8957003353125,SL,,
2026-09-23T14:20:36.673301+00:00,open,,BICOUSDT,Supertrend+ADX,short,,,0.0215,,0.0228785664684438,0.0194321502973341,0.0173643005946683,1395.34883,30.0,,,,,
2026-09-23T14:20:43.841140+00:00,close,,BNBUSDT,ICT/SMC v2,short,,,789.43165,775.1097754312867,,,,0.013,,0.1861843693932725,3119.0818847047053,TP2,,
2026-09-23T14:20:48.838796+00:00,close,,BOMEUSDT,ICT/SMC v2,long,,,0.0011241,0.0010963446194198,,,,8896.0,,-0.2469118656409858,3118.8349728390644,SL,,
2026-09-23T14:20:59.714826+00:00,close,,CAKEUSDT,ICT/SMC v2,short,,,2.665,2.540524084182827,,,,3.752,,0.4670336361460334,3119.3020064752104,TP2,,
2026-09-23T14:21:09.602657+00:00,open,,CELRUSDT,Supertrend+ADX,short,,,0.00293,,0.0031333101398947,0.0026250347901578,0.0023200695803157,10238.9,30.0,,,,,
2026-09-23T14:21:12.567183+00:00,open,,CETUSUSDT,Supertrend+ADX,short,,,0.0258149999999999,,0.0281154858487321,0.0223642712269018,0.0189135424538036,1162.115,30.0,,,,,
2026-09-23T14:21:20.618177+00:00,close,,CHRUSDT,Supertrend+ADX,long,,,0.0222375,0.0205734448563233,,,,674.53,,-1.122455116064186,3118.1795513591464,SL,,
2026-09-23T14:21:20.937824+00:00,close,,CHRUSDT,Supertrend+ADX,long,,,0.0222375,0.0205734448563233,,,,674.54,,-1.1224717566156228,3117.057079602531,SL,,
2026-09-23T14:21:22.469978+00:00,close,,CHRUSDT,ICT/SMC v2,short,,,0.022212,0.0204822307077452,,,,450.2,,0.7787421353730778,3117.835821737904,TP1,,
2026-09-23T14:21:31.529380+00:00,close,,CRVUSDT,Supertrend+ADX,long,,,0.3419999999999999,0.3419999999999999,,,,43.9,,0.0,3117.835821737904,SL,,
2026-09-23T14:21:35.046116+00:00,close,,CTSIUSDT,Supertrend+ADX,short,,,0.02965,0.0287989041182282,,,,505.9021,,0.4305711938897006,3118.266392931794,TP1,,
2026-09-23T14:21:38.798780+00:00,close,,CYBERUSDT,ICT/SMC v2,short,,,0.357,0.3462421590132492,,,,28.011,,0.3013378838798769,3118.567730815674,TP1,,
2026-09-23T14:21:43.570844+00:00,close,,DIAUSDT,ICT/SMC v2,long,,,0.155,0.1507108625739594,,,,64.5,,-0.2766493639796162,3118.291081451694,SL,,
2026-09-23T14:21:51.189114+00:00,open,,DOGSUSDT,ICT/SMC v2,short,,,4.765e-05,,4.879312572523142e-05,4.593531141215287e-05,4.422062282430575e-05,419727.1,20.0,,,,,
2026-09-23T14:21:52.752366+00:00,close,,DOTUSDT,ICT/SMC v2,short,,,1.1526,1.1275888373536072,,,,8.67,,0.2168467801442265,3118.507928231839,TP1,,
2026-09-23T14:21:53.424797+00:00,close,,DOTUSDT,ICT/SMC v2,short,,,1.1526,1.102577674707214,,,,8.68,,0.4341937835413829,3118.94212201538,TP2,,
2026-09-23T14:21:56.970779+00:00,open,,DOTUSDT,ICT/SMC v2,short,,,1.1119,,1.1361523794108583,1.0755214308837122,1.0391428617674243,17.98,20.0,,,,,
2026-09-23T14:22:04.557278+00:00,close,,DYMUSDT,Supertrend+ADX,long,,,0.01945,0.0187484063869211,,,,771.2,,-0.5410689944064133,3118.401053020974,SL,,
2026-09-23T14:22:07.217909+00:00,close,,DYMUSDT,ICT/SMC v2,long,,,0.0192999999999999,0.0188650878610703,,,,518.1,,-0.2253279791794399,3118.175725041794,SL,,
2026-09-23T14:22:13.762250+00:00,open,,EDUUSDT,ICT/SMC v2,short,,,0.05005,,0.0512783407112286,0.048207488933157,0.0463649778663141,399.6,20.0,,,,,
2026-09-23T14:22:18.619336+00:00,close,,EIGENUSDT,ICT/SMC v2,long,,,0.2547,0.2489020976601076,,,,39.26,,-0.2276256458641717,3117.94809939593,SL,,
2026-09-23T14:22:22.241857+00:00,open,,EIGENUSDT,Supertrend+ADX,short,,,0.2387,,0.2550837340984996,0.2141243988522505,0.1895487977045011,125.68,30.0,,,,,
2026-09-23T14:22:28.815776+00:00,close,,ENAUSDT,ICT/SMC v2,short,,,0.2143999999999999,0.2064093601166945,,,,46.64,,0.3726834441573675,3118.320782840088,TP1,,
2026-09-23T14:22:33.348489+00:00,open,,ENSUSDT,ICT/SMC v2,short,,,6.699,,6.863537148748091,6.452194276877862,6.205388553755726,2.9855,20.0,,,,,
2026-09-23T14:22:37.572815+00:00,close,,ERAUSDT,ICT/SMC v2,long,,,0.0698999999999999,0.0692472960230547,,,,143.0615,,-0.093376809997759,3118.22740603009,SL,,
2026-09-23T14:22:43.886970+00:00,close,,ETHUSDT,ICT/SMC v2,short,,,2737.4700000000003,2683.644614029488,,,,0.003653,,0.1966241349502815,3118.42403016504,TP2,,
2026-09-23T14:22:48.230570+00:00,close,,ETHFIUSDT,Supertrend+ADX,short,,,0.7054,0.6698180354770846,,,,21.2,,0.7543376478858065,3119.178367812926,TP1,,
2026-09-23T14:22:54.469144+00:00,close,,ETHFIUSDT,ICT/SMC v2,short,,,0.7081999999999999,0.6869006043069302,,,,14.1,,0.3003214792722829,3119.4786892921984,TP1,,
2026-09-23T14:22:55.107940+00:00,close,,ETHFIUSDT,ICT/SMC v2,short,,,0.7081999999999999,0.6656012086138606,,,,14.1,,0.6006429585445643,3120.079332250743,TP2,,
2026-09-23T14:23:01.174863+00:00,close,,FIDAUSDT,ICT/SMC v2,long,,,0.021975,0.0215740827497412,,,,455.062,,-0.1824422057372307,3119.896890045006,SL,,
2026-09-23T14:23:01.511663+00:00,close,,FIDAUSDT,ICT/SMC v2,long,,,0.021975,0.0215740827497412,,,,455.063,,-0.182442606654481,3119.714447438351,SL,,
2026-09-23T14:23:03.595085+00:00,open,,FIDAUSDT,Supertrend+ADX,short,,,0.0210899999999999,,0.0221875562735826,0.0194436655896259,0.0177973311792519,1422.475,30.0,,,,,
2026-09-23T14:23:06.629844+00:00,close,,FILUSDT,ICT/SMC v2,long,,,1.01725,0.9992527753432138,,,,9.83,,-0.1769127183762085,3119.537534719975,SL,,
2026-09-23T14:23:24.629822+00:00,open,,GALAUSDT,ICT/SMC v2,short,,,0.00196,,0.0020182351179337,0.0018726473230993,0.0017852946461987,10204.0,20.0,,,,,
2026-09-23T14:23:27.816325+00:00,open,,GMTUSDT,ICT/SMC v2,short,,,0.00828,,0.0084430269882768,0.0080354595175847,0.0077909190351694,2415.4,20.0,,,,,
2026-09-23T14:23:36.692889+00:00,close,,GRTUSDT,ICT/SMC v2,long,,,0.02649,0.02649,,,,377.5,,0.0,3119.537534719975,SL,,
2026-09-23T14:23:42.425608+00:00,open,,GRTUSDT,ICT/SMC v2,short,,,0.02606,,0.0269872387613371,0.0246691418579943,0.0232782837159886,767.4,20.0,,,,,
2026-09-23T14:23:45.958748+00:00,close,,HBARUSDT,ICT/SMC v2,short,,,0.096855,0.0917453912347205,,,,103.2,,0.527311624576841,3120.064846344552,TP2,,
2026-09-23T14:23:57.678634+00:00,close,,ICPUSDT,ICT/SMC v2,long,,,3.0135,3.0135,,,,3.32,,0.0,3120.064846344552,SL,,
2026-09-23T14:24:02.419973+00:00,open,,IDUSDT,ICT/SMC v2,short,,,0.03645,,0.037169225983176,0.0353711610252358,0.0342923220504717,548.69,20.0,,,,,
2026-09-23T14:24:05.720393+00:00,open,,ILVUSDT,ICT/SMC v2,short,,,3.666,,3.7498560310400486,3.540215953439928,3.4144319068798548,5.4555,20.0,,,,,
2026-09-23T14:24:09.202226+00:00,close,,INITUSDT,ICT/SMC v2,long,,,0.0893,0.0879865974292851,,,,111.982,,-0.147077446673794,3119.917768897878,SL,,
2026-09-23T14:24:09.556243+00:00,close,,INITUSDT,ICT/SMC v2,long,,,0.0893,0.0879865974292851,,,,111.9821,,-0.1470775780140511,3119.770691319864,SL,,
2026-09-23T14:24:15.953019+00:00,close,,INJUSDT,ICT/SMC v2,long,,,8.027999999999999,7.851888732495071,,,,1.2456,,-0.2193641948041373,3119.5513271250597,SL,,
2026-09-23T14:24:25.251983+00:00,close,,IOTAUSDT,ICT/SMC v2,short,,,0.0482999999999999,0.0468843740547188,,,,207.03,,0.2930770394515533,3119.844404164511,TP1,,
2026-09-23T14:24:31.959586+00:00,open,,JASMYUSDT,ICT/SMC v2,short,,,0.0042924999999999,,0.0044126801544545,0.0041122297683181,0.0039319595366363,4659.2,20.0,,,,,
2026-09-23T14:24:36.542623+00:00,close,,JOEUSDT,ICT/SMC v2,long,,,0.035,0.035,,,,285.71429,,0.0,3119.844404164511,SL,,
2026-09-23T14:24:44.791533+00:00,close,,JUPUSDT,ICT/SMC v2,short,,,0.2984,0.290454088838692,,,,33.5,,0.2661880239038159,3120.110592188415,TP1,,
2026-09-23T14:24:45.566509+00:00,close,,JUPUSDT,ICT/SMC v2,short,,,0.2984,0.2825081776773842,,,,33.5,,0.53237604780763,3120.6429682362227,TP2,,
2026-09-23T14:24:56.971972+00:00,close,,LAYERUSDT,ICT/SMC v2,short,,,0.07825,0.0769344969409411,,,,127.7955,,0.1681153711839589,3120.8110836074065,TP1,,
2026-09-23T14:24:57.788508+00:00,close,,LAYERUSDT,ICT/SMC v2,short,,,0.07825,0.0756189938818822,,,,127.7955,,0.336230742367916,3121.1473143497747,TP2,,
2026-09-23T14:25:08.791024+00:00,close,,LINKUSDT,Supertrend+ADX,short,,,12.93445,12.489953591455963,,,,1.15,,0.5111708698256423,3121.6584852196,TP1,,
2026-09-23T14:25:10.731435+00:00,close,,LINKUSDT,ICT/SMC v2,short,,,13.0687,12.63567646513206,,,,0.77,,0.3334281218483128,3121.9919133414483,TP2,,
2026-09-23T14:25:13.676513+00:00,open,,LINKUSDT,ICT/SMC v2,short,,,12.33235,,12.581331667627977,11.958877498558037,11.585404997116074,1.62,20.0,,,,,
2026-09-23T14:25:15.415148+00:00,close,,LPTUSDT,ICT/SMC v2,long,,,1.82855,1.772722929470479,,,,5.4688,,-0.3053070833118442,3121.6866062581366,SL,,
2026-09-23T14:25:19.467349+00:00,close,,LQTYUSDT,ICT/SMC v2,long,,,0.2444,0.2408549318177577,,,,40.916,,-0.1450500097446266,3121.541556248392,SL,,
2026-09-23T14:25:19.842403+00:00,close,,LQTYUSDT,ICT/SMC v2,long,,,0.2444,0.2408549318177577,,,,40.917,,-0.1450535548128088,3121.3965026935794,SL,,
2026-09-23T14:25:25.203705+00:00,open,,LTCUSDT,ICT/SMC v2,short,,,60.48,,62.066112475854005,58.10083128621898,55.72166257243798,0.33068,20.0,,,,,
2026-09-23T14:25:26.917580+00:00,close,,LUNAUSDT,ICT/SMC v2,long,,,0.05465,0.0513044502861877,,,,182.98,,-0.612168686633369,3120.7843340069458,SL,,
2026-09-23T14:25:31.020302+00:00,close,,LUNCUSDT,ICT/SMC v2,short,,,5.6015e-05,5.396614877736965e-05,,,,178523.6,,0.3657682961283717,3121.150102303074,TP2,,
2026-09-23T14:25:34.509560+00:00,open,,LUNCUSDT,ICT/SMC v2,short,,,5.3255e-05,,5.439435299153785e-05,5.1545970512693216e-05,4.983694102538644e-05,375551.5,20.0,,,,,
2026-09-23T14:25:37.585478+00:00,open,,MAGICUSDT,ICT/SMC v2,short,,,0.0495,,0.0503901330668615,0.0481648003997077,0.0468296007994154,404.0404,20.0,,,,,
2026-09-23T14:25:41.705906+00:00,close,,MANAUSDT,ICT/SMC v2,long,,,0.087305,0.0861087454257371,,,,114.5,,-0.1369711487531014,3121.013131154321,SL,,
2026-09-23T14:25:48.167527+00:00,open,,MANTAUSDT,ICT/SMC v2,short,,,0.068395,,0.0698808683451141,0.0661661974823287,0.0639373949646574,292.4,20.0,,,,,
2026-09-23T14:26:05.761469+00:00,close,,METISUSDT,ICT/SMC v2,long,,,3.635,3.519991307764742,,,,2.751,,-0.3163889123391947,3120.6967422419816,SL,,
2026-09-23T14:26:17.099640+00:00,open,,MOVRUSDT,ICT/SMC v2,short,,,0.872,,0.8964965052631474,0.835255242105279,0.7985104842105579,22.935,20.0,,,,,
2026-09-23T14:26:21.381471+00:00,close,,MTLUSDT,ICT/SMC v2,short,,,0.3205,0.3144755765429975,,,,31.2012,,0.1879692411666244,3120.884711483148,TP1,,
2026-09-23T14:26:22.047554+00:00,close,,MTLUSDT,ICT/SMC v2,short,,,0.3205,0.3084511530859951,,,,31.2012,,0.3759384823332506,3121.260649965481,TP2,,
2026-09-23T14:26:27.829080+00:00,open,,NEARUSDT,ICT/SMC v2,long,,,4.53525,,4.328848532552599,4.844852201171101,5.154454402342201,4.4,20.0,,,,,
2026-09-23T14:26:30.528008+00:00,open,,NEOUSDT,Supertrend+ADX,short,,,2.5103,,2.658150469685665,2.2885242954715013,2.066748590943003,11.95,30.0,,,,,
2026-09-23T14:26:33.798082+00:00,close,,NEWTUSDT,ICT/SMC v2,short,,,0.0509649999999999,0.0501312064477824,,,,196.213,,0.1636011342612578,3121.4242510997424,TP1,,
2026-09-23T14:26:41.574471+00:00,close,,NOTUSDT,ICT/SMC v2,short,,,0.00050245,0.0004797525979036,,,,19902.5,,0.4517350452232455,3121.8759861449657,TP2,,
2026-09-23T14:26:51.955808+00:00,close,,ONDOUSDT,Supertrend+ADX,long,,,0.42378,0.42378,,,,35.4,,0.0,3121.8759861449657,SL,,
2026-09-23T14:26:58.738277+00:00,close,,ORDIUSDT,Supertrend+ADX,short,,,4.854,4.651448411682207,,,,3.09,,0.6258844079019813,3122.501870552868,TP1,,
2026-09-23T14:27:19.155120+00:00,close,,POLUSDT,ICT/SMC v2,short,,,0.10675,0.1038917168209763,,,,93.6768,,0.2677548217047597,3122.7696253745726,TP1,,
2026-09-23T14:27:19.814174+00:00,close,,POLUSDT,ICT/SMC v2,short,,,0.10675,0.1010334336419527,,,,93.6768,,0.5355096434095195,3123.305135017982,TP2,,
2026-09-23T14:27:30.508946+00:00,close,,PUMPUSDT,ICT/SMC v2,short,,,0.0042,0.0040663037116767,,,,2380.95,,0.3183241776833593,3123.6234591956654,TP1,,
2026-09-23T14:27:35.970326+00:00,close,,PYTHUSDT,ICT/SMC v2,long,,,0.066695,0.0654781770615381,,,,149.93,,-0.1824382631635902,3123.441020932502,SL,,
2026-09-23T14:27:36.321229+00:00,close,,PYTHUSDT,ICT/SMC v2,long,,,0.066695,0.0654781770615381,,,,149.94,,-0.1824504313929748,3123.258570501109,SL,,
2026-09-23T14:27:39.590512+00:00,open,,PYTHUSDT,Supertrend+ADX,short,,,0.062655,,0.0679706456797949,0.0546815314803075,0.0467080629606151,478.81,30.0,,,,,
2026-09-23T14:27:43.744564+00:00,open,,RAREUSDT,ICT/SMC v2,short,,,0.012995,,0.013241276221073,0.0126255856683904,0.0122561713367808,1539.0,20.0,,,,,
2026-09-23T14:27:47.321015+00:00,open,,RAYUSDT,ICT/SMC v2,long,,,1.89205,,1.8221897431661744,1.9968403852507384,2.1016307705014765,10.5,20.0,,,,,
2026-09-23T14:27:58.601857+00:00,open,,RENDERUSDT,ICT/SMC v2,short,,,1.7105,,1.7554751271717473,1.6430373092423791,1.5755746184847583,11.69,20.0,,,,,
2026-09-23T14:28:01.717045+00:00,close,,RLCUSDT,ICT/SMC v2,short,,,0.3553,0.3413889985563564,,,,28.1452,,0.3915279178316362,3123.6500984189406,TP2,,
2026-09-23T14:28:10.688730+00:00,open,,RPLUSDT,Supertrend+ADX,short,,,1.9415,,2.041335381050725,1.791746928423913,1.641993856847826,15.4519,30.0,,,,,
2026-09-23T14:28:12.615184+00:00,open,,RPLUSDT,ICT/SMC v2,short,,,1.944,,1.9818274125426063,1.88725888118609,1.83051776237218,10.288,20.0,,,,,
2026-09-23T14:28:18.695585+00:00,close,,RUNEUSDT,Supertrend+ADX,long,,,0.63625,0.6206972234807813,,,,23.5,,-0.3654902482016398,3123.284608170739,SL,,
2026-09-23T14:28:19.021275+00:00,close,,RUNEUSDT,Supertrend+ADX,long,,,0.63625,0.6206972234807813,,,,23.6,,-0.3670455258535616,3122.9175626448855,SL,,
2026-09-23T14:28:21.359388+00:00,open,,RUNEUSDT,Supertrend+ADX,short,,,0.6094999999999999,,0.6415160469315555,0.5614759296026667,0.5134518592053333,49.2,30.0,,,,,
2026-09-23T14:28:27.959503+00:00,close,,SUSDT,Supertrend+ADX,long,,,0.04285,0.0412477056998545,,,,350.0,,-0.5608030050509138,3122.356759639835,SL,,
2026-09-23T14:28:28.344968+00:00,close,,SUSDT,Supertrend+ADX,long,,,0.04285,0.0412477056998545,,,,350.1,,-0.5609632344809284,3121.795796405354,SL,,
2026-09-23T14:28:30.722264+00:00,open,,SUSDT,Supertrend+ADX,short,,,0.0402,,0.0435247402254145,0.0352128896618782,0.0302257793237564,746.2,30.0,,,,,
2026-09-23T14:28:41.523071+00:00,open,,SEIUSDT,Supertrend+ADX,short,,,0.0582499999999999,,0.061374566365852,0.0535631504512218,0.0488763009024437,515.0,30.0,,,,,
2026-09-23T14:28:47.330178+00:00,open,,SKLUSDT,ICT/SMC v2,short,,,0.004385,,0.0044833645946604,0.0042374531080093,0.0040899062160187,4561.003,20.0,,,,,
2026-09-23T14:28:51.697022+00:00,open,,SLPUSDT,Supertrend+ADX,short,,,0.000657,,0.0006939106781223,0.0006016339828165,0.000546267965633,45662.1,30.0,,,,,
2026-09-23T14:28:53.376439+00:00,open,,SLPUSDT,ICT/SMC v2,short,,,0.000657,,0.0006718990640651,0.0006346514039022,0.0006123028078044,30441.4,20.0,,,,,
2026-09-23T14:28:57.499457+00:00,close,,SSVUSDT,ICT/SMC v2,short,,,3.297,3.1419674734417398,,,,3.033,,0.4702136530512037,3122.2660100584053,TP2,,
2026-09-23T14:29:01.498636+00:00,close,,STGUSDT,ICT/SMC v2,long,,,0.13075,0.1279110607047144,,,,76.4818,,-0.2171271873941689,3122.0488828710113,SL,,
2026-09-23T14:29:12.050085+00:00,close,,STXUSDT,ICT/SMC v2,short,,,0.32165,0.3140021944580241,,,,31.0,,0.2370819718012516,3122.285964842813,TP1,,
2026-09-23T14:29:22.988918+00:00,open,,SUSHIUSDT,Supertrend+ADX,short,,,0.25585,,0.2761502770401543,0.2253995844397685,0.1949491688795371,117.256,30.0,,,,,
2026-09-23T14:29:33.493885+00:00,close,,THETAUSDT,ICT/SMC v2,short,,,0.22975,0.2185642763514829,,,,43.5,,0.4865789787104906,3122.772543821523,TP2,,
2026-09-23T14:29:42.600746+00:00,open,,TRBUSDT,ICT/SMC v2,short,,,18.846,,19.30928105061929,18.151078424071063,17.456156848142133,1.0612,20.0,,,,,
2026-09-23T14:29:48.380600+00:00,close,,TRXUSDT,Supertrend+ADX,short,,,0.3432495,0.3407657630201838,,,,43.6,,0.1082909323199833,3122.880834753843,TP1,,
2026-09-23T14:30:23.743618+00:00,close,,ZECUSDT,ICT/SMC v2,long,,,1620.45,1586.589213459073,,,,0.00617,,-0.2089210529575192,3122.671913700886,SL,,
2026-09-23T14:33:41.868114+00:00,open,,AEROUSDT,Supertrend+ADX,short,,,0.68365,,0.7246610757274113,0.622133386408883,0.560616772817766,43.88,30.0,,,,,
2026-09-23T14:34:47.321203+00:00,close,,BCHUSDT,ICT/SMC v2,long,,,348.11,333.25719354061164,,,,0.02872,,-0.4265726015136341,3122.245341099372,SL,,
2026-09-23T14:34:47.646236+00:00,close,,BCHUSDT,ICT/SMC v2,long,,,348.11,333.25719354061164,,,,0.02873,,-0.426721129578228,3121.818619969794,SL,,
2026-09-23T14:35:44.103804+00:00,close,,CTSIUSDT,Supertrend+ADX,short,,,0.02965,0.0279478082364564,,,,505.9022,,0.8611425579985793,3122.6797625277923,TP2,,
2026-09-23T14:38:16.055153+00:00,close,,KSMUSDT,Supertrend+ADX,short,,,4.640000000000001,4.404270786065303,,,,3.232758,,0.7620555021811051,3123.4418180299735,TP1,,
2026-09-23T14:41:41.649457+00:00,close,,SUIUSDT,Supertrend+ADX,short,,,1.01005,0.9531865484707622,,,,14.8507,,0.844462059625253,3124.286280089599,TP1,,
2026-09-23T14:52:16.054923+00:00,open,,INITUSDT,ICT/SMC v2,short,,,0.08985,,0.0915770071341469,0.0872594892987796,0.0846689785975592,222.5932,20.0,,,,,
2026-09-23T14:54:14.582116+00:00,open,,PENDLEUSDT,ICT/SMC v2,short,,,2.4372,,2.502956088827988,2.338565866758018,2.239931733516036,8.2,20.0,,,,,
2026-09-23T15:04:08.167836+00:00,open,,ARUSDT,ICT/SMC v2,short,,,4.518000000000001,,4.697863283088801,4.2482050753668,3.978410150733598,4.42,20.0,,,,,
2026-09-23T15:04:21.685125+00:00,open,,ATOMUSDT,ICT/SMC v2,short,,,1.7482000000000002,,1.78996340663749,1.6855548900437658,1.6229097800875316,11.44,20.0,,,,,
2026-09-23T15:05:48.583126+00:00,close,,EGLDUSDT,ICT/SMC v2,long,,,4.425,4.543647380171912,,,,2.259,,0.2680244318083489,3124.5543045214076,TP1,,
2026-09-23T15:06:10.078067+00:00,open,,ETHUSDT,ICT/SMC v2,short,,,2676.645,,2708.234611782324,2629.260582326514,2581.876164653028,0.007472,20.0,,,,,
2026-09-23T15:07:24.694106+00:00,open,,JUPUSDT,ICT/SMC v2,short,,,0.2878,,0.297550213051869,0.2731746804221964,0.2585493608443929,69.4,20.0,,,,,
2026-09-23T15:07:56.529393+00:00,close,,MAGICUSDT,ICT/SMC v2,short,,,0.0495,0.0503901330668615,,,,202.0202,,-0.1798248601939757,3124.374479661213,SL,,
2026-09-23T15:08:11.244117+00:00,open,,METISUSDT,ICT/SMC v2,short,,,3.425,,3.547611008304515,3.2410834875432264,3.0571669750864534,5.839,20.0,,,,,
2026-09-23T15:08:53.329165+00:00,open,,PAXGUSDT,ICT/SMC v2,short,,,4292.52,,4311.298732087898,4264.351901868153,4236.183803736305,0.004659,20.0,,,,,
2026-09-23T15:09:19.133597+00:00,open,,PYTHUSDT,ICT/SMC v2,short,,,0.06396,,0.0663325759979598,0.0604011360030602,0.0568422720061205,312.69,20.0,,,,,
2026-09-23T15:09:24.202123+00:00,close,,RAYUSDT,ICT/SMC v2,long,,,1.89205,1.9968403852507384,,,,5.2,,0.5449100033038395,3124.9193896645174,TP1,,
2026-09-23T15:10:01.731272+00:00,open,,SANDUSDT,ICT/SMC v2,short,,,0.0421249999999999,,0.0432277885369043,0.0404708171946435,0.038816634389287,474.7,20.0,,,,,
2026-09-23T15:10:11.746466+00:00,open,,SHIBUSDT,ICT/SMC v2,short,,,5.72e-06,,5.88397810849042e-06,5.474032837264371e-06,5.228065674528741e-06,3496503.4,20.0,,,,,
2026-09-23T15:11:05.929394+00:00,open,,TURBOUSDT,ICT/SMC v2,short,,,0.00104212,,0.0010777353234326,0.000988697014851,0.0009352740297021,19191.6,20.0,,,,,
2026-09-23T15:25:33.539813+00:00,close,,SAGAUSDT,ICT/SMC v2,long,,,0.0466,0.0509280842507775,,,,214.5,,0.9283740717917764,3125.847763736309,TP1,,
2026-09-23T15:26:40.722500+00:00,open,,TIAUSDT,ICT/SMC v2,short,,,0.4793,,0.4993113283356287,0.4492830074965568,0.4192660149931138,41.7275,20.0,,,,,
2026-09-23T15:33:37.177064+00:00,close,,AEROUSDT,ICT/SMC v2,long,,,0.68825,0.6717308402086793,,,,14.52,,-0.2398582001699762,3125.607905536139,SL,,
2026-09-23T15:33:37.585018+00:00,close,,AEROUSDT,ICT/SMC v2,long,,,0.68825,0.6717308402086793,,,,14.53,,-0.2400233917678894,3125.3678821443705,SL,,
2026-09-23T15:37:29.560224+00:00,close,,INJUSDT,Supertrend+ADX,long,,,8.1705,7.778592795112559,,,,1.8358,,-0.7194632467323643,3124.6484188976387,SL,,
2026-09-23T15:37:47.192995+00:00,close,,JTOUSDT,Supertrend+ADX,long,,,0.504,0.4755775951783512,,,,29.7,,-0.8441454232029681,3123.804273474436,SL,,
2026-09-23T15:37:47.549661+00:00,close,,JTOUSDT,Supertrend+ADX,long,,,0.504,0.4755775951783512,,,,29.8,,-0.8469876636851331,3122.9572858107504,SL,,
2026-09-23T15:41:42.623056+00:00,open,,SYNUSDT,ICT/SMC v2,short,,,0.20895,,0.2193121301462041,0.1934068047806938,0.1778636095613876,95.7,20.0,,,,,
2026-09-23T15:42:24.088205+00:00,close,,WIFUSDT,ICT/SMC v2,short,,,0.24555,0.2274459591406618,,,,40.72,,0.7371965437922492,3123.694482354543,TP2,,
2026-09-23T15:42:40.133386+00:00,close,,ZKUSDT,Supertrend+ADX,long,,,0.01156,0.01156,,,,1297.6,,0.0,3123.694482354543,SL,,
2026-09-23T15:42:45.207756+00:00,open,,ZROUSDT,ICT/SMC v2,long,,,1.403,,1.3307646380263882,1.5113530429604178,1.6197060859208354,14.25,20.0,,,,,
2026-09-23T15:48:55.246397+00:00,close,,APEUSDT,ICT/SMC v2,short,,,0.1606,0.1503465150635665,,,,62.27,,0.6384845069917137,3124.3329668615347,TP2,,
2026-09-23T15:50:13.149161+00:00,open,,CELRUSDT,ICT/SMC v2,short,,,0.002955,,0.0030665929480481,0.0027876105779278,0.0026202211558556,6768.1,20.0,,,,,
2026-09-23T15:50:48.160629+00:00,close,,DYDXUSDT,Supertrend+ADX,short,,,0.1363,0.1288376172977961,,,,110.05,,0.8212352163775326,3125.154202077912,TP1,,
2026-09-23T15:53:49.208666+00:00,close,,NEARUSDT,ICT/SMC v2,long,,,4.53525,4.328848532552599,,,,2.2,,-0.4540832283842809,3124.700118849528,SL,,
2026-09-23T15:54:12.643137+00:00,close,,ORDIUSDT,Supertrend+ADX,short,,,4.854,4.448896823364414,,,,3.09,,1.2517688158039595,3125.951887665332,TP2,,
2026-09-23T15:54:37.566752+00:00,open,,PROMUSDT,ICT/SMC v2,short,,,5.1355,,5.2876675158721405,4.90724872619179,4.67899745238358,3.89,20.0,,,,,
2026-09-23T15:56:04.283272+00:00,open,,STGUSDT,ICT/SMC v2,long,,,0.1291999999999999,,0.1224365434760369,0.1393451847859445,0.149490369571889,154.7987,20.0,,,,,
2026-09-23T16:03:42.258686+00:00,close,,AIUSDT,Supertrend+ADX,long,,,0.0183499999999999,0.0183499999999999,,,,817.4,,0.0,3125.951887665332,SL,,
2026-09-23T16:03:55.633529+00:00,close,,AMPUSDT,ICT/SMC v2,short,,,0.0004994999999999,0.0004809990477397,,,,20020.0,,0.3703890642495234,3126.322276729582,TP2,,
2026-09-23T16:05:28.383362+00:00,close,,CFXUSDT,Supertrend+ADX,long,,,0.0511265,0.0511265,,,,293.39,,0.0,3126.322276729582,SL,,
2026-09-23T16:06:56.155223+00:00,close,,GALAUSDT,ICT/SMC v2,short,,,0.00196,0.0018726473230993,,,,5102.0,,0.4456733575470868,3126.7679500871286,TP1,,
2026-09-23T16:07:47.021250+00:00,close,,JUPUSDT,Supertrend+ADX,short,,,0.29675,0.27980504287997,,,,50.5,,0.8557203345615134,3127.623670421691,TP1,,
2026-09-23T16:19:36.530292+00:00,open,,BANANAUSDT,ICT/SMC v2,short,,,4.02,,4.093328313742676,3.9100075293859846,3.80001505877197,4.9751,20.0,,,,,
2026-09-23T16:19:41.666372+00:00,open,,BANDUSDT,ICT/SMC v2,short,,,0.217,,0.2220936213276907,0.2093595680084638,0.2017191360169277,92.16589,20.0,,,,,
2026-09-23T16:19:45.321704+00:00,open,,BBUSDT,ICT/SMC v2,short,,,0.00955,,0.0100479705342204,0.0088030441986693,0.0080560883973387,2094.2,20.0,,,,,
2026-09-23T16:19:59.040218+00:00,open,,BICOUSDT,ICT/SMC v2,short,,,0.0215,,0.0221459206366273,0.0205311190450589,0.0195622380901179,930.23255,20.0,,,,,
2026-09-23T16:20:02.641867+00:00,open,,BIGTIMEUSDT,ICT/SMC v2,short,,,0.00826,,0.0084300978732981,0.0080048531900528,0.0077497063801056,2421.3,20.0,,,,,
2026-09-23T16:20:32.534322+00:00,open,,CHZUSDT,ICT/SMC v2,short,,,0.016125,,0.0165418530295762,0.0154997204556355,0.0148744409112711,1240.3,20.0,,,,,
2026-09-23T16:21:29.362258+00:00,open,,FETUSDT,ICT/SMC v2,short,,,0.1965,,0.2028877977005819,0.1869183034491271,0.1773366068982542,101.781,20.0,,,,,
2026-09-23T16:22:35.834865+00:00,open,,KNCUSDT,ICT/SMC v2,short,,,0.14505,,0.1474413563525051,0.1414629654712423,0.1378759309424845,137.8834,20.0,,,,,
2026-09-23T16:23:01.011198+00:00,open,,MAGICUSDT,ICT/SMC v2,short,,,0.0495,,0.0504894832239911,0.0480157751640132,0.0465315503280265,404.0404,20.0,,,,,
2026-09-23T16:23:35.539663+00:00,open,,MTLUSDT,ICT/SMC v2,short,,,0.31125,,0.3170666852730054,0.3025249720904919,0.2937999441809839,64.257,20.0,,,,,
2026-09-23T16:23:55.815402+00:00,open,,ONDOUSDT,ICT/SMC v2,short,,,0.415145,,0.4268566788592812,0.397577481711078,0.380009963422156,48.17,20.0,,,,,
2026-09-23T16:24:12.035144+00:00,open,,PEPEUSDT,ICT/SMC v2,short,,,4.382e-06,,4.5401554005771405e-06,4.1447668991342894e-06,3.90753379826858e-06,4564125.9,20.0,,,,,
2026-09-23T16:24:47.684429+00:00,open,,RLCUSDT,ICT/SMC v2,short,,,0.3364,,0.3439464276646659,0.3250803585030011,0.3137607170060023,59.453,20.0,,,,,
2026-09-23T16:24:52.416670+00:00,open,,ROSEUSDT,ICT/SMC v2,short,,,0.00771,,0.0079379394067307,0.0073680908899039,0.0070261817798078,2594.0,20.0,,,,,
2026-09-23T16:25:35.776680+00:00,open,,SOLUSDT,ICT/SMC v2,short,,,114.771,,116.7494995610428,111.80325065843576,108.83550131687156,0.174,20.0,,,,,
2026-09-23T16:26:41.910869+00:00,open,,WIFUSDT,ICT/SMC v2,short,,,0.22775,,0.236262870128394,0.214980694807409,0.202211389614818,87.81,20.0,,,,,
2026-09-23T16:26:48.849295+00:00,open,,XLMUSDT,ICT/SMC v2,short,,,0.2032495,,0.2080310568876972,0.1960771646684541,0.1889048293369082,98.4,20.0,,,,,
2026-09-23T16:33:48.449289+00:00,open,,ALGOUSDT,ICT/SMC v2,short,,,0.10585,,0.1082833313387532,0.1022000029918701,0.0985500059837403,188.9,20.0,,,,,
2026-09-23T16:35:27.528670+00:00,open,,CFXUSDT,ICT/SMC v2,short,,,0.052085,,0.0533329063467758,0.0502131404798361,0.0483412809596723,383.98,20.0,,,,,
2026-09-23T16:35:36.094931+00:00,open,,CKBUSDT,ICT/SMC v2,short,,,0.0012895,,0.0013184189490521,0.0012461215764217,0.0012027431528435,15509.88,20.0,,,,,
2026-09-23T16:37:06.901708+00:00,open,,GMXUSDT,ICT/SMC v2,short,,,8.020050000000001,,8.170745968172177,7.794006047741735,7.567962095483469,2.4937,20.0,,,,,
2026-09-23T16:38:54.293884+00:00,close,,MINAUSDT,ICT/SMC v2,short,,,0.147315,0.1418020688278104,,,,67.8,,0.3737767334744507,3127.997447155165,TP1,,
2026-09-23T16:39:50.677286+00:00,open,,PIXELUSDT,ICT/SMC v2,short,,,0.00536,,0.0054925905537363,0.0051611141693954,0.0049622283387909,3731.3,20.0,,,,,
2026-09-23T16:52:11.563171+00:00,open,,FIDAUSDT,ICT/SMC v2,short,,,0.02087,,0.0213548568363819,0.020142714745427,0.0194154294908541,958.313,20.0,,,,,
2026-09-23T16:53:58.824065+00:00,open,,LPTUSDT,ICT/SMC v2,short,,,1.6995,,1.751682207260823,1.621226689108766,1.5429533782175318,11.7681,20.0,,,,,
2026-09-23T16:55:39.068846+00:00,open,,POLYXUSDT,ICT/SMC v2,short,,,0.0421,,0.042926353497017,0.0408604697544744,0.0396209395089489,475.0,20.0,,,,,
2026-09-23T17:05:10.033931+00:00,open,,BLURUSDT,ICT/SMC v2,short,,,0.01975,,0.0201535940298757,0.0191446089551863,0.0185392179103726,1012.6582,20.0,,,,,
2026-09-23T17:05:46.619529+00:00,open,,CRVUSDT,ICT/SMC v2,short,,,0.32815,,0.3370822809041741,0.3147515786437389,0.3013531572874778,60.9,20.0,,,,,
2026-09-23T17:06:42.504576+00:00,close,,EGLDUSDT,ICT/SMC v2,long,,,4.425,4.425,,,,2.26,,0.0,3127.997447155165,SL,,
2026-09-23T17:11:30.804269+00:00,open,,SATSUSDT,ICT/SMC v2,short,,,1.125e-08,,1.1535409668396068e-08,1.0821885497405898e-08,1.0393770994811796e-08,1777777777.7,20.0,,,,,
2026-09-23T17:19:24.614571+00:00,open,,ARKMUSDT,ICT/SMC v2,short,,,0.12365,,0.1275194734766302,0.1178457897850547,0.1120415795701093,161.7,20.0,,,,,
2026-09-23T17:19:30.102745+00:00,open,,ASTERUSDT,ICT/SMC v2,short,,,0.6916,,0.7066901452862587,0.668964782070612,0.646329564141224,28.9184,20.0,,,,,
2026-09-23T17:20:34.596846+00:00,open,,CAKEUSDT,ICT/SMC v2,short,,,2.5540000000000003,,2.597029158236262,2.489456262645608,2.424912525291216,7.83,20.0,,,,,
2026-09-23T17:20:38.419580+00:00,open,,CATIUSDT,ICT/SMC v2,short,,,0.06291,,0.0640381192027467,0.0612178211958798,0.0595256423917596,317.9,20.0,,,,,
2026-09-23T17:20:48.777552+00:00,open,,CETUSUSDT,ICT/SMC v2,short,,,0.02574,,0.0266261923965249,0.0244107114052125,0.0230814228104251,777.0,20.0,,,,,
2026-09-23T17:21:57.647538+00:00,open,,EGLDUSDT,ICT/SMC v2,long,,,4.315,,4.141618192419337,4.575072711370995,4.835145422741989,4.634,20.0,,,,,
2026-09-23T17:22:43.048212+00:00,open,,FTTUSDT,Supertrend+ADX,long,,,0.2603,,0.2364337328167312,0.2960994007749031,0.3318988015498064,115.2516,30.0,,,,,
2026-09-23T17:22:55.570255+00:00,open,,GRAMUSDT,ICT/SMC v2,short,,,1.4095,,1.4298774862498556,1.3789337706252167,1.3483675412504332,14.18942,20.0,,,,,
2026-09-23T17:23:03.715662+00:00,open,,GTCUSDT,ICT/SMC v2,short,,,0.0839999999999999,,0.0853964703416671,0.0819052944874993,0.0798105889749985,238.0952,20.0,,,,,
2026-09-23T17:23:07.460791+00:00,open,,HBARUSDT,ICT/SMC v2,short,,,0.0904649999999999,,0.0926875033791508,0.0871312449312737,0.0837974898625474,221.0,20.0,,,,,
2026-09-23T17:23:16.272577+00:00,open,,HMSTRUSDT,ICT/SMC v2,short,,,0.00017395,,0.0001775702692312,0.0001685195961531,0.0001630891923062,114975.5,20.0,,,,,
2026-09-23T17:23:26.036758+00:00,open,,IMXUSDT,ICT/SMC v2,short,,,0.1467999999999999,,0.1503425278782112,0.141486208182683,0.1361724163653661,136.2397,20.0,,,,,
2026-09-23T17:25:17.642206+00:00,open,,NEARUSDT,ICT/SMC v2,short,,,4.33215,,4.609394112201672,3.916283831697493,3.5004176633949857,4.6,20.0,,,,,
2026-09-23T17:27:54.354715+00:00,open,,STRKUSDT,ICT/SMC v2,short,,,0.0390999999999999,,0.0402825653287787,0.0373261520068319,0.0355523040136638,511.5,20.0,,,,,
2026-09-23T17:28:24.726757+00:00,open,,TAOUSDT,ICT/SMC v2,short,,,295.355,,304.57783514961125,281.52074727558323,267.68649455116645,0.0677,20.0,,,,,
2026-09-23T17:33:50.886291+00:00,open,,AIUSDT,ICT/SMC v2,short,,,0.01855,,0.0189757877636184,0.0179113183545723,0.0172726367091446,1078.1,20.0,,,,,
2026-09-23T17:40:27.604804+00:00,open,,OPUSDT,ICT/SMC v2,short,,,0.12535,,0.1295948874226473,0.118982668866029,0.112615337732058,159.55,20.0,,,,,
2026-09-23T17:40:34.896099+00:00,close,,PENDLEUSDT,ICT/SMC v2,short,,,2.4372,2.502956088827988,,,,4.1,,-0.2695999641947508,3127.727847190971,SL,,
2026-09-23T17:40:38.556027+00:00,open,,PENDLEUSDT,Supertrend+ADX,long,,,2.52265,,2.3736384258957863,2.7461673611563198,2.9696847223126386,11.8,30.0,,,,,
2026-09-23T17:58:49.326813+00:00,open,,SUNUSDT,ICT/SMC v2,short,,,0.0170850499999999,,0.0171830953355332,0.0169379819967,0.0167909139934001,1170.6,20.0,,,,,
2026-09-23T18:00:13.329486+00:00,close,,ZROUSDT,ICT/SMC v2,long,,,1.403,1.5113530429604178,,,,7.12,,0.7714736658781748,3128.4993208568485,TP1,,
2026-09-23T18:03:52.985106+00:00,open,,1INCHUSDT,ICT/SMC v2,short,,,0.098105,,0.0996909829398974,0.0957260255901537,0.0933470511803075,203.86,20.0,,,,,
2026-09-23T18:06:01.988628+00:00,open,,CELOUSDT,ICT/SMC v2,short,,,0.09115,,0.0929598050951654,0.0884352923572519,0.0857205847145038,219.41,20.0,,,,,
2026-09-23T18:06:20.308131+00:00,close,,CETUSUSDT,ICT/SMC v2,short,,,0.02574,0.0266261923965249,,,,388.5,,-0.3442857460499374,3128.1550351107985,SL,,
2026-09-23T18:10:51.159743+00:00,open,,MEMEUSDT,ICT/SMC v2,short,,,0.0005905,,0.0006034640833999,0.0005710538749001,0.0005516077498002,33869.6,20.0,,,,,
2026-09-23T18:14:35.361331+00:00,open,,SUSHIUSDT,ICT/SMC v2,short,,,0.24925,,0.2562208478629156,0.2387937282056265,0.228337456411253,80.24,20.0,,,,,
2026-09-23T18:14:48.981019+00:00,open,,THETAUSDT,ICT/SMC v2,short,,,0.2148,,0.2191420945450756,0.2082868581823866,0.2017737163647732,93.1,20.0,,,,,
2026-09-23T18:19:36.255268+00:00,open,,ARKUSDT,ICT/SMC v2,long,,,0.1627,,0.1587734089308365,0.1685898866037451,0.1744797732074902,122.9,20.0,,,,,
2026-09-23T18:35:13.907380+00:00,close,,BICOUSDT,ICT/SMC v2,short,,,0.0215,0.0205311190450589,,,,465.11627,,0.4506422958362152,3128.6056774066346,TP1,,
2026-09-23T18:42:10.598827+00:00,close,,SANDUSDT,ICT/SMC v2,short,,,0.0421249999999999,0.0404708171946435,,,,237.3,,0.3925375797110927,3128.998214986346,TP1,,
2026-09-23T18:55:40.210747+00:00,close,,RAYUSDT,ICT/SMC v2,long,,,1.89205,2.1016307705014765,,,,5.3,,1.1107780836578254,3130.1089930700036,TP2,,
2026-09-23T19:04:06.708960+00:00,open,,APEUSDT,ICT/SMC v2,short,,,0.14775,,0.1514238614259632,0.142239207861055,0.1367284157221101,135.36,20.0,,,,,
2026-09-23T19:04:12.031129+00:00,open,,APTUSDT,ICT/SMC v2,short,,,0.7605999999999999,,0.7818826906631764,0.7286759640052354,0.6967519280104709,26.295,20.0,,,,,
2026-09-23T19:05:38.294894+00:00,open,,BTCUSDT,ICT/SMC v2,short,,,84330.08499999999,,84942.66089420495,83411.22115869256,82492.35731738512,0.000237,20.0,,,,,
2026-09-23T19:06:13.552381+00:00,open,,CTSIUSDT,ICT/SMC v2,short,,,0.0276,,0.0280605674628229,0.0269091488057655,0.026218297611531,724.6376,20.0,,,,,
2026-09-23T19:06:15.811004+00:00,close,,CYBERUSDT,ICT/SMC v2,short,,,0.357,0.3354843180264983,,,,28.011,,0.6026757677597538,3130.711668837763,TP2,,
2026-09-23T19:07:35.299656+00:00,open,,FLOKIUSDT,ICT/SMC v2,short,,,2.709845e-05,,2.7682338786673703e-05,2.6222616819989448e-05,2.534678363997889e-05,738049.5,20.0,,,,,
2026-09-23T19:08:54.153970+00:00,close,,IOTAUSDT,Supertrend+ADX,long,,,0.0485,0.0463016283952772,,,,309.27,,-0.6798903861925916,3130.0317784515705,SL,,
2026-09-23T19:08:54.502350+00:00,close,,IOTAUSDT,Supertrend+ADX,long,,,0.0485,0.0463016283952772,,,,309.28,,-0.6799123699086388,3129.351866081662,SL,,
2026-09-23T19:09:16.491212+00:00,close,,KNCUSDT,ICT/SMC v2,short,,,0.14505,0.1414629654712423,,,,68.9417,,0.2472962583712561,3129.5991623400328,TP1,,
2026-09-23T19:10:45.225950+00:00,close,,NEWTUSDT,ICT/SMC v2,short,,,0.0509649999999999,0.0492974128955649,,,,196.213,,0.3272022685225129,3129.926364608555,TP2,,
2026-09-23T19:11:20.798692+00:00,open,,PEOPLEUSDT,ICT/SMC v2,short,,,0.008545,,0.0087453478969737,0.0082444781545393,0.0079439563090787,2340.55,20.0,,,,,
2026-09-23T19:11:35.086458+00:00,open,,POLUSDT,ICT/SMC v2,short,,,0.10075,,0.1026839729213344,0.0978490406179983,0.0949480812359966,198.5111,20.0,,,,,
2026-09-23T19:13:36.164498+00:00,open,,SUIUSDT,ICT/SMC v2,short,,,0.96525,,0.988637331904716,0.930169002142926,0.8950880042858517,20.72,20.0,,,,,
2026-09-23T19:14:29.610573+00:00,open,,WUSDT,ICT/SMC v2,short,,,0.01125,,0.0114815519967134,0.0109026720049297,0.0105553440098595,1777.7,20.0,,,,,
2026-09-23T19:14:53.320199+00:00,open,,ZECUSDT,ICT/SMC v2,short,,,1524.175,,1566.4936397274762,1460.6970404087854,1397.2190808175706,0.01312,20.0,,,,,
2026-09-23T19:20:51.055667+00:00,close,,CELRUSDT,ICT/SMC v2,short,,,0.002955,0.0030665929480481,,,,3384.0,,-0.3776305361948213,3129.5487340723603,SL,,
2026-09-23T19:20:51.466209+00:00,close,,CELRUSDT,ICT/SMC v2,short,,,0.002955,0.0030665929480481,,,,3384.1,,-0.3776416954896261,3129.1710923768705,SL,,
2026-09-23T19:23:01.776317+00:00,close,,HMSTRUSDT,ICT/SMC v2,short,,,0.00017395,0.0001685195961531,,,,57487.7,,0.312181427226776,3129.4832738040973,TP1,,
2026-09-23T19:24:13.229196+00:00,close,,MAGICUSDT,ICT/SMC v2,short,,,0.0495,0.0480157751640132,,,,202.0202,,0.2998433982110022,3129.7831172023084,TP1,,
2026-09-23T19:25:53.853940+00:00,open,,PORTALUSDT,ICT/SMC v2,short,,,0.0177249999999999,,0.0180256442852004,0.0172740335721993,0.0168230671443987,1128.3,20.0,,,,,
2026-09-23T19:34:18.018563+00:00,close,,ARKUSDT,ICT/SMC v2,long,,,0.1627,0.1587734089308365,,,,61.4,,-0.2410926916466347,3129.5420245106616,SL,,
2026-09-23T19:34:18.558872+00:00,close,,ARKUSDT,ICT/SMC v2,long,,,0.1627,0.1587734089308365,,,,61.5,,-0.241485350753551,3129.300539159908,SL,,
2026-09-23T19:41:21.781134+00:00,open,,RVNUSDT,ICT/SMC v2,short,,,0.002595,,0.0026439836294421,0.0025215245558368,0.0024480491116736,7707.1,20.0,,,,,
2026-09-23T20:16:16.857764+00:00,close,,CELRUSDT,Supertrend+ADX,short,,,0.00293,0.0031333101398947,,,,5119.4,,-1.0408259301772176,3128.259713229731,SL,,
2026-09-23T20:16:17.318576+00:00,close,,CELRUSDT,Supertrend+ADX,short,,,0.00293,0.0031333101398947,,,,5119.5,,-1.0408462611912073,3127.2188669685397,SL,,
2026-09-23T20:16:20.398670+00:00,open,,CELRUSDT,Supertrend+ADX,long,,,0.0031349999999999,,0.0029398777959329,0.0034276833061005,0.0037203666122011,9569.3,30.0,,,,,
2026-09-23T20:22:27.735479+00:00,close,,RAREUSDT,ICT/SMC v2,short,,,0.012995,0.0126255856683904,,,,769.5,,0.2842643281735666,3127.5031312967135,TP1,,
2026-09-23T20:23:01.770388+00:00,close,,RVNUSDT,ICT/SMC v2,short,,,0.002595,0.0026439836294421,,,,3853.5,,-0.1887584160551852,3127.3143728806585,SL,,
2026-09-23T20:23:02.212677+00:00,close,,RVNUSDT,ICT/SMC v2,short,,,0.002595,0.0026439836294421,,,,3853.6,,-0.1887633144181294,3127.1256095662397,SL,,
2026-09-23T20:52:05.221134+00:00,close,,AIUSDT,ICT/SMC v2,short,,,0.01855,0.0189757877636184,,,,539.0,,-0.2294996045903502,3126.8961099616495,SL,,
2026-09-23T20:53:21.450229+00:00,open,,BEAMXUSDT,Supertrend+ADX,long,,,0.0019225,,0.0018543115912492,0.0020247826131261,0.0021270652262523,15604.6,30.0,,,,,
2026-09-23T20:53:38.258449+00:00,close,,BIGTIMEUSDT,ICT/SMC v2,short,,,0.00826,0.0080048531900528,,,,1210.65,,0.3088934854625766,3127.2050034471126,TP1,,
2026-09-23T21:03:49.459588+00:00,open,,AIUSDT,Supertrend+ADX,long,,,0.01965,,0.0183204914218604,0.0216442628672092,0.0236385257344185,1526.7,30.0,,,,,
2026-09-23T21:07:37.107666+00:00,close,,GMXUSDT,ICT/SMC v2,short,,,8.020050000000001,7.794006047741735,,,,1.2468,,0.2818315996756058,3127.486835046788,TP1,,
2026-09-23T21:25:20.687791+00:00,close,,PORTALUSDT,ICT/SMC v2,short,,,0.0177249999999999,0.0180256442852004,,,,564.1,,-0.1695934412815578,3127.3172416055068,SL,,
2026-09-23T21:34:54.321066+00:00,close,,BICOUSDT,ICT/SMC v2,short,,,0.0215,0.0215,,,,465.11627,,-0.0,3127.3172416055068,SL,,
2026-09-23T21:38:58.471482+00:00,open,,OGNUSDT,ICT/SMC v2,short,,,0.019045,,0.0192340533215808,0.0187614200176286,0.0184778400352573,1050.144,20.0,,,,,
2026-09-23T21:48:42.592996+00:00,open,,ADAUSDT,ICT/SMC v2,short,,,0.23843,,0.2421419027615679,0.2328621458576481,0.2272942917152962,83.8,20.0,,,,,
2026-09-23T21:51:45.663880+00:00,open,,FILUSDT,ICT/SMC v2,short,,,0.9243,,0.9412354349627924,0.8988968475558116,0.8734936951116231,21.63,20.0,,,,,
2026-09-23T21:52:37.070529+00:00,open,,IOUSDT,ICT/SMC v2,short,,,0.1476,,0.1499703564133643,0.1440444653799535,0.1404889307599071,135.5,20.0,,,,,
2026-09-23T21:57:22.924126+00:00,open,,ZKUSDT,ICT/SMC v2,short,,,0.011205,,0.0114091375295226,0.0108987937057159,0.0105925874114319,1784.9,20.0,,,,,
2026-09-23T22:07:09.067409+00:00,open,,ICPUSDT,ICT/SMC v2,short,,,2.922,,2.9772833506186966,2.839074974071955,2.75614994814391,6.84,20.0,,,,,
2026-09-23T22:09:38.582259+00:00,open,,RAYUSDT,ICT/SMC v2,long,,,2.0337500000000004,,1.9544316826085,2.1527274760872506,2.271704952174501,9.8,20.0,,,,,
2026-09-23T22:10:52.450453+00:00,open,,SSVUSDT,ICT/SMC v2,short,,,3.0535,,3.099054331902941,2.9851685021455894,2.916837004291178,6.5498,20.0,,,,,
2026-09-23T22:18:41.753337+00:00,open,,AAVEUSDT,ICT/SMC v2,short,,,139.164,,141.2378828093189,136.05317578602163,132.94235157204326,0.143,20.0,,,,,
2026-09-23T22:18:51.159386+00:00,open,,AEROUSDT,ICT/SMC v2,short,,,0.67065,,0.6818980701454737,0.6537778947817894,0.6369057895635788,29.82,20.0,,,,,
2026-09-23T22:20:59.160887+00:00,close,,CTSIUSDT,ICT/SMC v2,short,,,0.0276,0.0280605674628229,,,,362.3188,,-0.1668722504490666,3127.1503693550576,SL,,
2026-09-23T22:21:08.771342+00:00,open,,DIAUSDT,ICT/SMC v2,short,,,0.1442,,0.1460611153880508,0.1414083269179237,0.1386166538358475,138.6,20.0,,,,,
2026-09-23T22:23:11.904704+00:00,open,,LAYERUSDT,ICT/SMC v2,short,,,0.07475,,0.0754782706637719,0.0736575940043421,0.0725651880086842,267.5585,20.0,,,,,
2026-09-23T22:23:29.761301+00:00,open,,LUNAUSDT,ICT/SMC v2,short,,,0.05125,,0.0520829345958332,0.0500005981062502,0.0487511962125004,390.24,20.0,,,,,
2026-09-23T22:24:14.168642+00:00,open,,NEOUSDT,ICT/SMC v2,short,,,2.45455,,2.488731369504521,2.4032779457432185,2.352005891486437,8.148,20.0,,,,,
2026-09-23T22:24:20.366676+00:00,open,,NMRUSDT,ICT/SMC v2,short,,,9.2735,,9.379176937400914,9.114984593898631,8.95646918779726,2.1566,20.0,,,,,
2026-09-23T22:25:43.344685+00:00,open,,RVNUSDT,ICT/SMC v2,short,,,0.00251,,0.0025481783740683,0.0024527324388975,0.002395464877795,7968.1,20.0,,,,,
2026-09-23T22:27:18.766113+00:00,close,,WIFUSDT,ICT/SMC v2,short,,,0.22775,0.236262870128394,,,,43.9,,-0.3737149986364976,3126.7766543564207,SL,,
2026-09-23T22:27:19.372885+00:00,close,,WIFUSDT,ICT/SMC v2,short,,,0.22775,0.236262870128394,,,,43.91,,-0.3738001273377815,3126.402854229084,SL,,
2026-09-23T22:27:24.388187+00:00,open,,WLDUSDT,ICT/SMC v2,short,,,0.40705,,0.4143207035094221,0.3961439447358669,0.3852378894717337,49.1,20.0,,,,,
2026-09-23T22:27:27.455316+00:00,open,,WOOUSDT,ICT/SMC v2,short,,,0.01226,,0.0123944682664677,0.0120582976002983,0.0118565952005966,1631.321,20.0,,,,,
2026-09-23T22:33:46.076332+00:00,open,,AGLDUSDT,ICT/SMC v2,short,,,0.2067,,0.208960830255349,0.2033087546169764,0.1999175092339529,96.7585,20.0,,,,,
2026-09-23T22:34:18.584988+00:00,open,,ARPAUSDT,ICT/SMC v2,short,,,0.010882,,0.01102989712532,0.0106601543120198,0.0104383086240397,1837.89,20.0,,,,,
2026-09-23T22:35:59.549888+00:00,close,,EGLDUSDT,ICT/SMC v2,long,,,4.315,4.141618192419337,,,,2.317,,-0.4017256481643957,3126.001128580919,SL,,
2026-09-23T22:41:08.925613+00:00,close,,STXUSDT,ICT/SMC v2,short,,,0.32165,0.3063543889160482,,,,31.1,,0.4756935047109003,3126.47682208563,TP2,,
2026-09-23T22:42:02.661308+00:00,open,,UNIUSDT,ICT/SMC v2,short,,,9.19645,,9.392423130639155,8.902490304041264,8.608530608082527,2.17,20.0,,,,,
2026-09-23T22:52:43.562981+00:00,open,,INJUSDT,ICT/SMC v2,long,,,7.830500000000001,,7.629747135945025,8.131629296082464,8.432758592164927,2.5541,20.0,,,,,
2026-09-23T23:19:27.994974+00:00,open,,AXLUSDT,ICT/SMC v2,short,,,0.05035,,0.0510028651453758,0.0493707022819362,0.0483914045638724,397.21,20.0,,,,,
2026-09-23T23:20:46.329094+00:00,open,,DOGEUSDT,ICT/SMC v2,long,,,0.09271505,,0.0915360403905522,0.0944835644141716,0.0962520788283433,215.7,20.0,,,,,
2026-09-23T23:21:26.528870+00:00,open,,ETHFIUSDT,ICT/SMC v2,short,,,0.64785,,0.6590351575582034,0.631072263662695,0.6142945273253898,30.8,20.0,,,,,
2026-09-23T23:25:24.020126+00:00,open,,SUSDT,ICT/SMC v2,short,,,0.04005,,0.040786133410309,0.0389457998845364,0.0378415997690729,499.3,20.0,,,,,
2026-09-23T23:34:12.469946+00:00,close,,ARBUSDT,ICT/SMC v2,short,,,0.2421499999999999,0.2162875552657837,,,,41.2967,,1.0680336214555062,3127.5448557070854,TP2,,
2026-09-23T23:35:34.296995+00:00,open,,CETUSUSDT,ICT/SMC v2,short,,,0.02633,,0.0271610439345237,0.0250834340982144,0.0238368681964288,759.589,20.0,,,,,
2026-09-23T23:51:51.859593+00:00,open,,FLOWUSDT,ICT/SMC v2,long,,,0.03145,,0.0309459720106876,0.0322060419839684,0.0329620839679369,635.93,20.0,,,,,
2026-09-23T23:56:53.864035+00:00,open,,STXUSDT,ICT/SMC v2,short,,,0.3081,,0.3129321934724087,0.3008517097913869,0.2936034195827739,64.9,20.0,,,,,
2026-09-24T00:05:47.031684+00:00,open,,CYBERUSDT,ICT/SMC v2,short,,,0.335,,0.3396982202490592,0.3279526696264111,0.3209053392528221,59.701,20.0,,,,,
2026-09-24T00:08:44.223386+00:00,close,,MINAUSDT,ICT/SMC v2,short,,,0.147315,0.147315,,,,67.8,,-0.0,3127.5448557070854,SL,,
2026-09-24T00:11:25.710904+00:00,close,,SYNUSDT,ICT/SMC v2,short,,,0.20895,0.2193121301462041,,,,47.8,,-0.4953098209885573,3127.049545886097,SL,,
2026-09-24T00:11:26.155633+00:00,close,,SYNUSDT,ICT/SMC v2,short,,,0.20895,0.2193121301462041,,,,47.9,,-0.4963460340031778,3126.5531998520937,SL,,
2026-09-24T00:19:57.311565+00:00,open,,BERAUSDT,ICT/SMC v2,short,,,0.2198,,0.2231375839755746,0.2147936240366379,0.2097872480732759,90.9918,20.0,,,,,
2026-09-24T00:20:41.680519+00:00,open,,CHRUSDT,Supertrend+ADX,long,,,0.021088,,0.0201541588359941,0.0224887617460088,0.0238895234920176,1422.61,30.0,,,,,
2026-09-24T00:21:21.485459+00:00,open,,EGLDUSDT,ICT/SMC v2,short,,,4.17,,4.258298534075429,4.037552198886857,3.9051043977737137,4.796,20.0,,,,,
2026-09-24T00:23:18.593696+00:00,close,,LTCUSDT,ICT/SMC v2,short,,,60.48,62.066112475854005,,,,0.16534,,-0.2622478367577006,3126.290952015336,SL,,
2026-09-24T00:27:31.444347+00:00,open,,YGGUSDT,ICT/SMC v2,short,,,0.026,,0.0263323806423795,0.0255014290364307,0.0250028580728614,769.2307,20.0,,,,,
2026-09-24T00:35:23.945782+00:00,open,,CAKEUSDT,Supertrend+ADX,long,,,2.5905,,2.5416894083138737,2.663715887529189,2.736931775058379,11.58,30.0,,,,,
2026-09-24T00:36:38.169540+00:00,open,,ERAUSDT,ICT/SMC v2,short,,,0.067,,0.0679350823151253,0.0655973765273119,0.0641947530546239,298.5074,20.0,,,,,
2026-09-24T00:38:02.590148+00:00,close,,KERNELUSDT,ICT/SMC v2,short,,,0.05575,0.0572020767643567,,,,179.3721,,-0.2604620585838775,3126.0304899567523,SL,,
2026-09-24T00:38:03.195508+00:00,close,,KERNELUSDT,ICT/SMC v2,short,,,0.05575,0.0572020767643567,,,,179.3722,,-0.260462203791554,3125.7700277529607,SL,,
2026-09-24T00:38:05.788147+00:00,open,,KERNELUSDT,Supertrend+ADX,long,,,0.0586,,0.0543810635434001,0.0649284046848998,0.0712568093697996,511.9453,30.0,,,,,
2026-09-24T00:38:24.638827+00:00,close,,LPTUSDT,ICT/SMC v2,short,,,1.6995,1.621226689108766,,,,5.884,,0.4605601612840203,3126.2305879142446,TP1,,
2026-09-24T00:49:02.114457+00:00,open,,API3USDT,ICT/SMC v2,short,,,0.26,,0.2645482109239812,0.2531776836140282,0.2463553672280565,76.923,20.0,,,,,
2026-09-24T00:49:16.706860+00:00,close,,ARPAUSDT,ICT/SMC v2,short,,,0.010882,0.01102989712532,,,,918.94,,-0.1359085843416518,3126.0946793299026,SL,,
2026-09-24T00:49:17.189252+00:00,close,,ARPAUSDT,ICT/SMC v2,short,,,0.010882,0.01102989712532,,,,918.95,,-0.135910063312905,3125.95876926659,SL,,
2026-09-24T00:49:22.698125+00:00,close,,ATOMUSDT,ICT/SMC v2,short,,,1.7482000000000002,1.6855548900437658,,,,5.72,,0.3583300289496607,3126.3170992955397,TP1,,
2026-09-24T00:50:14.833833+00:00,close,,CAKEUSDT,ICT/SMC v2,short,,,2.5540000000000003,2.597029158236262,,,,3.915,,-0.1684591544949643,3126.148640141045,SL,,
2026-09-24T00:50:59.644403+00:00,open,,DUSKUSDT,ICT/SMC v2,short,,,0.086215,,0.0875941893940211,0.0841462159089682,0.0820774318179364,231.9,20.0,,,,,
2026-09-24T00:51:03.988790+00:00,open,,DYDXUSDT,ICT/SMC v2,short,,,0.1264,,0.1282022146182624,0.1236966780726063,0.1209933561452126,158.22,20.0,,,,,
2026-09-24T00:52:49.187292+00:00,open,,KSMUSDT,ICT/SMC v2,short,,,4.345000000000001,,4.4007329397426895,4.261400590385967,4.177801180771932,4.602991,20.0,,,,,
2026-09-24T00:52:54.355116+00:00,open,,LDOUSDT,ICT/SMC v2,short,,,0.38515,,0.3902933136841879,0.3774350294737181,0.3697200589474362,51.9278,20.0,,,,,
2026-09-24T01:04:14.960486+00:00,open,,ARKUSDT,ICT/SMC v2,short,,,0.1571,,0.1602187512183173,0.152421873172524,0.147743746345048,127.3,20.0,,,,,
2026-09-24T01:04:59.693550+00:00,open,,BICOUSDT,ICT/SMC v2,long,,,0.0215,,0.0211575952519199,0.02201360712212,0.02252721424424,930.23255,20.0,,,,,
2026-09-24T01:07:41.367379+00:00,open,,JOEUSDT,ICT/SMC v2,long,,,0.0345,,0.0340656511754438,0.0351515232368342,0.0358030464736685,579.71014,20.0,,,,,
2026-09-24T01:08:18.271611+00:00,open,,LTCUSDT,ICT/SMC v2,long,,,62.4055,,61.45137003169045,63.83669495246433,65.26788990492865,0.32048,20.0,,,,,
2026-09-24T01:09:00.445893+00:00,open,,MTLUSDT,Supertrend+ADX,long,,,0.31605,,0.308331156334761,0.3276282654978584,0.3392065309957167,94.9216,30.0,,,,,
2026-09-24T01:09:15.100964+00:00,open,,NOTUSDT,ICT/SMC v2,long,,,0.00046545,,0.0004598435412083,0.0004738596881874,0.0004822693763749,42969.1,20.0,,,,,
2026-09-24T01:19:01.229470+00:00,close,,AMPUSDT,Supertrend+ADX,short,,,0.000487,0.0005082864421155,,,,30800.8,,-0.6556394463141328,3125.4930006947307,SL,,
2026-09-24T01:24:25.776596+00:00,open,,NEWTUSDT,Supertrend+ADX,long,,,0.0498399999999999,,0.048821101029439,0.0513683484558414,0.0528966969116828,601.926,30.0,,,,,
2026-09-24T01:27:16.884414+00:00,close,,TRXUSDT,Supertrend+ADX,short,,,0.3432495,0.3432495,,,,43.6,,-0.0,3125.4930006947307,SL,,
2026-09-24T01:27:24.474321+00:00,open,,UMAUSDT,ICT/SMC v2,short,,,0.388,,0.3920121120652423,0.3819818319021365,0.375963663804273,51.5463,20.0,,,,,
2026-09-24T01:27:31.313814+00:00,open,,VETUSDT,ICT/SMC v2,short,,,0.00875145,,0.0088801881875641,0.0085583427186538,0.0083652354373076,2285.3,20.0,,,,,
2026-09-24T01:36:16.895506+00:00,open,,DYMUSDT,ICT/SMC v2,long,,,0.01795,,0.0176454083841316,0.0184068874238025,0.018863774847605,1114.2,20.0,,,,,
2026-09-24T01:49:11.508876+00:00,open,,ARBUSDT,ICT/SMC v2,short,,,0.21705,,0.2209836880178411,0.2111494679732382,0.2052489359464764,92.1446,20.0,,,,,
2026-09-24T01:49:19.021292+00:00,open,,ARPAUSDT,ICT/SMC v2,long,,,0.010948,,0.0108263866956024,0.0111304199565963,0.0113128399131926,1826.81,20.0,,,,,
2026-09-24T01:49:34.431602+00:00,open,,AXSUSDT,ICT/SMC v2,short,,,1.027,,1.039519580049684,1.008220629925474,0.9894412598509484,19.47,20.0,,,,,
2026-09-24T01:50:38.696176+00:00,close,,CHZUSDT,ICT/SMC v2,short,,,0.016125,0.0154997204556355,,,,620.1,,0.3877358454603871,3125.8807365401913,TP1,,
2026-09-24T01:55:55.922408+00:00,close,,SAGAUSDT,ICT/SMC v2,long,,,0.0466,0.0466,,,,214.6,,0.0,3125.8807365401913,SL,,
2026-09-24T01:57:20.057000+00:00,close,,UNIUSDT,ICT/SMC v2,short,,,9.19645,9.392423130639155,,,,1.08,,-0.2116509810902912,3125.669085559101,SL,,
2026-09-24T02:04:33.469537+00:00,close,,BANANAUSDT,ICT/SMC v2,short,,,4.02,3.9100075293859846,,,,2.4875,,0.2736062706523622,3125.942691829753,TP1,,
2026-09-24T02:06:18.756971+00:00,close,,ERAUSDT,ICT/SMC v2,short,,,0.067,0.0655973765273119,,,,149.2537,,0.2093467430055379,3126.1520385727586,TP1,,
2026-09-24T02:09:03.961427+00:00,close,,NOTUSDT,ICT/SMC v2,long,,,0.00046545,0.0004598435412083,,,,21484.5,,-0.1204519639094484,3126.031586608849,SL,,
2026-09-24T02:09:04.366411+00:00,close,,NOTUSDT,ICT/SMC v2,long,,,0.00046545,0.0004598435412083,,,,21484.6,,-0.1204525245553276,3125.9111340842937,SL,,
2026-09-24T02:09:47.233883+00:00,close,,PUMPUSDT,ICT/SMC v2,short,,,0.0042,0.0039326074233534,,,,2380.95,,0.6366483553667187,3126.5477824396608,TP2,,
2026-09-24T02:19:57.679253+00:00,open,,BEAMXUSDT,ICT/SMC v2,long,,,0.0019455,,0.0019169765884644,0.0019882851173032,0.0020310702346065,10280.1,20.0,,,,,
2026-09-24T02:21:49.520583+00:00,close,,FILUSDT,ICT/SMC v2,short,,,0.9243,0.9412354349627924,,,,10.81,,-0.1830720519477855,3126.3647103877124,SL,,
2026-09-24T02:24:10.031242+00:00,close,,MTLUSDT,ICT/SMC v2,short,,,0.31125,0.3170666852730054,,,,32.1285,,-0.1868813727937535,3126.1778290149186,SL,,
2026-09-24T02:24:17.392154+00:00,close,,NEOUSDT,ICT/SMC v2,short,,,2.45455,2.488731369504521,,,,4.074,,-0.1392548993614185,3126.0385741155574,SL,,
2026-09-24T02:24:44.819839+00:00,open,,ORDIUSDT,ICT/SMC v2,long,,,4.4645,,4.402514259499454,4.5574786107508185,4.650457221501637,4.479,20.0,,,,,
2026-09-24T02:25:29.559642+00:00,close,,RENDERUSDT,ICT/SMC v2,short,,,1.7105,1.7554751271717473,,,,5.84,,-0.2626547426830031,3125.7759193728743,SL,,
2026-09-24T02:25:29.999164+00:00,close,,RENDERUSDT,ICT/SMC v2,short,,,1.7105,1.7554751271717473,,,,5.85,,-0.2631044939547206,3125.51281487892,SL,,
2026-09-24T02:27:37.300826+00:00,close,,ZKUSDT,ICT/SMC v2,short,,,0.011205,0.0114091375295226,,,,892.4,,-0.1821723313460436,3125.3306425475735,SL,,
2026-09-24T02:27:37.949038+00:00,close,,ZKUSDT,ICT/SMC v2,short,,,0.011205,0.0114091375295226,,,,892.5,,-0.1821927450989958,3125.1484498024743,SL,,
2026-09-24T02:27:46.587260+00:00,open,,ZRXUSDT,ICT/SMC v2,long,,,0.1177,,0.116424730023948,0.1196129049640779,0.1215258099281559,169.923,20.0,,,,,
2026-09-24T02:35:54.735046+00:00,open,,BONKUSDT,ICT/SMC v2,short,,,3.519e-06,,3.6022342112470902e-06,3.394148683129365e-06,3.26929736625873e-06,5683432.7,20.0,,,,,
2026-09-24T02:38:16.892987+00:00,open,,INITUSDT,Supertrend+ADX,long,,,0.08925,,0.0874806992577423,0.0919039511133864,0.0945579022267728,336.1344,30.0,,,,,
2026-09-24T02:38:44.199569+00:00,close,,KSMUSDT,ICT/SMC v2,short,,,4.345000000000001,4.4007329397426895,,,,2.301495,,-0.1282690821530997,3125.020180720321,SL,,
2026-09-24T02:38:44.527259+00:00,close,,KSMUSDT,ICT/SMC v2,short,,,4.345000000000001,4.4007329397426895,,,,2.301496,,-0.1282691378860395,3124.891911582435,SL,,
2026-09-24T02:38:50.896108+00:00,close,,LDOUSDT,ICT/SMC v2,short,,,0.38515,0.3902933136841879,,,,25.9639,,-0.1335404821648865,3124.7583711002703,SL,,
2026-09-24T02:39:07.791664+00:00,open,,LTCUSDT,Supertrend+ADX,long,,,63.8525,,61.55493389060142,67.29884916409786,70.74519832819573,0.46983,30.0,,,,,
2026-09-24T02:39:25.003225+00:00,open,,MASKUSDT,ICT/SMC v2,short,,,0.456,,0.4604987164864279,0.4492519252703582,0.4425038505407164,43.85964,20.0,,,,,
2026-09-24T02:40:29.748266+00:00,close,,PEOPLEUSDT,ICT/SMC v2,short,,,0.008545,0.0087453478969737,,,,1170.275,,-0.2344621351309538,3124.5239089651395,SL,,
2026-09-24T02:42:53.023040+00:00,close,,UMAUSDT,ICT/SMC v2,short,,,0.388,0.3920121120652423,,,,25.7731,,-0.1034045654686969,3124.4205043996717,SL,,
2026-09-24T02:42:53.345192+00:00,close,,UMAUSDT,ICT/SMC v2,short,,,0.388,0.3920121120652423,,,,25.7732,,-0.1034049666799034,3124.3170994329917,SL,,
2026-09-24T02:48:44.101453+00:00,close,,AGLDUSDT,ICT/SMC v2,short,,,0.2067,0.208960830255349,,,,48.3792,,-0.1093771590895808,3124.2077222739017,SL,,
2026-09-24T02:48:44.479748+00:00,close,,AGLDUSDT,ICT/SMC v2,short,,,0.2067,0.208960830255349,,,,48.3793,,-0.1093773851726064,3124.098344888729,SL,,
2026-09-24T02:49:13.120986+00:00,close,,ARBUSDT,ICT/SMC v2,short,,,0.21705,0.2209836880178411,,,,46.0723,,-0.1812340544643834,3123.917110834265,SL,,
2026-09-24T02:51:18.106844+00:00,close,,DYDXUSDT,ICT/SMC v2,short,,,0.1264,0.1282022146182624,,,,79.11,,-0.1425731984507414,3123.774537635814,SL,,
2026-09-24T02:51:47.020198+00:00,close,,ETHFIUSDT,ICT/SMC v2,short,,,0.64785,0.6590351575582034,,,,15.4,,-0.1722514263963319,3123.6022862094173,SL,,
2026-09-24T02:52:36.884860+00:00,close,,ICPUSDT,ICT/SMC v2,short,,,2.922,2.9772833506186966,,,,3.42,,-0.189069059115942,3123.413217150301,SL,,
2026-09-24T02:52:39.405334+00:00,open,,ICPUSDT,Supertrend+ADX,long,,,2.9775,,2.8467339952226327,3.173649007166051,3.369798014332102,10.07,30.0,,,,,
2026-09-24T02:52:45.876168+00:00,close,,IMXUSDT,ICT/SMC v2,short,,,0.1467999999999999,0.1503425278782112,,,,68.1198,,-0.2413162905581761,3123.171900859743,SL,,
2026-09-24T02:52:46.179750+00:00,close,,IMXUSDT,ICT/SMC v2,short,,,0.1467999999999999,0.1503425278782112,,,,68.1199,,-0.241316644810964,3122.930584214932,SL,,
2026-09-24T02:52:54.990077+00:00,open,,INJUSDT,Supertrend+ADX,long,,,8.006,,7.63206813165757,8.566897802513646,9.127795605027291,3.7471,30.0,,,,,
2026-09-24T02:53:38.142171+00:00,close,,LTCUSDT,ICT/SMC v2,long,,,62.4055,63.83669495246433,,,,0.16024,,0.2293346791828832,3123.159918894115,TP1,,
2026-09-24T02:53:38.924557+00:00,close,,LTCUSDT,ICT/SMC v2,long,,,62.4055,65.26788990492865,,,,0.16024,,0.4586693583657665,3123.61858825248,TP2,,
2026-09-24T02:56:09.581226+00:00,close,,SUSDT,ICT/SMC v2,short,,,0.04005,0.040786133410309,,,,249.6,,-0.1837388992131338,3123.4348493532675,SL,,
2026-09-24T02:56:09.913975+00:00,close,,SUSDT,ICT/SMC v2,short,,,0.04005,0.040786133410309,,,,249.7,,-0.1838125125541647,3123.2510368407134,SL,,
2026-09-24T02:57:39.985433+00:00,close,,VETUSDT,ICT/SMC v2,short,,,0.00875145,0.0088801881875641,,,,1142.6,,-0.1470962531107598,3123.103940587603,SL,,
2026-09-24T02:57:40.296170+00:00,close,,VETUSDT,ICT/SMC v2,short,,,0.00875145,0.0088801881875641,,,,1142.7,,-0.1471091269295162,3122.956831460673,SL,,
2026-09-24T03:04:00.217753+00:00,close,,API3USDT,ICT/SMC v2,short,,,0.26,0.2645482109239812,,,,38.4615,,-0.1749310144527016,3122.7819004462203,SL,,
2026-09-24T03:04:13.420541+00:00,close,,ARKUSDT,ICT/SMC v2,short,,,0.1571,0.1602187512183173,,,,63.6,,-0.198352577484981,3122.583547868736,SL,,
2026-09-24T03:04:34.234936+00:00,close,,AXSUSDT,ICT/SMC v2,short,,,1.027,1.039519580049684,,,,9.73,,-0.1218155138834254,3122.461732354852,SL,,
2026-09-24T03:04:49.497269+00:00,open,,BCHUSDT,ICT/SMC v2,long,,,342.61,,334.3995134382878,354.9257298425684,367.2414596851368,0.05837,20.0,,,,,
2026-09-24T03:05:54.184795+00:00,close,,DIAUSDT,ICT/SMC v2,short,,,0.1442,0.1460611153880508,,,,69.3,,-0.128975296391923,3122.33275705846,SL,,
2026-09-24T03:06:25.532515+00:00,close,,ERAUSDT,ICT/SMC v2,short,,,0.067,0.067,,,,149.2537,,-0.0,3122.3327570584597,SL,,
2026-09-24T03:08:56.250623+00:00,open,,MTLUSDT,ICT/SMC v2,long,,,0.3173,,0.3130061788449562,0.3237407317325657,0.3301814634651313,63.0318,20.0,,,,,
2026-09-24T03:09:07.919321+00:00,close,,NMRUSDT,ICT/SMC v2,short,,,9.2735,9.379176937400914,,,,1.0783,,-0.1139514415994047,3122.2188056168607,SL,,
2026-09-24T03:09:55.613734+00:00,open,,PUMPUSDT,ICT/SMC v2,short,,,0.0040035,,0.0040635157103056,0.0039134764345415,0.003823452869083,4995.62,20.0,,,,,
2026-09-24T03:22:41.102483+00:00,close,,INJUSDT,ICT/SMC v2,long,,,7.830500000000001,8.131629296082464,,,,1.277,,0.3845421110973052,3122.6033477279566,TP1,,
2026-09-24T03:24:23.597673+00:00,open,,NEWTUSDT,ICT/SMC v2,long,,,0.049575,,0.0489849238689147,0.0504601141966278,0.0513452283932556,403.429,20.0,,,,,
2026-09-24T03:37:26.622500+00:00,open,,ICPUSDT,ICT/SMC v2,long,,,2.95,,2.89533936226736,3.031990956598962,3.113981913197923,6.77,20.0,,,,,
2026-09-24T03:40:15.461054+00:00,close,,RAYUSDT,ICT/SMC v2,long,,,2.0337500000000004,1.9544316826085,,,,4.9,,-0.388659755218352,3122.2146879727393,SL,,
2026-09-24T03:42:26.092850+00:00,open,,VETUSDT,ICT/SMC v2,long,,,0.0088729,,0.0087351121736083,0.0090795817395874,0.0092862634791748,2254.0,20.0,,,,,
2026-09-24T03:42:35.102022+00:00,open,,WIFUSDT,ICT/SMC v2,long,,,0.2414,,0.2348355431595511,0.2512466852606732,0.2610933705213464,82.85,20.0,,,,,
2026-09-24T03:48:57.504961+00:00,open,,AMPUSDT,ICT/SMC v2,long,,,0.0004955,,0.0004842493719277,0.0005123759421083,0.0005292518842167,40363.2,20.0,,,,,
2026-09-24T03:52:57.916870+00:00,open,,LDOUSDT,ICT/SMC v2,long,,,0.3888,,0.3835159122285172,0.3967261316572242,0.4046522633144485,51.4403,20.0,,,,,
2026-09-24T03:55:42.113979+00:00,open,,SEIUSDT,ICT/SMC v2,long,,,0.05925,,0.0584006309068077,0.0605240536397883,0.0617981072795766,337.5,20.0,,,,,
2026-09-24T03:56:21.022139+00:00,open,,SYNUSDT,ICT/SMC v2,short,,,0.218,,0.2234740194191046,0.209788970871343,0.201577941742686,91.7,20.0,,,,,
2026-09-24T04:04:58.813498+00:00,close,,BEAMXUSDT,ICT/SMC v2,long,,,0.0019455,0.0019169765884644,,,,5140.0,,-0.1466103352924858,3122.068077637447,SL,,
2026-09-24T04:04:59.291503+00:00,close,,BEAMXUSDT,ICT/SMC v2,long,,,0.0019455,0.0019169765884644,,,,5140.1,,-0.1466131876336393,3121.9214644498134,SL,,
2026-09-24T04:05:20.884774+00:00,open,,BNBUSDT,ICT/SMC v2,long,,,766.14255,,761.1375016576343,773.6501225135487,781.1576950270972,0.026,20.0,,,,,
2026-09-24T04:08:38.375359+00:00,close,,LTCUSDT,Supertrend+ADX,long,,,63.8525,67.29884916409786,,,,0.23491,,0.8095818821382283,3122.731046331952,TP1,,
2026-09-24T04:09:57.227974+00:00,close,,PENDLEUSDT,Supertrend+ADX,long,,,2.52265,2.3736384258957863,,,,5.9,,-0.8791682872148584,3121.851878044737,SL,,
2026-09-24T04:18:56.258149+00:00,open,,ALTUSDT,ICT/SMC v2,long,,,0.007435,,0.0073558434710423,0.0075537347934365,0.007672469586873,2689.9,20.0,,,,,
2026-09-24T04:19:03.865031+00:00,open,,API3USDT,ICT/SMC v2,long,,,0.26555,,0.2618549588503191,0.2710925617245213,0.2766351234490427,75.3153,20.0,,,,,
2026-09-24T04:21:14.988928+00:00,close,,DYMUSDT,ICT/SMC v2,long,,,0.01795,0.0184068874238025,,,,557.1,,0.2545319838003996,3122.1064100285375,TP1,,
2026-09-24T04:21:37.105451+00:00,open,,ETCUSDT,ICT/SMC v2,long,,,9.2236,,9.034031494166332,9.507952758750502,9.792305517501,2.16,20.0,,,,,
2026-09-24T04:21:43.707213+00:00,open,,ETHFIUSDT,ICT/SMC v2,long,,,0.6569,,0.6476475569437878,0.6707786645843183,0.6846573291686366,30.4,20.0,,,,,
2026-09-24T04:24:05.881901+00:00,open,,MINAUSDT,ICT/SMC v2,long,,,0.143455,,0.1399137372574574,0.1487668941138139,0.1540787882276278,139.4,20.0,,,,,
2026-09-24T04:24:20.796527+00:00,open,,NEOUSDT,ICT/SMC v2,long,,,2.53265,,2.49839118424644,2.58403822363034,2.63542644726068,7.896,20.0,,,,,
2026-09-24T04:24:29.146554+00:00,open,,NMRUSDT,ICT/SMC v2,long,,,9.4225,,9.334466653138405,9.554550020292394,9.686600040584787,2.1225,20.0,,,,,
2026-09-24T04:24:32.665269+00:00,open,,NOTUSDT,ICT/SMC v2,long,,,0.00046715,,0.000461779577721,0.0004752056334183,0.0004832612668367,42812.8,20.0,,,,,
2026-09-24T04:25:51.526576+00:00,open,,RUNEUSDT,ICT/SMC v2,long,,,0.61815,,0.6118932628423281,0.6275351057365078,0.6369202114730156,32.3,20.0,,,,,
2026-09-24T04:26:48.551747+00:00,open,,SYNUSDT,Supertrend+ADX,short,,,0.21155,,0.2261675639676945,0.1896236540484582,0.1676973080969165,141.8,30.0,,,,,
2026-09-24T04:27:18.013812+00:00,open,,UMAUSDT,ICT/SMC v2,long,,,0.3935,,0.3901077597040994,0.3985883604438509,0.4036767208877017,50.8259,20.0,,,,,
2026-09-24T04:34:09.562775+00:00,open,,ARBUSDT,ICT/SMC v2,short,,,0.21845,,0.2225155135836937,0.2123517296244594,0.2062534592489187,91.5541,20.0,,,,,
2026-09-24T04:34:42.823439+00:00,open,,BBUSDT,Supertrend+ADX,long,,,0.0095,,0.0091417414968602,0.0100373877547096,0.0105747755094192,3157.8,30.0,,,,,
2026-09-24T04:38:39.478605+00:00,close,,LUNAUSDT,ICT/SMC v2,short,,,0.05125,0.0520829345958332,,,,195.12,,-0.1625221983389745,3121.9438878301985,SL,,
2026-09-24T04:41:28.423462+00:00,close,,SSVUSDT,ICT/SMC v2,short,,,3.0535,3.099054331902941,,,,3.2749,,-0.1491858815489407,3121.7947019486496,SL,,
2026-09-24T04:49:38.484036+00:00,close,,BANANAUSDT,ICT/SMC v2,short,,,4.02,4.02,,,,2.4876,,-0.0,3121.7947019486496,SL,,
2026-09-24T04:49:55.026175+00:00,open,,BEAMXUSDT,ICT/SMC v2,short,,,0.0019225,,0.0019463692818721,0.0018866960771918,0.0018508921543836,10403.1,20.0,,,,,
2026-09-24T04:50:48.548544+00:00,close,,CKBUSDT,ICT/SMC v2,short,,,0.0012895,0.0013184189490521,,,,7754.94,,-0.2242647147626094,3121.570437233887,SL,,
2026-09-24T04:52:08.910861+00:00,close,,GALAUSDT,ICT/SMC v2,short,,,0.00196,0.00196,,,,5102.0,,-0.0,3121.5704372338873,SL,,
2026-09-24T04:55:59.167668+00:00,close,,RUNEUSDT,ICT/SMC v2,long,,,0.61815,0.6275351057365078,,,,16.1,,0.1511002023577765,3121.7215374362445,TP1,,
2026-09-24T04:56:01.820848+00:00,close,,RVNUSDT,ICT/SMC v2,short,,,0.00251,0.0025481783740683,,,,3984.0,,-0.1521026422881695,3121.569434793956,SL,,
2026-09-24T04:56:02.124302+00:00,close,,RVNUSDT,ICT/SMC v2,short,,,0.00251,0.0025481783740683,,,,3984.1,,-0.1521064601255763,3121.4173283338305,SL,,
2026-09-24T04:57:45.140125+00:00,close,,WLDUSDT,ICT/SMC v2,short,,,0.40705,0.4143207035094221,,,,24.5,,-0.1781322359808415,3121.23919609785,SL,,
2026-09-24T04:57:45.530047+00:00,close,,WLDUSDT,ICT/SMC v2,short,,,0.40705,0.4143207035094221,,,,24.6,,-0.1788593063317838,3121.0603367915182,SL,,
2026-09-24T04:57:54.717057+00:00,open,,XRPUSDT,ICT/SMC v2,short,,,1.499285,,1.5146405228057296,1.4762517157914057,1.4532184315828107,13.3,20.0,,,,,
2026-09-24T05:03:33.647004+00:00,close,,ADAUSDT,ICT/SMC v2,short,,,0.23843,0.2421419027615679,,,,41.9,,-0.1555287257096954,3120.9048080658085,SL,,
2026-09-24T05:03:38.652621+00:00,close,,AEROUSDT,ICT/SMC v2,short,,,0.67065,0.6818980701454737,,,,14.91,,-0.1677087258690126,3120.7370993399395,SL,,
2026-09-24T05:04:18.740611+00:00,close,,ARPAUSDT,ICT/SMC v2,long,,,0.010948,0.0111304199565963,,,,913.4,,0.166622388355062,3120.9037217282944,TP1,,
2026-09-24T05:04:30.821522+00:00,close,,AXLUSDT,ICT/SMC v2,short,,,0.05035,0.0510028651453758,,,,198.6,,-0.1296590178716471,3120.7740627104226,SL,,
2026-09-24T05:04:56.516222+00:00,close,,BERAUSDT,ICT/SMC v2,short,,,0.2198,0.2231375839755746,,,,45.4959,,-0.1518463867943481,3120.622216323628,SL,,
2026-09-24T05:05:06.269785+00:00,close,,BICOUSDT,ICT/SMC v2,long,,,0.0215,0.02201360712212,,,,465.11627,,0.238887028885907,3120.8611033525144,TP1,,
2026-09-24T05:05:20.845906+00:00,close,,BONKUSDT,ICT/SMC v2,short,,,3.519e-06,3.6022342112470902e-06,,,,2841716.3,,-0.2365280148184992,3120.624575337696,SL,,
2026-09-24T05:05:21.154453+00:00,close,,BONKUSDT,ICT/SMC v2,short,,,3.519e-06,3.6022342112470902e-06,,,,2841716.4,,-0.2365280231419204,3120.388047314554,SL,,
2026-09-24T05:06:02.284195+00:00,close,,DOGEUSDT,ICT/SMC v2,long,,,0.09271505,0.0944835644141716,,,,107.8,,0.1906458538477088,3120.578693168402,TP1,,
2026-09-24T05:06:08.457182+00:00,close,,DOTUSDT,ICT/SMC v2,short,,,1.1119,1.1361523794108583,,,,8.99,,-0.2180288909036174,3120.3606642774985,SL,,
2026-09-24T05:06:22.389819+00:00,close,,EGLDUSDT,ICT/SMC v2,short,,,4.17,4.258298534075429,,,,2.398,,-0.2117398847128792,3120.1489243927854,SL,,
2026-09-24T05:06:31.764503+00:00,close,,ENSUSDT,ICT/SMC v2,short,,,6.699,6.863537148748091,,,,1.4927,,-0.2456046019362759,3119.903319790849,SL,,
2026-09-24T05:06:32.103303+00:00,close,,ENSUSDT,ICT/SMC v2,short,,,6.699,6.863537148748091,,,,1.4928,,-0.2456210556511507,3119.6576987351978,SL,,
2026-09-24T05:06:59.925749+00:00,close,,FLOWUSDT,ICT/SMC v2,long,,,0.03145,0.0322060419839684,,,,317.96,,0.2403911092226207,3119.8980898444206,TP1,,
2026-09-24T05:07:02.547900+00:00,open,,FLOWUSDT,Supertrend+ADX,long,,,0.03235,,0.031356639280208,0.0338400410796878,0.0353300821593757,927.35,30.0,,,,,
2026-09-24T05:07:14.219912+00:00,close,,GMTUSDT,ICT/SMC v2,short,,,0.00828,0.0084430269882768,,,,1207.7,,-0.1968876937419363,3119.701202150678,SL,,
2026-09-24T05:07:18.318398+00:00,close,,GMXUSDT,ICT/SMC v2,short,,,8.020050000000001,8.020050000000001,,,,1.2469,,-0.0,3119.701202150678,SL,,
2026-09-24T05:07:37.252940+00:00,close,,HMSTRUSDT,ICT/SMC v2,short,,,0.00017395,0.00017395,,,,57487.8,,-0.0,3119.701202150678,SL,,
2026-09-24T05:07:57.920270+00:00,close,,IOUSDT,ICT/SMC v2,short,,,0.1476,0.1499703564133643,,,,67.75,,-0.1605916470054316,3119.5406105036727,SL,,
2026-09-24T05:08:09.665646+00:00,close,,JOEUSDT,ICT/SMC v2,long,,,0.0345,0.0351515232368342,,,,289.85507,,0.1888473134192275,3119.7294578170918,TP1,,
2026-09-24T05:08:25.130681+00:00,close,,LAYERUSDT,ICT/SMC v2,short,,,0.07475,0.0754782706637719,,,,133.7792,,-0.0974274667828758,3119.632030350309,SL,,
2026-09-24T05:08:29.174759+00:00,close,,LDOUSDT,ICT/SMC v2,long,,,0.3888,0.3967261316572242,,,,25.7201,,0.2038608988369727,3119.835891249146,TP1,,
2026-09-24T05:09:00.639685+00:00,close,,MASKUSDT,ICT/SMC v2,short,,,0.456,0.4604987164864279,,,,21.92982,,-0.0986560427783953,3119.7372352063676,SL,,
2026-09-24T05:09:07.554927+00:00,close,,MEMEUSDT,ICT/SMC v2,short,,,0.0005905,0.0006034640833999,,,,16934.8,,-0.2195441595606782,3119.517691046807,SL,,
2026-09-24T05:09:35.895039+00:00,open,,NEARUSDT,Supertrend+ADX,long,,,4.5129,,4.2416652292904695,4.919752156064296,5.326604312128591,6.6,30.0,,,,,
2026-09-24T05:09:38.544003+00:00,close,,NEOUSDT,ICT/SMC v2,long,,,2.53265,2.58403822363034,,,,3.948,,0.2028807068925832,3119.7205717536995,TP1,,
2026-09-24T05:09:52.509696+00:00,close,,OGNUSDT,ICT/SMC v2,short,,,0.019045,0.0192340533215808,,,,525.072,,-0.0992666056691093,3119.6213051480304,SL,,
2026-09-24T05:09:58.985790+00:00,close,,ONDOUSDT,ICT/SMC v2,short,,,0.415145,0.4268566788592812,,,,24.08,,-0.2820172269314927,3119.3392879210987,SL,,
2026-09-24T05:09:59.303708+00:00,close,,ONDOUSDT,ICT/SMC v2,short,,,0.415145,0.4268566788592812,,,,24.09,,-0.2821343437200855,3119.057153577379,SL,,
2026-09-24T05:10:08.808239+00:00,close,,ORDIUSDT,ICT/SMC v2,long,,,4.4645,4.5574786107508185,,,,2.239,,0.2081791094710823,3119.26533268685,TP1,,
2026-09-24T05:10:15.805887+00:00,open,,PENDLEUSDT,ICT/SMC v2,short,,,2.4210000000000003,,2.4645551944639754,2.355667208304037,2.2903344166080744,8.2,20.0,,,,,
2026-09-24T05:10:18.788707+00:00,open,,PEOPLEUSDT,ICT/SMC v2,long,,,0.0091,,0.0089547546835919,0.009317867974612,0.009535735949224,2197.802,20.0,,,,,
2026-09-24T05:10:28.751020+00:00,close,,POLUSDT,ICT/SMC v2,short,,,0.10075,0.1026839729213344,,,,99.2555,,-0.1919574492935124,3119.073375237556,SL,,
2026-09-24T05:10:29.075367+00:00,close,,POLUSDT,ICT/SMC v2,short,,,0.10075,0.1026839729213344,,,,99.2556,,-0.1919576426908045,3118.8814175948655,SL,,
2026-09-24T05:11:29.215225+00:00,close,,SATSUSDT,ICT/SMC v2,short,,,1.125e-08,1.1535409668396068e-08,,,,888888888.8,,-0.2536974829933573,3118.627720111872,SL,,
2026-09-24T05:11:29.540831+00:00,close,,SATSUSDT,ICT/SMC v2,short,,,1.125e-08,1.1535409668396068e-08,,,,888888888.9,,-0.2536974830218983,3118.374022628851,SL,,
2026-09-24T05:11:36.088536+00:00,close,,SEIUSDT,ICT/SMC v2,long,,,0.05925,0.0605240536397883,,,,168.7,,0.2149328490322913,3118.588955477883,TP1,,
2026-09-24T05:12:02.003027+00:00,close,,STXUSDT,ICT/SMC v2,short,,,0.3081,0.3129321934724087,,,,32.4,,-0.1565630685060421,3118.432392409377,SL,,
2026-09-24T05:12:02.319727+00:00,close,,STXUSDT,ICT/SMC v2,short,,,0.3081,0.3129321934724087,,,,32.5,,-0.157046287853283,3118.275346121524,SL,,
2026-09-24T05:12:08.676828+00:00,close,,SUNUSDT,ICT/SMC v2,short,,,0.0170850499999999,0.0171830953355332,,,,585.3,,-0.0573859348876265,3118.2179601866364,SL,,
2026-09-24T05:12:28.854975+00:00,close,,THETAUSDT,ICT/SMC v2,short,,,0.2148,0.2191420945450756,,,,46.5,,-0.201907396346016,3118.016052790291,SL,,
2026-09-24T05:12:41.285339+00:00,close,,TRBUSDT,ICT/SMC v2,short,,,18.846,19.30928105061929,,,,0.5306,,-0.2458169254585954,3117.7702358648326,SL,,
2026-09-24T05:13:00.570962+00:00,close,,VETUSDT,ICT/SMC v2,long,,,0.0088729,0.0090795817395874,,,,1127.0,,0.2329303205150352,3118.0031661853473,TP1,,
2026-09-24T05:13:07.364352+00:00,close,,WUSDT,ICT/SMC v2,short,,,0.01125,0.0114815519967134,,,,888.8,,-0.2058034146789463,3117.797362770668,SL,,
2026-09-24T05:13:07.679199+00:00,close,,WUSDT,ICT/SMC v2,short,,,0.01125,0.0114815519967134,,,,888.9,,-0.2058265698786177,3117.591536200789,SL,,
2026-09-24T05:13:15.711385+00:00,close,,WOOUSDT,ICT/SMC v2,short,,,0.01226,0.0123944682664677,,,,815.66,,-0.1096803862271098,3117.481855814562,SL,,
2026-09-24T05:13:16.040375+00:00,close,,WOOUSDT,ICT/SMC v2,short,,,0.01226,0.0123944682664677,,,,815.661,,-0.1096805206953763,3117.3721752938673,SL,,
2026-09-24T05:13:21.722931+00:00,close,,XRPUSDT,ICT/SMC v2,short,,,1.499285,1.5146405228057296,,,,6.6,,-0.1013464505178153,3117.270828843349,SL,,
2026-09-24T05:13:22.074243+00:00,close,,XRPUSDT,ICT/SMC v2,short,,,1.499285,1.5146405228057296,,,,6.7,,-0.1028820027983883,3117.167946840551,SL,,
2026-09-24T05:13:25.815230+00:00,close,,YGGUSDT,ICT/SMC v2,short,,,0.026,0.0263323806423795,,,,384.6153,,-0.1278386804829949,3117.040108160068,SL,,
2026-09-24T05:13:33.983098+00:00,open,,ZKUSDT,ICT/SMC v2,long,,,0.01174,,0.0115528819497388,0.0120206770753917,0.0123013541507835,1703.5,20.0,,,,,
2026-09-24T05:19:07.544149+00:00,close,,1INCHUSDT,ICT/SMC v2,short,,,0.098105,0.0996909829398974,,,,101.93,,-0.1616592410637514,3116.8784489190048,SL,,
2026-09-24T05:19:55.841128+00:00,close,,ARPAUSDT,ICT/SMC v2,long,,,0.010948,0.0113128399131926,,,,913.41,,0.3332484251092576,3117.2116973441143,TP2,,
2026-09-24T05:19:59.625614+00:00,close,,ASTERUSDT,ICT/SMC v2,short,,,0.6916,0.7066901452862587,,,,14.4592,,-0.2181914287230723,3116.993505915391,SL,,
2026-09-24T05:20:50.889517+00:00,close,,BNBUSDT,ICT/SMC v2,long,,,766.14255,773.6501225135487,,,,0.013,,0.0975984426761326,3117.091104358067,TP1,,
2026-09-24T05:20:58.447838+00:00,open,,BONKUSDT,Supertrend+ADX,long,,,3.592e-06,,3.416562457014281e-06,3.855156314478578e-06,4.118312628957156e-06,8351893.0,30.0,,,,,
2026-09-24T05:21:34.029453+00:00,close,,CYBERUSDT,ICT/SMC v2,short,,,0.335,0.3396982202490592,,,,29.85,,-0.1402418744344185,3116.9508624836326,SL,,
2026-09-24T05:21:34.402579+00:00,close,,CYBERUSDT,ICT/SMC v2,short,,,0.335,0.3396982202490592,,,,29.851,,-0.1402465726546676,3116.810615910978,SL,,
2026-09-24T05:22:18.466999+00:00,close,,ETHFIUSDT,ICT/SMC v2,long,,,0.6569,0.6707786645843183,,,,15.2,,0.2109557016816381,3117.0215716126595,TP1,,
2026-09-24T05:22:31.178295+00:00,close,,FLOKIUSDT,ICT/SMC v2,short,,,2.709845e-05,2.7682338786673703e-05,,,,369024.7,,-0.2154693843356266,3116.8061022283237,SL,,
2026-09-24T05:22:31.562403+00:00,close,,FLOKIUSDT,ICT/SMC v2,short,,,2.709845e-05,2.7682338786673703e-05,,,,369024.8,,-0.2154694427245053,3116.590632785599,SL,,
2026-09-24T05:22:50.168134+00:00,close,,GRAMUSDT,ICT/SMC v2,short,,,1.4095,1.4298774862498556,,,,7.09471,,-0.1445723554717128,3116.4460604301275,SL,,
2026-09-24T05:22:55.995445+00:00,open,,GRTUSDT,Supertrend+ADX,long,,,0.02574,,0.0248034116146777,0.0271448825779834,0.0285497651559668,1165.5,30.0,,,,,
2026-09-24T05:26:00.188383+00:00,open,,RAYUSDT,Supertrend+ADX,long,,,2.10565,,1.970838359565274,2.3078674606520884,2.5100849213041765,14.2,30.0,,,,,
2026-09-24T05:27:34.371742+00:00,open,,TIAUSDT,Supertrend+ADX,long,,,0.47705,,0.4555752563302386,0.5092621155046421,0.5414742310092842,62.8864,30.0,,,,,
2026-09-24T05:33:51.977415+00:00,close,,ALTUSDT,ICT/SMC v2,long,,,0.007435,0.0075537347934365,,,,1344.9,,0.1596864236928144,3116.60574685382,TP1,,
2026-09-24T05:35:52.581980+00:00,close,,CRVUSDT,ICT/SMC v2,short,,,0.32815,0.3370822809041741,,,,30.4,,-0.2715413394868921,3116.3342055143335,SL,,
2026-09-24T05:35:53.044439+00:00,close,,CRVUSDT,ICT/SMC v2,short,,,0.32815,0.3370822809041741,,,,30.5,,-0.2724345675773095,3116.0617709467565,SL,,
2026-09-24T05:40:09.118807+00:00,open,,PORTALUSDT,ICT/SMC v2,long,,,0.0181899999999999,,0.0179981100369753,0.0184778349445369,0.0187656698890739,1099.5,20.0,,,,,
2026-09-24T05:42:10.449206+00:00,close,,UMAUSDT,ICT/SMC v2,long,,,0.3935,0.3985883604438509,,,,25.4129,,0.1293099951235375,3116.1910809418796,TP1,,
2026-09-24T05:49:16.583144+00:00,open,,ARKUSDT,ICT/SMC v2,long,,,0.1677,,0.1621065691971533,0.17609014620427,0.18448029240854,119.2,20.0,,,,,
2026-09-24T05:50:37.973179+00:00,close,,CHRUSDT,ICT/SMC v2,short,,,0.022212,0.022212,,,,450.21,,-0.0,3116.1910809418796,SL,,
2026-09-24T05:51:21.600614+00:00,open,,ERAUSDT,ICT/SMC v2,long,,,0.06735,,0.0664177779620001,0.0687483330569997,0.0701466661139994,296.9561,20.0,,,,,
2026-09-24T06:04:00.844616+00:00,close,,API3USDT,ICT/SMC v2,long,,,0.26555,0.2710925617245213,,,,37.6576,,0.2087195723973345,3116.399800514277,TP1,,
2026-09-24T06:05:36.152415+00:00,close,,CHRUSDT,Supertrend+ADX,long,,,0.021088,0.0224887617460088,,,,711.3,,0.9963618299360768,3117.3961623442133,TP1,,
2026-09-24T06:05:52.466836+00:00,open,,DIAUSDT,ICT/SMC v2,long,,,0.14545,,0.1438708478743522,0.1478187281884715,0.1501874563769431,137.5,20.0,,,,,
2026-09-24T06:11:43.705782+00:00,close,,SYNUSDT,ICT/SMC v2,short,,,0.218,0.209788970871343,,,,45.8,,0.3760651340924885,3117.772227478306,TP1,,
2026-09-24T06:12:13.955571+00:00,close,,UMAUSDT,ICT/SMC v2,long,,,0.3935,0.4036767208877017,,,,25.4129,,0.258619990247075,3118.030847468553,TP2,,
2026-09-24T06:19:35.496323+00:00,open,,AXSUSDT,ICT/SMC v2,long,,,1.051,,1.0389648591269882,1.0690527113095176,1.087105422619035,19.02,20.0,,,,,
2026-09-24T06:20:52.460025+00:00,open,,CRVUSDT,ICT/SMC v2,long,,,0.33785,,0.3322240121109666,0.34628898183355,0.3547279636671001,59.1,20.0,,,,,
2026-09-24T06:21:25.245955+00:00,open,,EIGENUSDT,ICT/SMC v2,long,,,0.24365,,0.23890293015749,0.2507706047637649,0.2578912095275297,82.08,20.0,,,,,
2026-09-24T06:22:08.941495+00:00,open,,GALAUSDT,ICT/SMC v2,long,,,0.001986,,0.0019559902451751,0.0020310146322372,0.0020760292644745,10070.4,20.0,,,,,
2026-09-24T06:22:40.931207+00:00,close,,INITUSDT,Supertrend+ADX,long,,,0.08925,0.0919039511133864,,,,168.0672,,0.4460421325637346,3118.476889601117,TP1,,
2026-09-24T06:22:42.226374+00:00,close,,INITUSDT,ICT/SMC v2,short,,,0.08985,0.0915770071341469,,,,111.2966,,-0.1922100222062974,3118.2846795789105,SL,,
2026-09-24T06:22:51.747989+00:00,open,,IOUSDT,ICT/SMC v2,long,,,0.15175,,0.1494771266020929,0.1551593100968606,0.1585686201937212,131.79,20.0,,,,,
2026-09-24T06:26:06.761614+00:00,open,,SATSUSDT,ICT/SMC v2,long,,,1.16e-08,,1.1444572517246996e-08,1.1833141224129508e-08,1.2066282448259017e-08,1724137931.0,20.0,,,,,
2026-09-24T06:27:26.073435+00:00,open,,UNIUSDT,ICT/SMC v2,long,,,9.3386,,9.160951799500957,9.605072300748567,9.871544601497137,2.14,20.0,,,,,
2026-09-24T06:34:21.306029+00:00,open,,ARPAUSDT,ICT/SMC v2,long,,,0.0113885,,0.0111981840364991,0.0116739739452512,0.0119594478905025,1756.15,20.0,,,,,
2026-09-24T06:34:56.619636+00:00,close,,BEAMXUSDT,ICT/SMC v2,short,,,0.0019225,0.0019463692818721,,,,5201.5,,-0.124156069657867,3118.1605235092525,SL,,
2026-09-24T06:34:57.174393+00:00,close,,BEAMXUSDT,ICT/SMC v2,short,,,0.0019225,0.0019463692818721,,,,5201.6,,-0.1241584565860542,3118.036365052667,SL,,
2026-09-24T06:35:39.619036+00:00,close,,CETUSUSDT,ICT/SMC v2,short,,,0.02633,0.0271610439345237,,,,379.794,,-0.315625500068496,3117.720739552598,SL,,
2026-09-24T06:35:40.213336+00:00,close,,CETUSUSDT,ICT/SMC v2,short,,,0.02633,0.0271610439345237,,,,379.795,,-0.3156263311124305,3117.4051132214854,SL,,
2026-09-24T06:50:26.222500+00:00,open,,CAKEUSDT,ICT/SMC v2,long,,,2.628,,2.6014310506110285,2.6678534240834577,2.707706848166916,7.61,20.0,,,,,
2026-09-24T06:54:31.987979+00:00,open,,OGNUSDT,ICT/SMC v2,long,,,0.019255,,0.0191186621644284,0.0194595067533573,0.0196640135067147,1038.691,20.0,,,,,
2026-09-24T06:55:55.054219+00:00,open,,RVNUSDT,ICT/SMC v2,long,,,0.002545,,0.0025104755978414,0.0025967866032378,0.0026485732064757,7858.5,20.0,,,,,
2026-09-24T06:56:41.243126+00:00,open,,SUNUSDT,ICT/SMC v2,long,,,0.01718005,,0.0171280460670795,0.0172580558993806,0.0173360617987612,1164.1,20.0,,,,,
2026-09-24T07:03:49.274441+00:00,open,,ALICEUSDT,ICT/SMC v2,long,,,0.14425,,0.1423001594496338,0.1471747608255491,0.1500995216510983,138.64,20.0,,,,,
2026-09-24T07:05:24.128289+00:00,close,,CELRUSDT,Supertrend+ADX,long,,,0.0031349999999999,0.0034276833061005,,,,4784.6,,1.4003725463687415,3118.805485767854,TP1,,
2026-09-24T07:05:34.408721+00:00,open,,CHRUSDT,ICT/SMC v2,long,,,0.0219784999999999,,0.0210466457781754,0.0233762813327367,0.0247740626654735,909.98,20.0,,,,,
2026-09-24T07:07:26.040083+00:00,close,,INJUSDT,ICT/SMC v2,long,,,7.830500000000001,7.830500000000001,,,,1.2771,,0.0,3118.805485767854,SL,,
2026-09-24T07:08:53.453092+00:00,close,,NEOUSDT,ICT/SMC v2,long,,,2.53265,2.53265,,,,3.948,,0.0,3118.805485767854,SL,,
2026-09-24T07:10:25.350053+00:00,close,,RVNUSDT,ICT/SMC v2,long,,,0.002545,0.0025967866032378,,,,3929.2,,0.2034799214422732,3119.008965689296,TP1,,
2026-09-24T07:19:19.229339+00:00,close,,ARPAUSDT,ICT/SMC v2,long,,,0.0113885,0.0111981840364991,,,,878.07,,-0.1671107380711915,3118.841854951225,SL,,
2026-09-24T07:19:19.748600+00:00,close,,ARPAUSDT,ICT/SMC v2,long,,,0.0113885,0.0111981840364991,,,,878.08,,-0.1671126412308265,3118.674742309994,SL,,
2026-09-24T07:20:21.781035+00:00,open,,BOMEUSDT,ICT/SMC v2,long,,,0.0011833,,0.0011344802900722,0.0012565295648916,0.0013297591297833,16901.8,20.0,,,,,
2026-09-24T07:20:55.814817+00:00,open,,CKBUSDT,ICT/SMC v2,long,,,0.0013384999999999,,0.0013220567426068,0.0013631648860897,0.0013878297721794,14942.09,20.0,,,,,
2026-09-24T07:23:24.703008+00:00,open,,LAYERUSDT,ICT/SMC v2,long,,,0.0761999999999999,,0.0755821189226716,0.0771268216159925,0.0780536432319851,262.4671,20.0,,,,,
2026-09-24T07:25:58.869691+00:00,open,,RSRUSDT,ICT/SMC v2,long,,,0.0016855,,0.0016646368771682,0.0017167946842476,0.0017480893684952,11865.91,20.0,,,,,
2026-09-24T07:26:28.384217+00:00,close,,SEIUSDT,ICT/SMC v2,long,,,0.05925,0.05925,,,,168.8,,0.0,3118.674742309994,SL,,
2026-09-24T07:26:32.256951+00:00,open,,SEIUSDT,ICT/SMC v2,long,,,0.05925,,0.0583907838204258,0.0605388242693612,0.0618276485387224,337.5,20.0,,,,,
2026-09-24T07:27:45.354710+00:00,close,,UNIUSDT,ICT/SMC v2,long,,,9.3386,9.160951799500957,,,,1.07,,-0.1900835745339776,3118.48465873546,SL,,
2026-09-24T07:28:07.931897+00:00,open,,YGGUSDT,ICT/SMC v2,long,,,0.0266,,0.0262946757394027,0.0270579863908958,0.0275159727817917,751.8796,20.0,,,,,
2026-09-24T07:37:07.938023+00:00,open,,GMXUSDT,ICT/SMC v2,long,,,8.0451,,7.970559290368458,8.156911064447312,8.268722128894625,2.4859,20.0,,,,,
2026-09-24T07:40:09.818588+00:00,open,,POLUSDT,ICT/SMC v2,long,,,0.1023999999999999,,0.1011706513895749,0.1042440229156375,0.106088045831275,195.3125,20.0,,,,,
2026-09-24T07:40:12.220092+00:00,close,,POLYXUSDT,ICT/SMC v2,short,,,0.0421,0.042926353497017,,,,237.5,,-0.1962589555415438,3118.2883997799186,SL,,
2026-09-24T07:40:19.954746+00:00,close,,PROMUSDT,ICT/SMC v2,short,,,5.1355,5.2876675158721405,,,,1.94,,-0.2952049807919517,3117.9931947991267,SL,,
2026-09-24T07:40:20.332881+00:00,close,,PROMUSDT,ICT/SMC v2,short,,,5.1355,5.2876675158721405,,,,1.95,,-0.2967266559506731,3117.696468143176,SL,,
2026-09-24T07:40:33.141145+00:00,close,,RAREUSDT,ICT/SMC v2,short,,,0.012995,0.012995,,,,769.5,,-0.0,3117.696468143176,SL,,
2026-09-24T07:42:41.849276+00:00,open,,TRXUSDT,ICT/SMC v2,short,,,0.3433015,,0.3441069505946112,0.3420933241080833,0.3408851482161665,58.2,20.0,,,,,
2026-09-24T07:48:46.846976+00:00,open,,AGLDUSDT,ICT/SMC v2,short,,,0.2086,,0.2102677860852086,0.206098320872187,0.2035966417443741,95.8772,20.0,,,,,
2026-09-24T07:48:49.615902+00:00,close,,AIUSDT,Supertrend+ADX,long,,,0.01965,0.0216442628672092,,,,763.3,,1.5222208465408356,3119.2186889897166,TP1,,
2026-09-24T07:50:44.559946+00:00,open,,CELRUSDT,ICT/SMC v2,long,,,0.003245,,0.0030798207294073,0.0034927689058889,0.0037405378117778,6163.3,20.0,,,,,
2026-09-24T07:52:59.002511+00:00,open,,INITUSDT,ICT/SMC v2,long,,,0.0907999999999999,,0.089442069639144,0.0928368955412838,0.0948737910825677,220.2643,20.0,,,,,
2026-09-24T07:53:08.855719+00:00,close,,JASMYUSDT,ICT/SMC v2,short,,,0.0042924999999999,0.0044126801544545,,,,2329.6,,-0.2799716878173135,3118.9387173018995,SL,,
2026-09-24T07:54:03.750585+00:00,open,,MANAUSDT,ICT/SMC v2,short,,,0.08426,,0.0850284688800498,0.0831072966799251,0.0819545933598503,237.3,20.0,,,,,
2026-09-24T07:54:36.878485+00:00,close,,MTLUSDT,ICT/SMC v2,long,,,0.3173,0.3237407317325657,,,,31.5159,,0.2029854572103658,3119.1417027591096,TP1,,
2026-09-24T08:05:29.601146+00:00,close,,CAKEUSDT,Supertrend+ADX,long,,,2.5905,2.663715887529189,,,,5.79,,0.4239199887940072,3119.565622747904,TP1,,
2026-09-24T08:05:31.870553+00:00,close,,CAKEUSDT,ICT/SMC v2,long,,,2.628,2.6678534240834577,,,,3.805,,0.1516422786375561,3119.717265026541,TP1,,
2026-09-24T08:05:56.775272+00:00,open,,COMPUSDT,ICT/SMC v2,long,,,23.02,,22.561455205535346,23.70781719169697,24.39563438339396,0.8688,20.0,,,,,
2026-09-24T08:06:42.881503+00:00,open,,ENSUSDT,ICT/SMC v2,long,,,6.872,,6.776430505498943,7.015354241751586,7.158708483503172,2.9103,20.0,,,,,
2026-09-24T08:06:51.846599+00:00,close,,ETCUSDT,ICT/SMC v2,long,,,9.2236,9.507952758750502,,,,1.08,,0.3071009794505409,3120.024366005992,TP1,,
2026-09-24T08:13:06.315912+00:00,close,,TRXUSDT,ICT/SMC v2,short,,,0.3433015,0.3420933241080833,,,,29.1,,0.0351579184547771,3120.0595239244467,TP1,,
2026-09-24T08:24:17.296372+00:00,open,,MASKUSDT,ICT/SMC v2,long,,,0.461,,0.4577044456416185,0.4659433315375721,0.4708866630751444,43.38394,20.0,,,,,
2026-09-24T08:28:14.330064+00:00,open,,TRXUSDT,Supertrend+ADX,short,,,0.34135,,0.3439026006597308,0.3375210990104037,0.3336921980208074,87.8,30.0,,,,,
2026-09-24T08:28:53.492769+00:00,close,,ZKUSDT,ICT/SMC v2,long,,,0.01174,0.0115528819497388,,,,851.7,,-0.159368443407449,3119.9001554810393,SL,,
2026-09-24T08:28:53.816980+00:00,close,,ZKUSDT,ICT/SMC v2,long,,,0.01174,0.0115528819497388,,,,851.8,,-0.1593871552124751,3119.7407683258266,SL,,
2026-09-24T08:34:51.217933+00:00,open,,BANANAUSDT,Supertrend+ADX,short,,,3.95,,4.029433142631791,3.830850286052313,3.711700572104627,7.5949,30.0,,,,,
2026-09-24T08:35:02.009992+00:00,close,,BCHUSDT,ICT/SMC v2,long,,,342.61,334.3995134382878,,,,0.02918,,-0.2395819978707628,3119.501186327956,SL,,
2026-09-24T08:35:22.077711+00:00,open,,BIGTIMEUSDT,Supertrend+ADX,short,,,0.00802,,0.0081923051007444,0.0077615423488833,0.0075030846977666,3740.64,30.0,,,,,
2026-09-24T08:35:30.611144+00:00,close,,BOMEUSDT,ICT/SMC v2,long,,,0.0011833,0.0011344802900722,,,,8450.9,,-0.4125704866286031,3119.0886158413277,SL,,
2026-09-24T08:35:55.881303+00:00,open,,CELOUSDT,Supertrend+ADX,short,,,0.08975,,0.0919888973858476,0.0863916539212285,0.083033307842457,334.26,30.0,,,,,
2026-09-24T08:36:34.413228+00:00,open,,DOTUSDT,ICT/SMC v2,long,,,1.1222500000000002,,1.1076083325255317,1.1442125012117033,1.166175002423406,17.82,20.0,,,,,
2026-09-24T08:36:46.912942+00:00,open,,EGLDUSDT,ICT/SMC v2,long,,,4.27,,4.184621608819174,4.398067586771238,4.526135173542477,4.683,20.0,,,,,
2026-09-24T08:36:50.532624+00:00,close,,EIGENUSDT,ICT/SMC v2,long,,,0.24365,0.23890293015749,,,,41.04,,-0.194819746336608,3118.8937960949906,SL,,
2026-09-24T08:36:57.962969+00:00,close,,ENSUSDT,ICT/SMC v2,long,,,6.872,6.776430505498943,,,,1.4551,,-0.1390631714484883,3118.754732923542,SL,,
2026-09-24T08:37:38.262732+00:00,close,,GALAUSDT,ICT/SMC v2,long,,,0.001986,0.0019559902451751,,,,5035.2,,-0.1511051174940294,3118.6036278060483,SL,,
2026-09-24T08:37:43.942599+00:00,close,,GMXUSDT,ICT/SMC v2,long,,,8.0451,7.970559290368458,,,,1.2429,,-0.0926466480010433,3118.510981158048,SL,,
2026-09-24T08:37:44.331826+00:00,close,,GMXUSDT,ICT/SMC v2,long,,,8.0451,7.970559290368458,,,,1.243,,-0.0926541020720064,3118.4183270559756,SL,,
2026-09-24T08:38:17.454539+00:00,open,,ILVUSDT,Supertrend+ADX,short,,,3.643,,3.741577317201222,3.4951340241981668,3.347268048396333,8.2349,30.0,,,,,
2026-09-24T08:38:36.320535+00:00,open,,JASMYUSDT,ICT/SMC v2,long,,,0.004404,,0.0043215577986267,0.0045276633020599,0.0046513266041198,4541.3,20.0,,,,,
2026-09-24T08:38:58.762576+00:00,close,,LAYERUSDT,ICT/SMC v2,long,,,0.0761999999999999,0.0755821189226716,,,,131.2335,,-0.081086696361574,3118.337240359614,SL,,
2026-09-24T08:38:59.173060+00:00,close,,LAYERUSDT,ICT/SMC v2,long,,,0.0761999999999999,0.0755821189226716,,,,131.2336,,-0.0810867581496817,3118.2561536014646,SL,,
2026-09-24T08:40:08.896447+00:00,close,,NEARUSDT,Supertrend+ADX,long,,,4.5129,4.2416652292904695,,,,3.3,,-0.895074743341451,3117.3610788581236,SL,,
2026-09-24T08:40:28.656855+00:00,close,,OGNUSDT,ICT/SMC v2,long,,,0.019255,0.0191186621644284,,,,519.345,,-0.0708063732149281,3117.290272484908,SL,,
2026-09-24T08:40:29.069524+00:00,close,,OGNUSDT,ICT/SMC v2,long,,,0.019255,0.0191186621644284,,,,519.346,,-0.0708065095527636,3117.2194659753554,SL,,
2026-09-24T08:40:40.034720+00:00,open,,OPUSDT,Supertrend+ADX,short,,,0.1232,,0.1276041249923407,0.1165938125114888,0.1099876250229777,243.5,30.0,,,,,
2026-09-24T08:40:44.208062+00:00,close,,ORDIUSDT,ICT/SMC v2,long,,,4.4645,4.4645,,,,2.24,,0.0,3117.2194659753554,SL,,
2026-09-24T08:41:04.947596+00:00,close,,POLUSDT,ICT/SMC v2,long,,,0.1023999999999999,0.1011706513895749,,,,97.6562,,-0.1200535137693879,3117.099412461586,SL,,
2026-09-24T08:41:05.396670+00:00,close,,POLUSDT,ICT/SMC v2,long,,,0.1023999999999999,0.1011706513895749,,,,97.6563,,-0.120053636704249,3116.9793588248817,SL,,
2026-09-24T08:41:11.350712+00:00,close,,PORTALUSDT,ICT/SMC v2,long,,,0.0181899999999999,0.0179981100369753,,,,549.7,,-0.1054819126746426,3116.873876912207,SL,,
2026-09-24T08:41:11.762463+00:00,close,,PORTALUSDT,ICT/SMC v2,long,,,0.0181899999999999,0.0179981100369753,,,,549.8,,-0.105501101670945,3116.768375810536,SL,,
2026-09-24T08:41:58.186838+00:00,close,,RUNEUSDT,ICT/SMC v2,long,,,0.61815,0.61815,,,,16.1,,0.0,3116.768375810536,SL,,
2026-09-24T08:42:13.327109+00:00,close,,SATSUSDT,ICT/SMC v2,long,,,1.16e-08,1.1444572517246996e-08,,,,862068965.5,,-0.1339892092671512,3116.634386601269,SL,,
2026-09-24T08:42:20.556574+00:00,close,,SEIUSDT,ICT/SMC v2,long,,,0.05925,0.0583907838204258,,,,168.7,,-0.1449497694941591,3116.489436831775,SL,,
2026-09-24T08:42:20.940746+00:00,close,,SEIUSDT,ICT/SMC v2,long,,,0.05925,0.0583907838204258,,,,168.8,,-0.1450356911121165,3116.3444011406627,SL,,
2026-09-24T08:43:55.623093+00:00,close,,YGGUSDT,ICT/SMC v2,long,,,0.0266,0.0262946757394027,,,,375.9398,,-0.114783541464072,3116.2296175991987,SL,,
2026-09-24T08:48:42.196818+00:00,open,,1INCHUSDT,Supertrend+ADX,short,,,0.09784,,0.0998380323771121,0.0948429514343318,0.0918459028686636,306.62,30.0,,,,,
2026-09-24T08:49:04.599784+00:00,close,,ALICEUSDT,ICT/SMC v2,long,,,0.14425,0.1423001594496338,,,,69.32,,-0.1351629469513795,3116.094454652247,SL,,
2026-09-24T08:49:10.441473+00:00,close,,ALTUSDT,ICT/SMC v2,long,,,0.007435,0.007435,,,,1345.0,,0.0,3116.0944546522474,SL,,
2026-09-24T08:49:20.792545+00:00,close,,API3USDT,ICT/SMC v2,long,,,0.26555,0.26555,,,,37.6576,,0.0,3116.0944546522474,SL,,
2026-09-24T08:49:40.950689+00:00,open,,ASTERUSDT,Supertrend+ADX,short,,,0.6982999999999999,,0.7111872435360939,0.6789691346958592,0.6596382693917183,42.9614,30.0,,,,,
2026-09-24T08:49:54.445334+00:00,close,,AXSUSDT,ICT/SMC v2,long,,,1.051,1.0389648591269882,,,,9.51,,-0.1144541897023414,3115.9800004625445,SL,,
2026-09-24T08:50:45.789607+00:00,close,,BTCUSDT,ICT/SMC v2,short,,,84330.08499999999,83411.22115869256,,,,0.000118,,0.1084259332742775,3116.0884263958187,TP1,,
2026-09-24T08:51:23.409912+00:00,close,,CRVUSDT,ICT/SMC v2,long,,,0.33785,0.3322240121109666,,,,29.5,,-0.1659666427264837,3115.922459753093,SL,,
2026-09-24T08:51:23.858194+00:00,close,,CRVUSDT,ICT/SMC v2,long,,,0.33785,0.3322240121109666,,,,29.6,,-0.166529241515387,3115.755930511577,SL,,
2026-09-24T08:51:32.533095+00:00,close,,DIAUSDT,ICT/SMC v2,long,,,0.14545,0.1438708478743522,,,,68.7,,-0.108487751031998,3115.647442760545,SL,,
2026-09-24T08:51:32.915761+00:00,close,,DIAUSDT,ICT/SMC v2,long,,,0.14545,0.1438708478743522,,,,68.8,,-0.1086456662445627,3115.5387970943,SL,,
2026-09-24T08:52:11.000253+00:00,close,,ERAUSDT,ICT/SMC v2,long,,,0.06735,0.0664177779620001,,,,148.478,,-0.1384144637581355,3115.400382630542,SL,,
2026-09-24T08:52:36.791898+00:00,open,,FLOKIUSDT,Supertrend+ADX,short,,,2.722065e-05,,2.8063942876175986e-05,2.5955710685736028e-05,2.4690771371472057e-05,1102104.4,30.0,,,,,
2026-09-24T08:52:40.877689+00:00,close,,FLOWUSDT,ICT/SMC v2,long,,,0.03145,0.03145,,,,317.96,,0.0,3115.400382630542,SL,,
2026-09-24T08:53:06.889539+00:00,open,,GTCUSDT,Supertrend+ADX,short,,,0.0839999999999999,,0.0851901056349726,0.0822148415475409,0.0804296830950819,357.1428,30.0,,,,,
2026-09-24T08:53:43.909445+00:00,close,,IOUSDT,ICT/SMC v2,long,,,0.15175,0.1494771266020929,,,,65.89,,-0.1497596281880973,3115.250623002354,SL,,
2026-09-24T08:53:50.782988+00:00,open,,IOTAUSDT,Supertrend+ADX,short,,,0.046,,0.0472633970757653,0.0441049043863519,0.0422098087727038,652.17,30.0,,,,,
2026-09-24T08:54:14.088536+00:00,open,,KNCUSDT,Supertrend+ADX,short,,,0.1403,,0.1425761216362029,0.1368858175456956,0.1334716350913913,213.8275,30.0,,,,,
2026-09-24T08:54:48.457253+00:00,open,,LQTYUSDT,Supertrend+ADX,short,,,0.22885,,0.2326138660138724,0.2232042009791913,0.2175584019583827,131.09,30.0,,,,,
2026-09-24T08:54:54.891440+00:00,open,,LTCUSDT,ICT/SMC v2,long,,,67.8785,,66.01852646998171,70.66846029502743,73.45842059005489,0.29464,20.0,,,,,
2026-09-24T08:55:06.913768+00:00,close,,MANAUSDT,ICT/SMC v2,short,,,0.08426,0.0831072966799251,,,,118.6,,0.1367106137608735,3115.387333616115,TP1,,
2026-09-24T08:55:13.531380+00:00,close,,MASKUSDT,ICT/SMC v2,long,,,0.461,0.4577044456416185,,,,21.69197,,-0.0714870662753801,3115.3158465498395,SL,,
2026-09-24T08:55:32.194547+00:00,open,,METISUSDT,Supertrend+ADX,short,,,3.34,,3.412187952763022,3.231718070855466,3.123436141710932,8.982,30.0,,,,,
2026-09-24T08:55:50.812450+00:00,close,,NEWTUSDT,ICT/SMC v2,long,,,0.049575,0.0489849238689147,,,,201.714,,-0.1190266167057256,3115.196819933134,SL,,
2026-09-24T08:55:56.556684+00:00,close,,NMRUSDT,ICT/SMC v2,long,,,9.4225,9.334466653138405,,,,1.0612,,-0.0934209876895263,3115.103398945444,SL,,
2026-09-24T08:55:56.943168+00:00,close,,NMRUSDT,ICT/SMC v2,long,,,9.4225,9.334466653138405,,,,1.0613,,-0.0934297910242124,3115.0099691544197,SL,,
2026-09-24T08:55:59.828669+00:00,open,,NMRUSDT,Supertrend+ADX,short,,,9.2805,,9.416326767198562,9.076759849202158,8.873019698404319,3.2325,30.0,,,,,
2026-09-24T08:56:07.085888+00:00,open,,OGNUSDT,Supertrend+ADX,short,,,0.019035,,0.0192744642483091,0.0186758036275362,0.0183166072550725,1576.044,30.0,,,,,
2026-09-24T08:56:23.897007+00:00,close,,PAXGUSDT,ICT/SMC v2,short,,,4292.52,4264.351901868153,,,,0.002329,,0.0656035005490733,3115.0755726549687,TP1,,
2026-09-24T08:56:47.482066+00:00,open,,PROMUSDT,ICT/SMC v2,long,,,5.216,,5.059253007407651,5.451120488888524,5.686240977777048,3.83,20.0,,,,,
2026-09-24T08:56:52.087794+00:00,open,,PUMPUSDT,Supertrend+ADX,short,,,0.0039355,,0.0040637736677419,0.003743089498387,0.003550678996774,7622.91,30.0,,,,,
2026-09-24T08:57:28.730927+00:00,close,,RSRUSDT,ICT/SMC v2,long,,,0.0016855,0.0016646368771682,,,,5932.95,,-0.1237798646046534,3114.9517927903644,SL,,
2026-09-24T08:57:29.101426+00:00,close,,RSRUSDT,ICT/SMC v2,long,,,0.0016855,0.0016646368771682,,,,5932.96,,-0.1237800732358817,3114.8280127171283,SL,,
2026-09-24T08:58:58.146020+00:00,close,,TRXUSDT,ICT/SMC v2,short,,,0.3433015,0.3408851482161665,,,,29.1,,0.0703158369095543,3114.8983285540376,TP2,,
2026-09-24T08:59:07.047026+00:00,open,,TURBOUSDT,Supertrend+ADX,short,,,0.00102305,,0.001054226677492,0.0009762849837619,0.0009295199675238,29324.0,30.0,,,,,
2026-09-24T08:59:21.545431+00:00,close,,WIFUSDT,ICT/SMC v2,long,,,0.2414,0.2348355431595511,,,,41.42,,-0.27189980233139,3114.626428751706,SL,,
2026-09-24T09:04:35.441362+00:00,open,,AVNTUSDT,Supertrend+ADX,short,,,0.111035,,0.1132704735590188,0.1076817896614717,0.1043285793229435,270.185,30.0,,,,,
2026-09-24T09:05:19.031673+00:00,open,,BLURUSDT,Supertrend+ADX,short,,,0.0194,,0.0196667577044696,0.0189998634432955,0.018599726886591,1546.3917,30.0,,,,,
2026-09-24T09:06:52.278965+00:00,close,,ETHFIUSDT,ICT/SMC v2,long,,,0.6569,0.6569,,,,15.2,,0.0,3114.626428751706,SL,,
2026-09-24T09:07:05.004104+00:00,open,,FILUSDT,ICT/SMC v2,long,,,0.9771,,0.9577299101758482,1.006155134736228,1.0352102694724556,20.46,20.0,,,,,
2026-09-24T09:07:26.373312+00:00,open,,GMTUSDT,Supertrend+ADX,short,,,0.008285,,0.0084432796269552,0.0080475805595671,0.0078101611191342,3621.0,30.0,,,,,
2026-09-24T09:07:47.559243+00:00,open,,HMSTRUSDT,Supertrend+ADX,short,,,0.00017185,,0.0001743938905708,0.0001680341641437,0.0001642183282875,174570.8,30.0,,,,,
2026-09-24T09:07:54.529387+00:00,open,,IDUSDT,Supertrend+ADX,short,,,0.03605,,0.0366757635822063,0.0351113546266905,0.034172709253381,832.17,30.0,,,,,
2026-09-24T09:08:09.608823+00:00,open,,IOUSDT,Supertrend+ADX,short,,,0.14795,,0.1519792706483881,0.1419060940274177,0.1358621880548355,202.77,30.0,,,,,
2026-09-24T09:09:15.102060+00:00,open,,MANAUSDT,Supertrend+ADX,short,,,0.0830849999999999,,0.084387772787242,0.0811308408191368,0.0791766816382737,361.0,30.0,,,,,
2026-09-24T09:09:24.832687+00:00,open,,MEMEUSDT,Supertrend+ADX,short,,,0.000598,,0.0006115069752355,0.0005777395371466,0.0005574790742933,50167.2,30.0,,,,,
2026-09-24T09:09:57.301154+00:00,open,,MOVRUSDT,Supertrend+ADX,short,,,0.87,,0.8872065087453067,0.8441902368820399,0.8183804737640796,34.482,30.0,,,,,
2026-09-24T09:10:31.631298+00:00,open,,ONDOUSDT,ICT/SMC v2,long,,,0.42906,,0.4208259937318244,0.4414110094022634,0.4537620188045267,46.61,20.0,,,,,
2026-09-24T09:11:06.176336+00:00,open,,POLYXUSDT,Supertrend+ADX,short,,,0.0421,,0.0430078195659459,0.040738270651081,0.0393765413021621,712.5,30.0,,,,,
2026-09-24T09:11:29.421291+00:00,open,,RAYUSDT,ICT/SMC v2,long,,,2.02735,,1.9555592553563572,2.1350361169654644,2.2427222339309285,9.8,20.0,,,,,
2026-09-24T09:12:21.846784+00:00,open,,SKLUSDT,Supertrend+ADX,short,,,0.004295,,0.0043844064303245,0.0041608903545131,0.0040267807090262,6984.866,30.0,,,,,
2026-09-24T09:13:54.494247+00:00,open,,VETUSDT,Supertrend+ADX,short,,,0.0088876999999999,,0.0091529880035206,0.0084897679947189,0.0080918359894379,3375.4,30.0,,,,,
2026-09-24T09:14:05.495233+00:00,open,,WOOUSDT,Supertrend+ADX,short,,,0.01216,,0.0124086172402779,0.0117870741395831,0.0114141482791662,2467.105,30.0,,,,,
2026-09-24T09:14:21.061689+00:00,close,,ZRXUSDT,ICT/SMC v2,long,,,0.1177,0.116424730023948,,,,84.961,,-0.1083482124353515,3114.5180805392706,SL,,
2026-09-24T09:14:21.386385+00:00,close,,ZRXUSDT,ICT/SMC v2,long,,,0.1177,0.116424730023948,,,,84.962,,-0.1083494877053275,3114.4097310515654,SL,,
2026-09-24T09:14:23.599883+00:00,open,,ZRXUSDT,Supertrend+ADX,short,,,0.1164,,0.1184910711229652,0.1132633933155521,0.1101267866311042,257.731,30.0,,,,,
2026-09-24T09:18:39.165440+00:00,open,,AAVEUSDT,Supertrend+ADX,short,,,136.28699999999998,,140.20876018614663,130.40435972077998,124.52171944156,0.22,30.0,,,,,
2026-09-24T09:18:44.429695+00:00,open,,ADAUSDT,Supertrend+ADX,short,,,0.2361599999999999,,0.2425273563973749,0.2266089654039375,0.2170579308078751,127.0,30.0,,,,,
2026-09-24T09:19:06.075478+00:00,close,,AGLDUSDT,ICT/SMC v2,short,,,0.2086,0.206098320872187,,,,47.9386,,0.1199269950365744,3114.529658046602,TP1,,
2026-09-24T09:19:17.658256+00:00,open,,ALICEUSDT,Supertrend+ADX,short,,,0.14105,,0.1446509736915863,0.1356485394626204,0.1302470789252409,212.69,30.0,,,,,
2026-09-24T09:19:38.498168+00:00,close,,ARUSDT,ICT/SMC v2,short,,,4.518000000000001,4.2482050753668,,,,2.21,,0.5962467834393747,3115.125904830041,TP1,,
2026-09-24T09:19:59.875530+00:00,open,,ARKMUSDT,Supertrend+ADX,short,,,0.12115,,0.1249099325818444,0.1155101011272332,0.1098702022544665,247.6,30.0,,,,,
2026-09-24T09:20:42.814660+00:00,open,,BERAUSDT,Supertrend+ADX,short,,,0.2166,,0.2232891198666733,0.20656632019999,0.1965326403999801,138.5041,30.0,,,,,
2026-09-24T09:20:53.778351+00:00,close,,BICOUSDT,ICT/SMC v2,long,,,0.0215,0.0215,,,,465.11627,,0.0,3115.125904830041,SL,,
2026-09-24T09:21:10.244853+00:00,open,,BNBUSDT,Supertrend+ADX,short,,,767.5505,,777.779723668201,752.2066644976987,736.8628289953973,0.039,30.0,,,,,
2026-09-24T09:21:25.615578+00:00,close,,CAKEUSDT,ICT/SMC v2,long,,,2.628,2.628,,,,3.805,,0.0,3115.125904830041,SL,,
2026-09-24T09:21:36.558094+00:00,close,,CELRUSDT,Supertrend+ADX,long,,,0.0031349999999999,0.0031349999999999,,,,4784.6,,0.0,3115.125904830041,SL,,
2026-09-24T09:21:45.720267+00:00,close,,CELRUSDT,ICT/SMC v2,long,,,0.003245,0.0030798207294073,,,,3081.6,,-0.5090164402582192,3114.6168883897835,SL,,
2026-09-24T09:21:46.225447+00:00,close,,CELRUSDT,ICT/SMC v2,long,,,0.003245,0.0030798207294073,,,,3081.7,,-0.5090329581852785,3114.1078554315977,SL,,
2026-09-24T09:21:58.313521+00:00,open,,CETUSUSDT,ICT/SMC v2,short,,,0.026475,,0.0269925561971219,0.025698665704317,0.024922331408634,755.429,20.0,,,,,
2026-09-24T09:22:20.336959+00:00,open,,CHZUSDT,Supertrend+ADX,short,,,0.01557,,0.0160280563239281,0.0148829155141077,0.0141958310282155,1926.7,30.0,,,,,
2026-09-24T09:22:28.874396+00:00,open,,CRVUSDT,Supertrend+ADX,short,,,0.33,,0.3411430866111745,0.3132853700832383,0.2965707401664765,90.9,30.0,,,,,
2026-09-24T09:22:32.627736+00:00,open,,CRVUSDT,ICT/SMC v2,short,,,0.33,,0.3357359555374636,0.3213960666938046,0.3127921333876092,60.6,20.0,,,,,
2026-09-24T09:22:38.903088+00:00,open,,CYBERUSDT,Supertrend+ADX,short,,,0.3325,,0.3403303378631634,0.3207544932052549,0.3090089864105099,90.225,30.0,,,,,
2026-09-24T09:22:41.569977+00:00,open,,CYBERUSDT,ICT/SMC v2,short,,,0.3325,,0.336322579089042,0.326766131366437,0.321032262732874,60.15,20.0,,,,,
2026-09-24T09:22:56.768810+00:00,open,,DIAUSDT,Supertrend+ADX,short,,,0.1422,,0.1449109158443671,0.1381336262334492,0.1340672524668985,210.9,30.0,,,,,
2026-09-24T09:23:01.959295+00:00,close,,DOGEUSDT,ICT/SMC v2,long,,,0.09271505,0.09271505,,,,107.8,,0.0,3114.1078554315977,SL,,
2026-09-24T09:23:07.041370+00:00,open,,DOGEUSDT,Supertrend+ADX,short,,,0.0924951,,0.0947833374996154,0.0890627437505768,0.0856303875011536,324.3,30.0,,,,,
2026-09-24T09:23:26.026696+00:00,close,,DOTUSDT,ICT/SMC v2,long,,,1.1222500000000002,1.1076083325255317,,,,8.91,,-0.1304572571975162,3113.9773981744,SL,,
2026-09-24T09:23:37.361395+00:00,open,,DOTUSDT,Supertrend+ADX,short,,,1.10585,,1.1380844205117404,1.0574983692323894,1.009146738464779,27.12,30.0,,,,,
2026-09-24T09:23:47.077330+00:00,close,,DUSKUSDT,ICT/SMC v2,short,,,0.086215,0.0841462159089682,,,,115.9,,0.2397720761505805,3114.21717025055,TP1,,
2026-09-24T09:24:00.483968+00:00,open,,EGLDUSDT,Supertrend+ADX,short,,,4.215,,4.387942628673377,3.9555860569899344,3.696172113979869,7.117,30.0,,,,,
2026-09-24T09:24:17.187386+00:00,open,,ERAUSDT,Supertrend+ADX,short,,,0.0655,,0.0671999117778777,0.0629501323331833,0.0604002646663667,458.0152,30.0,,,,,
2026-09-24T09:24:30.368178+00:00,open,,FETUSDT,Supertrend+ADX,short,,,0.19495,,0.2031377317899063,0.1826684023151405,0.1703868046302811,153.885,30.0,,,,,
2026-09-24T09:24:44.195100+00:00,close,,FLOWUSDT,Supertrend+ADX,long,,,0.03235,0.031356639280208,,,,463.67,,-0.4605915649459159,3113.7565786856044,SL,,
2026-09-24T09:24:44.802217+00:00,close,,FLOWUSDT,Supertrend+ADX,long,,,0.03235,0.031356639280208,,,,463.68,,-0.4606014985531139,3113.2959771870514,SL,,
2026-09-24T09:25:00.879915+00:00,open,,GMXUSDT,ICT/SMC v2,short,,,7.9251,,8.008300726933678,7.800298909599483,7.6754978191989665,2.5236,20.0,,,,,
2026-09-24T09:25:14.134015+00:00,open,,HBARUSDT,Supertrend+ADX,short,,,0.089145,,0.091658223560175,0.0853751646597374,0.0816053293194749,336.5,30.0,,,,,
2026-09-24T09:25:34.718654+00:00,open,,IMXUSDT,Supertrend+ADX,short,,,0.1452999999999999,,0.1501827780785589,0.1379758328821614,0.1306516657643229,206.4693,30.0,,,,,
2026-09-24T09:25:48.882392+00:00,close,,IOTAUSDT,ICT/SMC v2,short,,,0.0482999999999999,0.0454687481094377,,,,207.04,,0.5861823914220137,3113.8821595784734,TP2,,
2026-09-24T09:25:57.221598+00:00,close,,JOEUSDT,ICT/SMC v2,long,,,0.0345,0.0345,,,,289.85507,,0.0,3113.8821595784734,SL,,
2026-09-24T09:26:01.234261+00:00,open,,JTOUSDT,Supertrend+ADX,short,,,0.4535,,0.4689897740989968,0.4302653388515047,0.4070306777030095,66.1,30.0,,,,,
2026-09-24T09:26:07.728230+00:00,close,,KERNELUSDT,Supertrend+ADX,long,,,0.0586,0.0543810635434001,,,,255.9726,,-1.0799321340306556,3112.802227444443,SL,,
2026-09-24T09:26:11.339844+00:00,open,,KERNELUSDT,ICT/SMC v2,short,,,0.0542,,0.0553365673257629,0.0524951490113555,0.050790298022711,369.0036,20.0,,,,,
2026-09-24T09:26:20.382112+00:00,open,,LAYERUSDT,ICT/SMC v2,short,,,0.0746,,0.0752476262172094,0.0736285606741857,0.0726571213483715,268.0965,20.0,,,,,
2026-09-24T09:26:23.462809+00:00,close,,LDOUSDT,ICT/SMC v2,long,,,0.3888,0.3888,,,,25.7202,,0.0,3112.8022274444434,SL,,
2026-09-24T09:26:26.145632+00:00,open,,LDOUSDT,Supertrend+ADX,short,,,0.3869,,0.4003274493176913,0.366758826023463,0.346617652046926,77.5394,30.0,,,,,
2026-09-24T09:26:46.146589+00:00,open,,LPTUSDT,Supertrend+ADX,short,,,1.60325,,1.6517673240907305,1.5304740138639048,1.457698027727809,18.7119,30.0,,,,,
2026-09-24T09:27:02.441115+00:00,open,,LUNCUSDT,Supertrend+ADX,short,,,5.3025e-05,,5.40506866652156e-05,5.148647000217661e-05,4.994794000435321e-05,565770.8,30.0,,,,,
2026-09-24T09:28:01.350851+00:00,close,,MTLUSDT,ICT/SMC v2,long,,,0.3173,0.3173,,,,31.5159,,0.0,3112.8022274444434,SL,,
2026-09-24T09:28:11.478300+00:00,close,,NEWTUSDT,Supertrend+ADX,long,,,0.0498399999999999,0.048821101029439,,,,300.963,,-0.3066508908769388,3112.4955765535665,SL,,
2026-09-24T09:28:17.662700+00:00,open,,NEWTUSDT,Supertrend+ADX,short,,,0.048775,,0.0496744541127218,0.0474258188309172,0.0460766376618345,615.069,30.0,,,,,
2026-09-24T09:28:56.124348+00:00,close,,PENDLEUSDT,ICT/SMC v2,short,,,2.4210000000000003,2.355667208304037,,,,4.1,,0.2678644459534471,3112.76344099952,TP1,,
2026-09-24T09:29:00.392410+00:00,close,,PEOPLEUSDT,ICT/SMC v2,long,,,0.0091,0.0089547546835919,,,,1098.901,,-0.15961022344608,3112.6038307760737,SL,,
2026-09-24T09:29:04.448679+00:00,open,,PEOPLEUSDT,ICT/SMC v2,short,,,0.008915,,0.0090985368607437,0.0086396947088843,0.0083643894177687,2243.409,20.0,,,,,
2026-09-24T09:29:35.819816+00:00,close,,PUMPUSDT,ICT/SMC v2,short,,,0.0040035,0.0039134764345415,,,,2497.81,,0.2248617620378161,3112.8286925381117,TP1,,
2026-09-24T09:29:45.955591+00:00,open,,RAREUSDT,ICT/SMC v2,short,,,0.01278,,0.012913798109305,0.0125793028360423,0.0123786056720847,1564.9,20.0,,,,,
2026-09-24T09:30:36.169925+00:00,open,,SANDUSDT,Supertrend+ADX,short,,,0.040435,,0.0414962792257296,0.0388430811614055,0.0372511623228111,741.9,30.0,,,,,
2026-09-24T09:30:47.746612+00:00,open,,SHIBUSDT,Supertrend+ADX,short,,,5.6e-06,,5.757302881264508e-06,5.364045678103238e-06,5.128091356206476e-06,5357142.8,30.0,,,,,
2026-09-24T09:31:15.625365+00:00,open,,STRKUSDT,Supertrend+ADX,short,,,0.0383,,0.0393834596957104,0.0366748104564343,0.0350496209128686,783.28,30.0,,,,,
2026-09-24T09:31:23.611110+00:00,close,,SUNUSDT,ICT/SMC v2,long,,,0.01718005,0.0171280460670795,,,,582.0,,-0.0302662889596863,3112.798426249152,SL,,
2026-09-24T09:31:36.729757+00:00,close,,SYNUSDT,ICT/SMC v2,short,,,0.218,0.201577941742686,,,,45.9,,0.7537724740107097,3113.5521987231623,TP2,,
2026-09-24T09:31:46.045338+00:00,open,,TAOUSDT,Supertrend+ADX,short,,,281.955,,292.4144183923556,266.2658724114666,250.5767448229332,0.1063,30.0,,,,,
2026-09-24T09:31:53.746051+00:00,close,,TIAUSDT,Supertrend+ADX,long,,,0.47705,0.4555752563302386,,,,31.4432,,-0.6752346601570409,3112.8769640630053,SL,,
2026-09-24T09:32:25.276588+00:00,close,,VETUSDT,ICT/SMC v2,long,,,0.0088729,0.0088729,,,,1127.0,,0.0,3112.8769640630053,SL,,
2026-09-24T09:32:30.875013+00:00,open,,WUSDT,Supertrend+ADX,short,,,0.0112,,0.011507056455224,0.0107394153171639,0.0102788306343279,2678.5,30.0,,,,,
2026-09-24T09:33:35.767249+00:00,close,,AAVEUSDT,ICT/SMC v2,short,,,139.164,136.05317578602163,,,,0.071,,0.2208685191924636,3113.097832582198,TP1,,
2026-09-24T09:33:49.830099+00:00,close,,AGLDUSDT,ICT/SMC v2,short,,,0.2086,0.2035966417443741,,,,47.9386,,0.2398539900731462,3113.337686572271,TP2,,
2026-09-24T09:34:19.018302+00:00,close,,ARBUSDT,ICT/SMC v2,short,,,0.21845,0.2123517296244594,,,,45.777,,0.2791605229811227,3113.6168470952525,TP1,,
2026-09-24T09:34:36.780490+00:00,close,,AVAXUSDT,ICT/SMC v2,short,,,10.782,10.056144632365845,,,,0.93,,0.675045491899766,3114.2918925871522,TP2,,
2026-09-24T09:34:55.268715+00:00,close,,BANDUSDT,ICT/SMC v2,short,,,0.217,0.2093595680084638,,,,46.08294,,0.3520935690400402,3114.643986156192,TP1,,
2026-09-24T09:35:17.924205+00:00,open,,BICOUSDT,ICT/SMC v2,long,,,0.0215,,0.0210661747304423,0.0221507379043364,0.0228014758086728,930.23255,20.0,,,,,
2026-09-24T09:35:26.276403+00:00,close,,BLURUSDT,ICT/SMC v2,short,,,0.01975,0.0191446089551863,,,,506.3291,,0.3065271028685759,3114.9505132590607,TP1,,
2026-09-24T09:35:29.903961+00:00,close,,BNBUSDT,ICT/SMC v2,long,,,766.14255,766.14255,,,,0.013,,0.0,3114.9505132590607,SL,,
2026-09-24T09:35:38.231225+00:00,close,,BONKUSDT,Supertrend+ADX,long,,,3.592e-06,3.416562457014281e-06,,,,4175946.5,,-0.732617793599811,3114.217895465461,SL,,
2026-09-24T09:35:52.323109+00:00,close,,CELOUSDT,ICT/SMC v2,short,,,0.09115,0.0884352923572519,,,,109.7,,0.2978034284094667,3114.515698893871,TP1,,
2026-09-24T09:35:57.237239+00:00,open,,CELRUSDT,ICT/SMC v2,long,,,0.003105,,0.0029138134071859,0.003391779889221,0.0036785597784421,6441.2,20.0,,,,,
2026-09-24T09:36:11.826994+00:00,close,,CKBUSDT,ICT/SMC v2,long,,,0.0013384999999999,0.0013220567426068,,,,7471.04,,-0.1228482337145572,3114.392850660156,SL,,
2026-09-24T09:36:12.277350+00:00,close,,CKBUSDT,ICT/SMC v2,long,,,0.0013384999999999,0.0013220567426068,,,,7471.05,,-0.1228483981471311,3114.270002262009,SL,,
2026-09-24T09:36:54.864790+00:00,open,,EDUUSDT,Supertrend+ADX,short,,,0.0490499999999999,,0.0502721417666477,0.0472167873500284,0.0453835747000567,611.62,30.0,,,,,
2026-09-24T09:37:18.335325+00:00,close,,ETCUSDT,ICT/SMC v2,long,,,9.2236,9.2236,,,,1.08,,0.0,3114.270002262009,SL,,
2026-09-24T09:37:40.335885+00:00,close,,FILUSDT,ICT/SMC v2,long,,,0.9771,0.9577299101758482,,,,10.23,,-0.1981560189010738,3114.0718462431078,SL,,
2026-09-24T09:37:43.768790+00:00,open,,FILUSDT,Supertrend+ADX,short,,,0.96735,,1.0095481429679185,0.904052785548122,0.8407555710962442,31.01,30.0,,,,,
2026-09-24T09:39:07.236025+00:00,close,,JASMYUSDT,ICT/SMC v2,long,,,0.004404,0.0043215577986267,,,,2270.6,,-0.1871932624381702,3113.88465298067,SL,,
2026-09-24T09:39:07.661981+00:00,close,,JASMYUSDT,ICT/SMC v2,long,,,0.004404,0.0043215577986267,,,,2270.7,,-0.1872015066583076,3113.6974514740123,SL,,
2026-09-24T09:39:53.291751+00:00,open,,LUNAUSDT,Supertrend+ADX,short,,,0.0510899999999999,,0.0524798612959709,0.0490052080560435,0.0469204161120871,587.19,30.0,,,,,
2026-09-24T09:40:05.667288+00:00,close,,MANAUSDT,ICT/SMC v2,short,,,0.08426,0.0819545933598503,,,,118.7,,0.2736517681857636,3113.9711032421974,TP2,,
2026-09-24T09:41:07.555610+00:00,close,,NOTUSDT,ICT/SMC v2,long,,,0.00046715,0.000461779577721,,,,21406.4,,-0.1149614074713335,3113.8561418347263,SL,,
2026-09-24T09:41:23.149370+00:00,open,,ONDOUSDT,Supertrend+ADX,short,,,0.426355,,0.4418050038094246,0.4031799942858629,0.3800049885717259,70.36,30.0,,,,,
2026-09-24T09:41:51.918377+00:00,open,,PIXELUSDT,Supertrend+ADX,short,,,0.005215,,0.0053277197934077,0.0050459203098883,0.0048768406197766,5752.6,30.0,,,,,
2026-09-24T09:42:37.915528+00:00,close,,RPLUSDT,ICT/SMC v2,short,,,1.944,1.88725888118609,,,,5.144,,0.2918763151787529,3114.148018149905,TP1,,
2026-09-24T09:43:49.966337+00:00,close,,TAOUSDT,ICT/SMC v2,short,,,295.355,281.52074727558323,,,,0.0338,,0.4675977420852873,3114.6156158919903,TP1,,
2026-09-24T09:44:42.013615+00:00,close,,ZECUSDT,ICT/SMC v2,short,,,1524.175,1460.6970404087854,,,,0.00656,,0.4164154149183676,3115.0320313069087,TP1,,
2026-09-24T09:49:04.808804+00:00,open,,APEUSDT,Supertrend+ADX,short,,,0.14655,,0.1510621619082878,0.1397817571375683,0.1330135142751366,204.7,30.0,,,,,
2026-09-24T09:49:33.627749+00:00,close,,AVAXUSDT,Supertrend+ADX,short,,,10.7775,10.028694967406311,,,,1.39,,1.0408389953052246,3116.072870302214,TP1,,
2026-09-24T09:50:07.919855+00:00,open,,BEAMXUSDT,ICT/SMC v2,long,,,0.00196,,0.0019263942311196,0.0020104086533204,0.0020608173066409,10204.0,20.0,,,,,
2026-09-24T09:50:35.572716+00:00,open,,BOMEUSDT,ICT/SMC v2,long,,,0.0010914499999999,,0.0010423222962725,0.0011651415555911,0.0012388331111823,18324.2,20.0,,,,,
2026-09-24T09:50:49.098402+00:00,close,,CATIUSDT,ICT/SMC v2,short,,,0.06291,0.0612178211958798,,,,158.9,,0.2688872119746926,3116.341757514189,TP1,,
2026-09-24T09:50:51.339281+00:00,open,,CATIUSDT,Supertrend+ADX,short,,,0.06117,,0.0626827308311432,0.0589009037532852,0.0566318075065703,490.4,30.0,,,,,
2026-09-24T09:52:00.694205+00:00,close,,EGLDUSDT,ICT/SMC v2,long,,,4.27,4.184621608819174,,,,2.341,,-0.1998708137543134,3116.1418867004345,SL,,
2026-09-24T09:53:06.602892+00:00,close,,GRTUSDT,Supertrend+ADX,long,,,0.02574,0.0248034116146777,,,,582.7,,-0.5457500521272883,3115.596136648307,SL,,
2026-09-24T09:53:06.937885+00:00,close,,GRTUSDT,Supertrend+ADX,long,,,0.02574,0.0248034116146777,,,,582.8,,-0.5458437109658205,3115.050292937341,SL,,
2026-09-24T09:53:08.270106+00:00,close,,GRTUSDT,ICT/SMC v2,short,,,0.02606,0.0246691418579943,,,,383.7,,0.5336722690875847,3115.5839652064287,TP1,,
2026-09-24T09:57:32.679089+00:00,close,,RAYUSDT,Supertrend+ADX,long,,,2.10565,1.970838359565274,,,,7.1,,-0.9571626470865524,3114.626802559342,SL,,
2026-09-24T09:57:50.790316+00:00,close,,RLCUSDT,ICT/SMC v2,short,,,0.3364,0.3250803585030011,,,,29.7265,,0.3364933229605371,3114.9632958823026,TP1,,
2026-09-24T09:59:57.489692+00:00,open,,VETUSDT,ICT/SMC v2,short,,,0.0088698,,0.0090337849374509,0.0086238225938235,0.0083778451876471,2254.8,20.0,,,,,
2026-09-24T10:08:37.000077+00:00,open,,HMSTRUSDT,ICT/SMC v2,short,,,0.00017065,,0.000172547053622,0.0001678044195669,0.0001649588391339,117198.9,20.0,,,,,
2026-09-24T10:09:16.617809+00:00,open,,JASMYUSDT,ICT/SMC v2,short,,,0.0043155,,0.0044042272157172,0.004182409176424,0.0040493183528481,4634.4,20.0,,,,,
2026-09-24T10:09:24.417547+00:00,open,,JTOUSDT,ICT/SMC v2,short,,,0.4519999999999999,,0.4593637772930707,0.4409543340603938,0.4299086681207877,44.2,20.0,,,,,
2026-09-24T10:12:35.492660+00:00,close,,PUMPUSDT,ICT/SMC v2,short,,,0.0040035,0.003823452869083,,,,2497.81,,0.4497235240756312,3115.413019406378,TP2,,
2026-09-24T10:12:47.893493+00:00,close,,RAYUSDT,ICT/SMC v2,long,,,2.02735,1.9555592553563572,,,,4.9,,-0.3517746487538495,3115.0612447576245,SL,,
2026-09-24T10:15:39.202676+00:00,open,,ZRXUSDT,ICT/SMC v2,short,,,0.1159999999999999,,0.1171729229646528,0.1142406155530207,0.1124812311060415,172.413,20.0,,,,,
2026-09-24T10:18:56.169841+00:00,open,,AEROUSDT,ICT/SMC v2,short,,,0.66605,,0.6754114028794247,0.652007895680863,0.637965791361726,30.02,20.0,,,,,
2026-09-24T10:19:26.055079+00:00,open,,API3USDT,ICT/SMC v2,short,,,0.26075,,0.2645501493969575,0.2550497759045638,0.2493495518091277,76.7018,20.0,,,,,
2026-09-24T10:19:55.167974+00:00,open,,ASTERUSDT,ICT/SMC v2,short,,,0.69745,,0.7057462186134777,0.6850056720797836,0.6725613441595671,28.6758,20.0,,,,,
2026-09-24T10:21:56.685497+00:00,close,,CHRUSDT,Supertrend+ADX,long,,,0.021088,0.021088,,,,711.31,,0.0,3115.0612447576245,SL,,
2026-09-24T10:28:05.171145+00:00,close,,ONDOUSDT,ICT/SMC v2,long,,,0.42906,0.4208259937318244,,,,23.3,,-0.1918523460484917,3114.869392411576,SL,,
2026-09-24T10:28:05.569322+00:00,close,,ONDOUSDT,ICT/SMC v2,long,,,0.42906,0.4208259937318244,,,,23.31,,-0.1919346861111734,3114.6774577254646,SL,,
2026-09-24T10:32:10.511168+00:00,open,,XRPUSDT,ICT/SMC v2,short,,,1.4531,,1.470696239970265,1.4267056400446023,1.400311280089205,13.7,20.0,,,,,
2026-09-24T10:49:07.106624+00:00,close,,AIUSDT,Supertrend+ADX,long,,,0.01965,0.01965,,,,763.4,,0.0,3114.6774577254646,SL,,
2026-09-24T10:50:57.306904+00:00,close,,BEAMXUSDT,Supertrend+ADX,long,,,0.0019225,0.0020247826131261,,,,7802.3,,0.7980396323942354,3115.475497357859,TP1,,
2026-09-24T10:51:01.545846+00:00,close,,BEAMXUSDT,ICT/SMC v2,long,,,0.00196,0.0020104086533204,,,,5102.0,,0.2571849492410835,3115.7326823070994,TP1,,
2026-09-24T10:51:02.230421+00:00,close,,BEAMXUSDT,ICT/SMC v2,long,,,0.00196,0.0020608173066409,,,,5102.0,,0.5143698984821692,3116.2470522055823,TP2,,
2026-09-24T10:52:16.152501+00:00,close,,CHRUSDT,ICT/SMC v2,long,,,0.0219784999999999,0.0210466457781754,,,,454.99,,-0.4239843523879304,3115.8230678531945,SL,,
2026-09-24T10:55:20.951620+00:00,close,,INITUSDT,ICT/SMC v2,long,,,0.0907999999999999,0.0928368955412838,,,,110.1321,,0.2243275834422284,3116.047395436636,TP1,,
2026-09-24T10:57:24.386266+00:00,close,,MINAUSDT,ICT/SMC v2,long,,,0.143455,0.1487668941138139,,,,69.7,,0.3702390197328298,3116.417634456369,TP1,,
2026-09-24T11:33:44.552165+00:00,close,,AEROUSDT,ICT/SMC v2,short,,,0.66605,0.6754114028794247,,,,15.01,,-0.1405146572201641,3116.2771197991487,SL,,
2026-09-24T11:34:46.545112+00:00,open,,AVAXUSDT,ICT/SMC v2,short,,,10.1665,,10.294527941040275,9.974458088439585,9.782416176879169,1.96,20.0,,,,,
2026-09-24T11:35:13.477147+00:00,close,,BEAMXUSDT,Supertrend+ADX,long,,,0.0019225,0.0021270652262523,,,,7802.3,,1.5960792647884672,3117.873199063937,TP2,,
2026-09-24T11:38:33.614196+00:00,close,,HMSTRUSDT,ICT/SMC v2,short,,,0.00017065,0.000172547053622,,,,58599.4,,-0.1111662040175883,3117.7620328599196,SL,,
2026-09-24T11:39:01.257350+00:00,open,,INJUSDT,ICT/SMC v2,short,,,7.8885,,8.079730777420687,7.601653833868971,7.314807667737941,2.5353,20.0,,,,,
2026-09-24T11:41:15.889264+00:00,open,,NMRUSDT,ICT/SMC v2,short,,,9.3745,,9.467697841260891,9.234703238108668,9.094906476217334,2.1334,20.0,,,,,
2026-09-24T11:42:05.769884+00:00,close,,PROMUSDT,ICT/SMC v2,long,,,5.216,5.451120488888524,,,,1.91,,0.4490801337770801,3118.211112993697,TP1,,
2026-09-24T11:42:49.720967+00:00,open,,RSRUSDT,ICT/SMC v2,short,,,0.001658,,0.0016821762926837,0.0016217355609743,0.0015854711219486,12062.72,20.0,,,,,
2026-09-24T11:42:55.193719+00:00,close,,RVNUSDT,ICT/SMC v2,long,,,0.002545,0.002545,,,,3929.3,,0.0,3118.211112993697,SL,,
2026-09-24T11:43:07.348290+00:00,open,,SAGAUSDT,ICT/SMC v2,short,,,0.0448,,0.0471433756527697,0.0412849365208453,0.0377698730416906,446.4,20.0,,,,,
2026-09-24T11:44:46.518017+00:00,close,,VETUSDT,ICT/SMC v2,short,,,0.0088698,0.0090337849374509,,,,1127.4,,-0.1848766184821903,3118.026236375215,SL,,
2026-09-24T11:44:51.921013+00:00,open,,VETUSDT,ICT/SMC v2,short,,,0.0090855,,0.0092518107445212,0.008836033883218,0.0085865677664361,2201.3,20.0,,,,,
2026-09-24T11:45:10.117106+00:00,close,,XRPUSDT,ICT/SMC v2,short,,,1.4531,1.470696239970265,,,,6.8,,-0.1196544317978015,3117.906581943417,SL,,
2026-09-24T11:45:25.766182+00:00,close,,ZRXUSDT,ICT/SMC v2,short,,,0.1159999999999999,0.1171729229646528,,,,86.206,,-0.10111299709086,3117.8054689463265,SL,,
2026-09-24T11:45:27.090272+00:00,close,,ZRXUSDT,ICT/SMC v2,short,,,0.1159999999999999,0.1171729229646528,,,,86.207,,-0.1011141700138246,3117.704354776313,SL,,
2026-09-24T11:50:26.852882+00:00,close,,BICOUSDT,ICT/SMC v2,long,,,0.0215,0.0210661747304423,,,,465.11627,,-0.2017791912083854,3117.5025755851043,SL,,
2026-09-24T11:58:33.961503+00:00,open,,NEWTUSDT,ICT/SMC v2,short,,,0.04889,,0.049364154680189,0.0481787679797163,0.0474675359594327,409.081,20.0,,,,,
2026-09-24T11:59:28.778644+00:00,close,,PROMUSDT,ICT/SMC v2,long,,,5.216,5.686240977777048,,,,1.92,,0.9028626773319308,3118.4054382624367,TP2,,
2026-09-24T11:59:31.278221+00:00,open,,PROMUSDT,Supertrend+ADX,long,,,5.5425,,5.212095466928965,6.0381067996065525,6.533713599213105,5.41,30.0,,,,,
2026-09-24T13:18:52.218226+00:00,close,,AAVEUSDT,ICT/SMC v2,short,,,139.164,139.164,,,,0.072,,-0.0,3118.4054382624367,SL,,
2026-09-24T13:19:34.561849+00:00,close,,ARBUSDT,ICT/SMC v2,short,,,0.21845,0.21845,,,,45.7771,,-0.0,3118.4054382624367,SL,,
2026-09-24T13:19:38.956866+00:00,close,,ARKUSDT,ICT/SMC v2,long,,,0.1677,0.17609014620427,,,,59.6,,0.5000527137744923,3118.905490976211,TP1,,
2026-09-24T13:19:42.132836+00:00,close,,ARKMUSDT,Supertrend+ADX,short,,,0.12115,0.1249099325818444,,,,123.8,,-0.4654796536323452,3118.4400113225784,SL,,
2026-09-24T13:20:01.568624+00:00,open,,AXLUSDT,ICT/SMC v2,short,,,0.0506,,0.0512412827211381,0.0496380759182927,0.0486761518365855,395.25,20.0,,,,,
2026-09-24T13:20:15.234002+00:00,close,,BBUSDT,Supertrend+ADX,long,,,0.0095,0.0100373877547096,,,,1578.9,,0.8484815259109885,3119.2884928484896,TP1,,
2026-09-24T13:20:17.226178+00:00,close,,BBUSDT,ICT/SMC v2,short,,,0.00955,0.0100479705342204,,,,1047.1,,-0.5214249463821891,3118.7670679021076,SL,,
2026-09-24T13:21:27.218189+00:00,close,,CRVUSDT,ICT/SMC v2,short,,,0.33,0.3357359555374636,,,,30.3,,-0.1737994527851467,3118.5932684493227,SL,,
2026-09-24T13:21:56.328187+00:00,open,,DYDXUSDT,ICT/SMC v2,short,,,0.131,,0.1331145513615564,0.1278281729576654,0.1246563459153308,152.67,20.0,,,,,
2026-09-24T13:22:11.712955+00:00,close,,ENAUSDT,ICT/SMC v2,short,,,0.2143999999999999,0.2143999999999999,,,,46.64,,-0.0,3118.5932684493223,SL,,
2026-09-24T13:22:14.782551+00:00,open,,ENAUSDT,ICT/SMC v2,short,,,0.21365,,0.2185957773454745,0.2062313339817882,0.1988126679635764,93.61,20.0,,,,,
2026-09-24T13:22:20.738090+00:00,close,,ERAUSDT,Supertrend+ADX,short,,,0.0655,0.0671999117778777,,,,229.0076,,-0.3892927164635159,3118.203975732859,SL,,
2026-09-24T13:22:31.549320+00:00,close,,FETUSDT,Supertrend+ADX,short,,,0.19495,0.2031377317899063,,,,76.942,,-0.6299804593789692,3117.57399527348,SL,,
2026-09-24T13:22:32.099410+00:00,close,,FETUSDT,Supertrend+ADX,short,,,0.19495,0.2031377317899063,,,,76.943,,-0.6299886471107591,3116.9440066263687,SL,,
2026-09-24T13:22:34.473975+00:00,close,,FETUSDT,ICT/SMC v2,short,,,0.1965,0.2028877977005819,,,,50.89,,-0.3250750249826142,3116.6189316013865,SL,,
2026-09-24T13:22:34.926656+00:00,close,,FETUSDT,ICT/SMC v2,short,,,0.1965,0.2028877977005819,,,,50.891,,-0.3250814127803148,3116.293850188606,SL,,
2026-09-24T13:22:37.291131+00:00,open,,FETUSDT,Supertrend+ADX,long,,,0.2057,,0.1960837951573536,0.2201243072639694,0.234548614527939,145.843,30.0,,,,,
2026-09-24T13:23:26.543090+00:00,open,,HMSTRUSDT,ICT/SMC v2,short,,,0.00017425,,0.0001762096089778,0.0001713105865331,0.0001683711730663,114777.6,20.0,,,,,
2026-09-24T13:23:29.557308+00:00,close,,ICPUSDT,ICT/SMC v2,long,,,2.95,3.031990956598962,,,,3.38,,0.2771294333044902,3116.5709796219107,TP1,,
2026-09-24T13:23:41.871609+00:00,close,,INITUSDT,Supertrend+ADX,long,,,0.08925,0.0945579022267728,,,,168.0672,,0.8920842651274716,3117.463063887038,TP2,,
2026-09-24T13:23:43.771852+00:00,close,,INITUSDT,ICT/SMC v2,long,,,0.0907999999999999,0.0948737910825677,,,,110.1322,,0.4486555742635635,3117.911719461302,TP2,,
2026-09-24T13:23:49.235207+00:00,close,,INJUSDT,ICT/SMC v2,short,,,7.8885,8.079730777420687,,,,1.2676,,-0.2424041334584628,3117.669315327844,SL,,
2026-09-24T13:24:04.058018+00:00,close,,JTOUSDT,ICT/SMC v2,short,,,0.4519999999999999,0.4593637772930707,,,,22.1,,-0.1627394781768636,3117.5065758496667,SL,,
2026-09-24T13:24:20.417315+00:00,close,,LAYERUSDT,ICT/SMC v2,short,,,0.0746,0.0752476262172094,,,,134.0482,,-0.0868131286897404,3117.419762720977,SL,,
2026-09-24T13:24:25.634595+00:00,close,,LDOUSDT,Supertrend+ADX,short,,,0.3869,0.4003274493176913,,,,38.7697,,-0.5205781818120964,3116.8991845391647,SL,,
2026-09-24T13:24:42.726245+00:00,close,,LTCUSDT,ICT/SMC v2,long,,,67.8785,66.01852646998171,,,,0.14732,,-0.2740113004422951,3116.625173238722,SL,,
2026-09-24T13:24:47.402764+00:00,close,,LUNAUSDT,Supertrend+ADX,short,,,0.0510899999999999,0.0524798612959709,,,,293.59,,-0.4080493778841106,3116.217123860838,SL,,
2026-09-24T13:24:47.871148+00:00,close,,LUNAUSDT,Supertrend+ADX,short,,,0.0510899999999999,0.0524798612959709,,,,293.6,,-0.4080632764970704,3115.809060584341,SL,,
2026-09-24T13:25:09.216965+00:00,close,,MEMEUSDT,Supertrend+ADX,short,,,0.000598,0.0006115069752355,,,,25083.6,,-0.3388035640182629,3115.470257020323,SL,,
2026-09-24T13:25:41.337048+00:00,close,,MOVRUSDT,Supertrend+ADX,short,,,0.87,0.8872065087453067,,,,17.241,,-0.296657417277833,3115.173599603045,SL,,
2026-09-24T13:25:54.269833+00:00,close,,NEWTUSDT,ICT/SMC v2,short,,,0.04889,0.049364154680189,,,,204.54,,-0.096983598285875,3115.0766160047588,SL,,
2026-09-24T13:25:54.805876+00:00,close,,NEWTUSDT,ICT/SMC v2,short,,,0.04889,0.049364154680189,,,,204.541,,-0.0969840724405552,3114.979631932318,SL,,
2026-09-24T13:26:00.011792+00:00,close,,NMRUSDT,Supertrend+ADX,short,,,9.2805,9.416326767198562,,,,1.6162,,-0.2195232211463163,3114.760108711172,SL,,
2026-09-24T13:26:02.575794+00:00,close,,NMRUSDT,ICT/SMC v2,short,,,9.3745,9.467697841260891,,,,1.0667,,-0.0994141372729916,3114.660694573899,SL,,
2026-09-24T13:26:05.754623+00:00,open,,NMRUSDT,Supertrend+ADX,long,,,9.597,,9.25197053624498,10.114544195632527,10.63208839126506,3.1259,30.0,,,,,
2026-09-24T13:26:13.230854+00:00,open,,OGNUSDT,ICT/SMC v2,short,,,0.019265,,0.0193952066659574,0.0190696900010638,0.0188743800021277,1038.152,20.0,,,,,
2026-09-24T13:26:17.003687+00:00,close,,ONDOUSDT,Supertrend+ADX,short,,,0.426355,0.4418050038094246,,,,35.18,,-0.5435311340155584,3114.1171634398834,SL,,
2026-09-24T13:26:31.583547+00:00,close,,PENDLEUSDT,ICT/SMC v2,short,,,2.4210000000000003,2.4210000000000003,,,,4.1,,-0.0,3114.117163439883,SL,,
2026-09-24T13:26:51.358490+00:00,close,,POLYXUSDT,Supertrend+ADX,short,,,0.0421,0.0430078195659459,,,,356.2,,-0.3233653293899463,3113.7937981104933,SL,,
2026-09-24T13:26:51.936604+00:00,close,,POLYXUSDT,Supertrend+ADX,short,,,0.0421,0.0430078195659459,,,,356.3,,-0.3234561113465409,3113.470341999147,SL,,
2026-09-24T13:27:11.902740+00:00,open,,RAYUSDT,Supertrend+ADX,long,,,2.0418,,1.9199597782705968,2.224560332594105,2.407320665188209,14.6,30.0,,,,,
2026-09-24T13:27:32.921150+00:00,close,,RSRUSDT,ICT/SMC v2,short,,,0.001658,0.0016821762926837,,,,6031.36,,-0.145815924641321,3113.324526074506,SL,,
2026-09-24T13:28:02.461780+00:00,close,,SKLUSDT,Supertrend+ADX,short,,,0.004295,0.0043844064303245,,,,3492.433,,-0.3122459676777427,3113.012280106828,SL,,
2026-09-24T13:29:12.108353+00:00,close,,VETUSDT,Supertrend+ADX,short,,,0.0088876999999999,0.0091529880035206,,,,1687.7,,-0.4477265635418415,3112.564553543286,SL,,
2026-09-24T13:29:19.323054+00:00,close,,WUSDT,Supertrend+ADX,short,,,0.0112,0.011507056455224,,,,1339.2,,-0.4112100048360191,3112.15334353845,SL,,
2026-09-24T13:29:19.779780+00:00,close,,WUSDT,Supertrend+ADX,short,,,0.0112,0.011507056455224,,,,1339.3,,-0.4112407104815415,3111.742102827968,SL,,
2026-09-24T13:29:37.956247+00:00,open,,ZKUSDT,ICT/SMC v2,short,,,0.011605,,0.0117662065476631,0.0113631901785052,0.0111213803570104,1723.3,20.0,,,,,
2026-09-24T13:29:42.356214+00:00,close,,ZRXUSDT,Supertrend+ADX,short,,,0.1164,0.1184910711229652,,,,128.865,,-0.2694658802609204,3111.472636947707,SL,,
2026-09-24T13:33:37.385624+00:00,close,,AAVEUSDT,Supertrend+ADX,short,,,136.28699999999998,140.20876018614663,,,,0.11,,-0.4313936204761321,3111.0412433272304,SL,,
2026-09-24T13:34:12.590424+00:00,close,,API3USDT,ICT/SMC v2,short,,,0.26075,0.2645501493969575,,,,38.3509,,-0.1457391495077751,3110.8955041777226,SL,,
2026-09-24T13:34:16.643279+00:00,close,,APTUSDT,ICT/SMC v2,short,,,0.7605999999999999,0.7818826906631764,,,,13.1475,,-0.2798141754941124,3110.6156900022283,SL,,
2026-09-24T13:34:29.136303+00:00,close,,ARKMUSDT,ICT/SMC v2,short,,,0.12365,0.1275194734766302,,,,80.8,,-0.3126534569117195,3110.3030365453164,SL,,
2026-09-24T13:35:22.875393+00:00,close,,BIGTIMEUSDT,Supertrend+ADX,short,,,0.00802,0.0081923051007444,,,,1870.32,,-0.3222656760243279,3109.9807708692915,SL,,
2026-09-24T13:35:28.425857+00:00,close,,BLURUSDT,Supertrend+ADX,short,,,0.0194,0.0196667577044696,,,,773.1958,,-0.2062559367135843,3109.774514932578,SL,,
2026-09-24T13:35:31.059438+00:00,close,,BLURUSDT,ICT/SMC v2,short,,,0.01975,0.01975,,,,506.3291,,-0.0,3109.774514932578,SL,,
2026-09-24T13:36:59.531181+00:00,close,,CHZUSDT,Supertrend+ADX,short,,,0.01557,0.0160280563239281,,,,963.3,,-0.4412456568399802,3109.333269275738,SL,,
2026-09-24T13:36:59.930320+00:00,close,,CHZUSDT,Supertrend+ADX,short,,,0.01557,0.0160280563239281,,,,963.4,,-0.441291462472373,3108.891977813266,SL,,
2026-09-24T13:37:05.945959+00:00,close,,COMPUSDT,ICT/SMC v2,long,,,23.02,23.70781719169697,,,,0.4344,,0.2987877880731662,3109.1907656013395,TP1,,
2026-09-24T13:37:15.967278+00:00,close,,CYBERUSDT,ICT/SMC v2,short,,,0.3325,0.336322579089042,,,,30.075,,-0.1149640661029394,3109.075801535236,SL,,
2026-09-24T13:37:22.260950+00:00,close,,DIAUSDT,Supertrend+ADX,short,,,0.1422,0.1449109158443671,,,,105.4,,-0.2857305299962995,3108.79007100524,SL,,
2026-09-24T13:37:22.603544+00:00,close,,DIAUSDT,Supertrend+ADX,short,,,0.1422,0.1449109158443671,,,,105.5,,-0.2860016215807361,3108.504069383659,SL,,
2026-09-24T13:37:33.319455+00:00,close,,DOTUSDT,Supertrend+ADX,short,,,1.10585,1.1380844205117404,,,,13.56,,-0.4370987421392,3108.0669706415197,SL,,
2026-09-24T13:37:56.050692+00:00,close,,ENAUSDT,Supertrend+ADX,short,,,0.20845,0.2174752442803406,,,,71.95,,-0.6493663259705101,3107.4176043155485,SL,,
2026-09-24T13:37:56.452770+00:00,close,,ENAUSDT,Supertrend+ADX,short,,,0.20845,0.2174752442803406,,,,71.96,,-0.6494565784133135,3106.768147737135,SL,,
2026-09-24T13:38:44.053436+00:00,close,,GMXUSDT,ICT/SMC v2,short,,,7.9251,8.008300726933678,,,,1.2618,,-0.1049826772449152,3106.66316505989,SL,,
2026-09-24T13:38:51.555258+00:00,open,,GRAMUSDT,ICT/SMC v2,short,,,1.4085,,1.422288034551653,1.38781794817252,1.3671358963450402,14.1995,20.0,,,,,
2026-09-24T13:38:56.448166+00:00,open,,GRTUSDT,Supertrend+ADX,long,,,0.025695,,0.0247130234281307,0.0271679648578038,0.0286409297156076,1167.5,30.0,,,,,
2026-09-24T13:39:00.992382+00:00,close,,HBARUSDT,Supertrend+ADX,short,,,0.089145,0.091658223560175,,,,168.2,,-0.4227242028214394,3106.2404408570687,SL,,
2026-09-24T13:39:01.356335+00:00,close,,HBARUSDT,Supertrend+ADX,short,,,0.089145,0.091658223560175,,,,168.3,,-0.4229755251774569,3105.817465331891,SL,,
2026-09-24T13:39:11.654450+00:00,close,,HMSTRUSDT,Supertrend+ADX,short,,,0.00017185,0.0001743938905708,,,,87285.4,,-0.2220445060299612,3105.5954208258613,SL,,
2026-09-24T13:39:18.924529+00:00,close,,IDUSDT,Supertrend+ADX,short,,,0.03605,0.0366757635822063,,,,416.08,,-0.2603677112844082,3105.3350531145775,SL,,
2026-09-24T13:39:19.261944+00:00,close,,IDUSDT,Supertrend+ADX,short,,,0.03605,0.0366757635822063,,,,416.09,,-0.2603739689202302,3105.0746791456572,SL,,
2026-09-24T13:39:34.681327+00:00,close,,IOUSDT,Supertrend+ADX,short,,,0.14795,0.1519792706483881,,,,101.38,,-0.4084874583335906,3104.6661916873236,SL,,
2026-09-24T13:39:35.121962+00:00,close,,IOUSDT,Supertrend+ADX,short,,,0.14795,0.1519792706483881,,,,101.39,,-0.4085277510400745,3104.2576639362837,SL,,
2026-09-24T13:39:39.137021+00:00,close,,IOTAUSDT,Supertrend+ADX,short,,,0.046,0.0472633970757653,,,,326.08,,-0.4119685184655749,3103.8456954178178,SL,,
2026-09-24T13:39:39.480688+00:00,close,,IOTAUSDT,Supertrend+ADX,short,,,0.046,0.0472633970757653,,,,326.09,,-0.4119811524363326,3103.4337142653817,SL,,
2026-09-24T13:39:42.921192+00:00,close,,JASMYUSDT,ICT/SMC v2,short,,,0.0043155,0.0044042272157172,,,,2317.2,,-0.2055987042601139,3103.2281155611217,SL,,
2026-09-24T13:39:48.811584+00:00,close,,JTOUSDT,Supertrend+ADX,short,,,0.4535,0.4689897740989968,,,,33.0,,-0.5111625452668933,3102.716953015855,SL,,
2026-09-24T13:39:58.741057+00:00,close,,KNCUSDT,Supertrend+ADX,short,,,0.1403,0.1425761216362029,,,,106.9137,,-0.2433485857765047,3102.4736044300785,SL,,
2026-09-24T13:40:28.519341+00:00,open,,LUNAUSDT,Supertrend+ADX,long,,,0.0528,,0.0505864137745886,0.056120379338117,0.0594407586762341,568.18,30.0,,,,,
2026-09-24T13:40:30.899387+00:00,close,,LUNCUSDT,Supertrend+ADX,short,,,5.3025e-05,5.40506866652156e-05,,,,282885.4,,-0.2901517825641806,3102.183452647514,SL,,
2026-09-24T13:40:34.823191+00:00,open,,LUNCUSDT,Supertrend+ADX,long,,,5.4034999999999993e-05,,5.244718629072053e-05,5.6416720563919184e-05,5.879844112783839e-05,555195.7,30.0,,,,,
2026-09-24T13:40:41.534416+00:00,close,,MANAUSDT,Supertrend+ADX,short,,,0.0830849999999999,0.084387772787242,,,,180.5,,-0.2351504880971963,3101.948302159417,SL,,
2026-09-24T13:41:46.270858+00:00,close,,OGNUSDT,Supertrend+ADX,short,,,0.019035,0.0192744642483091,,,,788.022,,-0.1887030958810697,3101.759599063536,SL,,
2026-09-24T13:41:56.658833+00:00,close,,OPUSDT,Supertrend+ADX,short,,,0.1232,0.1276041249923407,,,,121.75,,-0.5362022178174859,3101.2233968457185,SL,,
2026-09-24T13:45:04.079098+00:00,open,,XRPUSDT,ICT/SMC v2,short,,,1.49992,,1.516534263803658,1.474998604294513,1.450077208589026,13.3,20.0,,,,,
2026-09-24T13:48:57.390599+00:00,close,,ALGOUSDT,ICT/SMC v2,short,,,0.10585,0.1082833313387532,,,,94.4,,-0.2297064783783036,3100.99369036734,SL,,
2026-09-24T13:48:57.876554+00:00,close,,ALGOUSDT,ICT/SMC v2,short,,,0.10585,0.1082833313387532,,,,94.5,,-0.229949811512179,3100.763740555828,SL,,
2026-09-24T13:49:32.957340+00:00,close,,ASTERUSDT,ICT/SMC v2,short,,,0.69745,0.7057462186134777,,,,14.3379,,-0.1189503528581824,3100.64479020297,SL,,
2026-09-24T13:50:37.053377+00:00,open,,CAKEUSDT,ICT/SMC v2,long,,,2.6565,,2.6190347098706006,2.7126979351940985,2.768895870388197,7.528,20.0,,,,,
2026-09-24T13:50:57.863115+00:00,open,,CKBUSDT,Supertrend+ADX,long,,,0.001339,,0.0013015875521373,0.0013951186717939,0.0014512373435879,22404.77,30.0,,,,,
2026-09-24T13:51:44.888819+00:00,close,,ENAUSDT,ICT/SMC v2,short,,,0.21365,0.2185957773454745,,,,46.8,,-0.2314623797682076,3100.413327823202,SL,,
2026-09-24T13:51:45.382315+00:00,close,,ENAUSDT,ICT/SMC v2,short,,,0.21365,0.2185957773454745,,,,46.81,,-0.2315118375416624,3100.18181598566,SL,,
2026-09-24T13:53:17.097567+00:00,open,,IOTAUSDT,ICT/SMC v2,short,,,0.0469,,0.0475771236395531,0.0458843145406703,0.0448686290813406,426.43,20.0,,,,,
2026-09-24T13:54:26.704692+00:00,close,,METISUSDT,Supertrend+ADX,short,,,3.34,3.412187952763022,,,,4.491,,-0.3241960958587329,3099.857619889801,SL,,
2026-09-24T13:54:56.933794+00:00,open,,NEOUSDT,ICT/SMC v2,short,,,2.5816,,2.6128700067468795,2.5346949898796804,2.487789979759361,7.747,20.0,,,,,
2026-09-24T13:55:37.429150+00:00,close,,PIXELUSDT,Supertrend+ADX,short,,,0.005215,0.0053277197934077,,,,2876.3,,-0.3242159417788359,3099.533403948022,SL,,
2026-09-24T13:55:51.695807+00:00,open,,PROMUSDT,ICT/SMC v2,long,,,5.2725,,5.037437446205151,5.625093830692274,5.977687661384546,3.79,20.0,,,,,
2026-09-24T13:57:24.722437+00:00,close,,STRKUSDT,Supertrend+ADX,short,,,0.0383,0.0393834596957104,,,,391.64,,-0.4243261552280377,3099.1090777927943,SL,,
2026-09-24T13:57:32.222940+00:00,close,,SUIUSDT,ICT/SMC v2,short,,,0.96525,0.988637331904716,,,,10.36,,-0.2422927585328587,3098.8667850342617,SL,,
2026-09-24T13:57:42.574865+00:00,open,,SUPERUSDT,Supertrend+ADX,long,,,0.1748,,0.168953245711646,0.183570131432531,0.192340262865062,171.6,30.0,,,,,
2026-09-24T13:58:31.293572+00:00,open,,UNIUSDT,ICT/SMC v2,short,,,9.18655,,9.359795360630974,8.926681959053541,8.66681391810708,2.17,20.0,,,,,
2026-09-24T14:05:00.152369+00:00,close,,BBUSDT,Supertrend+ADX,long,,,0.0095,0.0105747755094192,,,,1578.9,,1.696963051821977,3100.5637480860833,TP2,,
2026-09-24T14:05:21.149220+00:00,close,,BNBUSDT,Supertrend+ADX,short,,,767.5505,777.779723668201,,,,0.019,,-0.1943552496958174,3100.3693928363873,SL,,
2026-09-24T14:05:21.700663+00:00,close,,BNBUSDT,Supertrend+ADX,short,,,767.5505,777.779723668201,,,,0.02,,-0.2045844733640183,3100.1648083630234,SL,,
2026-09-24T14:05:48.551838+00:00,close,,CELOUSDT,ICT/SMC v2,short,,,0.09115,0.09115,,,,109.71,,-0.0,3100.1648083630234,SL,,
2026-09-24T14:06:03.469114+00:00,close,,CHZUSDT,ICT/SMC v2,short,,,0.016125,0.016125,,,,620.1,,-0.0,3100.1648083630234,SL,,
2026-09-24T14:06:20.428021+00:00,open,,CTSIUSDT,Supertrend+ADX,long,,,0.02955,,0.0283359967835773,0.031371004824634,0.033192009649268,1015.2284,30.0,,,,,
2026-09-24T14:06:40.316493+00:00,close,,DUSKUSDT,ICT/SMC v2,short,,,0.086215,0.086215,,,,116.0,,-0.0,3100.1648083630234,SL,,
2026-09-24T14:07:14.521520+00:00,open,,ETHFIUSDT,ICT/SMC v2,long,,,0.6693,,0.6590736347488335,0.6846395478767497,0.6999790957534994,29.8,20.0,,,,,
2026-09-24T14:07:56.234046+00:00,close,,HBARUSDT,ICT/SMC v2,short,,,0.0904649999999999,0.0926875033791508,,,,110.5,,-0.2455866233961705,3099.919221739627,SL,,
2026-09-24T14:08:10.461969+00:00,close,,ICPUSDT,ICT/SMC v2,long,,,2.95,3.113981913197923,,,,3.38,,0.5542588666089789,3100.473480606236,TP2,,
2026-09-24T14:08:20.025328+00:00,close,,IMXUSDT,Supertrend+ADX,short,,,0.1452999999999999,0.1501827780785589,,,,103.2346,,-0.5040716418288066,3099.969408964407,SL,,
2026-09-24T14:08:20.431839+00:00,close,,IMXUSDT,Supertrend+ADX,short,,,0.1452999999999999,0.1501827780785589,,,,103.2347,,-0.5040721301066144,3099.4653368343006,SL,,
2026-09-24T14:09:02.391158+00:00,close,,LPTUSDT,Supertrend+ADX,short,,,1.60325,1.6517673240907305,,,,9.3559,,-0.4539232324604645,3099.0114136018406,SL,,
2026-09-24T14:09:02.805371+00:00,close,,LPTUSDT,Supertrend+ADX,short,,,1.60325,1.6517673240907305,,,,9.356,,-0.4539280841928735,3098.5574855176474,SL,,
2026-09-24T14:09:08.217489+00:00,close,,LQTYUSDT,Supertrend+ADX,short,,,0.22885,0.2326138660138724,,,,65.545,,-0.2467025978792688,3098.310782919768,SL,,
2026-09-24T14:09:12.417557+00:00,close,,LTCUSDT,Supertrend+ADX,long,,,63.8525,70.74519832819573,,,,0.23492,,1.6192326912597403,3099.930015611028,TP2,,
2026-09-24T14:09:21.663415+00:00,close,,LUNCUSDT,ICT/SMC v2,short,,,5.3255e-05,5.439435299153785e-05,,,,187775.7,,-0.2139428055331143,3099.7160728054946,SL,,
2026-09-24T14:09:22.168010+00:00,close,,LUNCUSDT,ICT/SMC v2,short,,,5.3255e-05,5.439435299153785e-05,,,,187775.8,,-0.2139429194684134,3099.502129886026,SL,,
2026-09-24T14:09:59.986663+00:00,close,,MOVRUSDT,ICT/SMC v2,short,,,0.872,0.8964965052631474,,,,11.467,,-0.2809014258525112,3099.2212284601733,SL,,
2026-09-24T14:10:06.098157+00:00,close,,MTLUSDT,Supertrend+ADX,long,,,0.31605,0.3276282654978584,,,,47.4608,,0.5495137431407578,3099.7707422033145,TP1,,
2026-09-24T14:10:29.961460+00:00,close,,OGNUSDT,ICT/SMC v2,short,,,0.019265,0.0193952066659574,,,,519.076,,-0.0675871553385093,3099.703155047976,SL,,
2026-09-24T14:10:49.942310+00:00,close,,PEOPLEUSDT,ICT/SMC v2,short,,,0.008915,0.0090985368607437,,,,1121.704,,-0.2058740308437252,3099.497281017132,SL,,
2026-09-24T14:10:50.348818+00:00,close,,PEOPLEUSDT,ICT/SMC v2,short,,,0.008915,0.0090985368607437,,,,1121.705,,-0.2058742143805859,3099.291406802752,SL,,
2026-09-24T14:11:18.894066+00:00,close,,PYTHUSDT,ICT/SMC v2,short,,,0.06396,0.0663325759979598,,,,156.34,,-0.3709285315210394,3098.920478271231,SL,,
2026-09-24T14:11:19.365281+00:00,close,,PYTHUSDT,ICT/SMC v2,short,,,0.06396,0.0663325759979598,,,,156.35,,-0.370952257281019,3098.5495260139496,SL,,
2026-09-24T14:11:23.399300+00:00,close,,RAREUSDT,ICT/SMC v2,short,,,0.01278,0.012913798109305,,,,782.4,,-0.104683640720308,3098.444842373229,SL,,
2026-09-24T14:11:23.785667+00:00,close,,RAREUSDT,ICT/SMC v2,short,,,0.01278,0.012913798109305,,,,782.5,,-0.1046970205312385,3098.340145352698,SL,,
2026-09-24T14:11:47.460694+00:00,close,,RPLUSDT,ICT/SMC v2,short,,,1.944,1.944,,,,5.144,,-0.0,3098.340145352698,SL,,
2026-09-24T14:12:07.735885+00:00,close,,SANDUSDT,Supertrend+ADX,short,,,0.040435,0.0414962792257296,,,,370.9,,-0.3936284648231163,3097.946516887875,SL,,
2026-09-24T14:12:08.104612+00:00,close,,SANDUSDT,Supertrend+ADX,short,,,0.040435,0.0414962792257296,,,,371.0,,-0.3937345927456893,3097.5527822951294,SL,,
2026-09-24T14:13:27.814232+00:00,close,,VETUSDT,ICT/SMC v2,short,,,0.0090855,0.0092518107445212,,,,1100.6,,-0.1830416054201063,3097.3697406897095,SL,,
2026-09-24T14:13:28.305949+00:00,close,,VETUSDT,ICT/SMC v2,short,,,0.0090855,0.0092518107445212,,,,1100.7,,-0.1830582364945585,3097.1866824532153,SL,,
2026-09-24T14:13:35.971036+00:00,open,,WUSDT,ICT/SMC v2,long,,,0.01155,,0.0114093652734392,0.011760952089841,0.0119719041796821,1731.6,20.0,,,,,
2026-09-24T14:13:42.041143+00:00,close,,WOOUSDT,Supertrend+ADX,short,,,0.01216,0.0124086172402779,,,,1233.552,,-0.3066822939793092,3096.8800001592354,SL,,
2026-09-24T14:13:42.570609+00:00,close,,WOOUSDT,Supertrend+ADX,short,,,0.01216,0.0124086172402779,,,,1233.553,,-0.3066825425965496,3096.5733176166386,SL,,
2026-09-24T14:18:43.998312+00:00,close,,1INCHUSDT,Supertrend+ADX,short,,,0.09784,0.0998380323771121,,,,153.31,,-0.3063183437350564,3096.266999272903,SL,,
2026-09-24T14:18:52.107032+00:00,close,,ADAUSDT,Supertrend+ADX,short,,,0.2361599999999999,0.2425273563973749,,,,63.5,,-0.4043271312333097,3095.86267214167,SL,,
2026-09-24T14:19:38.837640+00:00,close,,ATOMUSDT,ICT/SMC v2,short,,,1.7482000000000002,1.7482000000000002,,,,5.72,,-0.0,3095.8626721416695,SL,,
2026-09-24T14:19:43.616017+00:00,close,,AVAXUSDT,ICT/SMC v2,short,,,10.1665,10.294527941040275,,,,0.98,,-0.1254673822194707,3095.73720475945,SL,,
2026-09-24T14:19:47.897536+00:00,close,,AVNTUSDT,Supertrend+ADX,short,,,0.111035,0.1132704735590188,,,,135.092,,-0.3019945940349722,3095.435210165415,SL,,
2026-09-24T14:19:48.498708+00:00,close,,AVNTUSDT,Supertrend+ADX,short,,,0.111035,0.1132704735590188,,,,135.093,,-0.3019968295085312,3095.1332133359065,SL,,
2026-09-24T14:19:50.780278+00:00,close,,AVNTUSDT,ICT/SMC v2,short,,,0.111205,0.1136503414366542,,,,89.924,,-0.2198948833496962,3094.9133184525567,SL,,
2026-09-24T14:19:54.994528+00:00,close,,AXLUSDT,ICT/SMC v2,short,,,0.0506,0.0512412827211381,,,,197.62,,-0.1267302913513196,3094.7865881612056,SL,,
2026-09-24T14:19:55.489784+00:00,close,,AXLUSDT,ICT/SMC v2,short,,,0.0506,0.0512412827211381,,,,197.63,,-0.126736704178531,3094.659851457027,SL,,
2026-09-24T14:20:09.580182+00:00,close,,BANDUSDT,ICT/SMC v2,short,,,0.217,0.217,,,,46.08295,,-0.0,3094.659851457027,SL,,
2026-09-24T14:20:17.756886+00:00,close,,BERAUSDT,Supertrend+ADX,short,,,0.2166,0.2232891198666733,,,,69.252,,-0.46323492900686,3094.19661652802,SL,,
2026-09-24T14:20:18.250337+00:00,close,,BERAUSDT,Supertrend+ADX,short,,,0.2166,0.2232891198666733,,,,69.2521,,-0.4632355979188467,3093.7333809301017,SL,,
2026-09-24T14:20:27.333124+00:00,close,,BIGTIMEUSDT,ICT/SMC v2,short,,,0.00826,0.00826,,,,1210.65,,-0.0,3093.7333809301017,SL,,
2026-09-24T14:20:40.329706+00:00,close,,BTCUSDT,ICT/SMC v2,short,,,84330.08499999999,84330.08499999999,,,,0.000118,,-0.0,3093.7333809301017,SL,,
2026-09-24T14:20:55.179229+00:00,close,,CELOUSDT,Supertrend+ADX,short,,,0.08975,0.0919888973858476,,,,167.13,,-0.3741869200967153,3093.3591940100046,SL,,
2026-09-24T14:21:04.088768+00:00,close,,CETUSUSDT,ICT/SMC v2,short,,,0.026475,0.0269925561971219,,,,377.714,,-0.1954882214397279,3093.1637057885655,SL,,
2026-09-24T14:21:04.615221+00:00,close,,CETUSUSDT,ICT/SMC v2,short,,,0.026475,0.0269925561971219,,,,377.715,,-0.195488738995925,3092.968217049569,SL,,
2026-09-24T14:21:08.295200+00:00,close,,CFXUSDT,ICT/SMC v2,short,,,0.052085,0.0533329063467758,,,,191.99,,-0.2395855395175023,3092.7286315100514,SL,,
2026-09-24T14:21:21.432768+00:00,close,,CRVUSDT,Supertrend+ADX,short,,,0.33,0.3411430866111745,,,,45.4,,-0.5058961321473209,3092.222735377904,SL,,
2026-09-24T14:21:21.914662+00:00,close,,CRVUSDT,Supertrend+ADX,short,,,0.33,0.3411430866111745,,,,45.5,,-0.5070104408084384,3091.7157249370957,SL,,
2026-09-24T14:21:25.478741+00:00,open,,CRVUSDT,ICT/SMC v2,short,,,0.34345,,0.3490200000565386,0.3350949999151921,0.3267399998303842,58.2,20.0,,,,,
2026-09-24T14:21:30.386256+00:00,close,,CYBERUSDT,Supertrend+ADX,short,,,0.3325,0.3403303378631634,,,,45.112,,-0.353242201683027,3091.362482735413,SL,,
2026-09-24T14:21:37.516283+00:00,close,,DOGEUSDT,Supertrend+ADX,short,,,0.0924951,0.0947833374996154,,,,162.1,,-0.3709232986876636,3090.9915594367258,SL,,
2026-09-24T14:21:38.012299+00:00,close,,DOGEUSDT,Supertrend+ADX,short,,,0.0924951,0.0947833374996154,,,,162.2,,-0.3711521224376251,3090.6204073142876,SL,,
2026-09-24T14:21:51.948218+00:00,close,,DYDXUSDT,ICT/SMC v2,short,,,0.131,0.1331145513615564,,,,76.33,,-0.1614037054275991,3090.45900360886,SL,,
2026-09-24T14:22:33.458019+00:00,close,,FLOKIUSDT,Supertrend+ADX,short,,,2.722065e-05,2.8063942876175986e-05,,,,551052.2,,-0.4646983946611034,3089.994305214199,SL,,
2026-09-24T14:22:48.149595+00:00,close,,GMTUSDT,Supertrend+ADX,short,,,0.008285,0.0084432796269552,,,,1810.5,,-0.2865652646024561,3089.7077399495965,SL,,
2026-09-24T14:23:01.366092+00:00,close,,GTCUSDT,Supertrend+ADX,short,,,0.0839999999999999,0.0851901056349726,,,,178.5714,,-0.2125188293849633,3089.495221120212,SL,,
2026-09-24T14:23:03.877333+00:00,close,,GTCUSDT,ICT/SMC v2,short,,,0.0839999999999999,0.0853964703416671,,,,119.0476,,-0.1662464426466525,3089.328974677566,SL,,
2026-09-24T14:23:14.619890+00:00,close,,HMSTRUSDT,ICT/SMC v2,short,,,0.00017425,0.0001762096089778,,,,57388.8,,-0.1124596077099622,3089.2165150698556,SL,,
2026-09-24T14:23:21.294945+00:00,close,,IDUSDT,ICT/SMC v2,short,,,0.03645,0.037169225983176,,,,274.34,,-0.1973124562245274,3089.019202613631,SL,,
2026-09-24T14:23:21.988741+00:00,close,,IDUSDT,ICT/SMC v2,short,,,0.03645,0.037169225983176,,,,274.35,,-0.1973196484843592,3088.8218829651464,SL,,
2026-09-24T14:23:45.504026+00:00,close,,JUPUSDT,Supertrend+ADX,short,,,0.29675,0.29675,,,,50.5,,-0.0,3088.8218829651464,SL,,
2026-09-24T14:23:48.276804+00:00,close,,JUPUSDT,ICT/SMC v2,short,,,0.2878,0.297550213051869,,,,34.7,,-0.3383323928998549,3088.483550572247,SL,,
2026-09-24T14:24:07.837111+00:00,close,,LINKUSDT,ICT/SMC v2,short,,,12.33235,12.581331667627977,,,,0.81,,-0.201675150778661,3088.2818754214686,SL,,
2026-09-24T14:24:35.020966+00:00,close,,MANTAUSDT,ICT/SMC v2,short,,,0.068395,0.0698808683451141,,,,146.2,,-0.2172339520556923,3088.0646414694133,SL,,
2026-09-24T14:25:10.169824+00:00,close,,NEOUSDT,Supertrend+ADX,short,,,2.5103,2.658150469685665,,,,5.975,,-0.8834065563718514,3087.1812349130414,SL,,
2026-09-24T14:25:15.915541+00:00,close,,NEOUSDT,ICT/SMC v2,short,,,2.5816,2.6128700067468795,,,,3.873,,-0.1211087361306648,3087.06012617691,SL,,
2026-09-24T14:25:20.017648+00:00,close,,NEWTUSDT,Supertrend+ADX,short,,,0.048775,0.0496744541127218,,,,307.534,,-0.2766127211017897,3086.7835134558086,SL,,
2026-09-24T14:25:38.825532+00:00,close,,OPUSDT,ICT/SMC v2,short,,,0.12535,0.1295948874226473,,,,79.77,,-0.3386146697045758,3086.444898786105,SL,,
2026-09-24T14:25:39.321845+00:00,close,,OPUSDT,ICT/SMC v2,short,,,0.12535,0.1295948874226473,,,,79.78,,-0.3386571185788023,3086.106241667526,SL,,
2026-09-24T14:26:06.306035+00:00,open,,POLYXUSDT,ICT/SMC v2,long,,,0.0436499999999999,,0.0430168003553732,0.0445997994669401,0.0455495989338802,458.1,20.0,,,,,
2026-09-24T14:26:37.209937+00:00,close,,RLCUSDT,ICT/SMC v2,short,,,0.3364,0.3364,,,,29.7265,,-0.0,3086.106241667526,SL,,
2026-09-24T14:26:45.191201+00:00,close,,ROSEUSDT,ICT/SMC v2,short,,,0.00771,0.0079379394067307,,,,1297.0,,-0.2956374105297238,3085.810604256996,SL,,
2026-09-24T14:27:08.037694+00:00,close,,SANDUSDT,ICT/SMC v2,short,,,0.0421249999999999,0.0421249999999999,,,,237.3,,-0.0,3085.810604256996,SL,,
2026-09-24T14:27:18.074752+00:00,close,,SHIBUSDT,Supertrend+ADX,short,,,5.6e-06,5.757302881264508e-06,,,,2678571.4,,-0.4213469988927069,3085.3892572581035,SL,,
2026-09-24T14:27:39.630308+00:00,close,,STRKUSDT,ICT/SMC v2,short,,,0.0390999999999999,0.0402825653287787,,,,255.75,,-0.3024410828351531,3085.0868161752683,SL,,
2026-09-24T14:27:45.667625+00:00,close,,SUIUSDT,Supertrend+ADX,short,,,1.01005,1.01005,,,,14.8507,,-0.0,3085.086816175268,SL,,
2026-09-24T14:27:59.319332+00:00,close,,SUSHIUSDT,ICT/SMC v2,short,,,0.24925,0.2562208478629156,,,,40.12,,-0.2796704162601739,3084.8071457590077,SL,,
2026-09-24T14:28:09.655453+00:00,close,,TAOUSDT,Supertrend+ADX,short,,,281.955,292.4144183923556,,,,0.0531,,-0.5553951166340817,3084.251750642374,SL,,
2026-09-24T14:28:10.149744+00:00,close,,TAOUSDT,Supertrend+ADX,short,,,281.955,292.4144183923556,,,,0.0532,,-0.5564410584733173,3083.695309583901,SL,,
2026-09-24T14:28:31.650899+00:00,close,,TURBOUSDT,Supertrend+ADX,short,,,0.00102305,0.001054226677492,,,,14662.0,,-0.4571124453885298,3083.238197138512,SL,,
2026-09-24T14:28:53.335711+00:00,close,,XLMUSDT,ICT/SMC v2,short,,,0.2032495,0.2080310568876972,,,,49.2,,-0.2352525988747056,3083.0029445396367,SL,,
2026-09-24T14:28:57.718697+00:00,open,,XLMUSDT,ICT/SMC v2,short,,,0.2085505,,0.211124347135889,0.2046897292961665,0.2008289585923329,95.9,20.0,,,,,
2026-09-24T14:29:00.281862+00:00,close,,XRPUSDT,ICT/SMC v2,short,,,1.49992,1.516534263803658,,,,6.6,,-0.1096541411041423,3082.8932903985324,SL,,
2026-09-24T14:29:00.767213+00:00,close,,XRPUSDT,ICT/SMC v2,short,,,1.49992,1.516534263803658,,,,6.7,,-0.1113155674845081,3082.781974831048,SL,,
2026-09-24T14:29:06.787477+00:00,close,,ZECUSDT,ICT/SMC v2,short,,,1524.175,1524.175,,,,0.00656,,-0.0,3082.781974831048,SL,,
2026-09-24T14:29:11.313931+00:00,close,,ZKUSDT,ICT/SMC v2,short,,,0.011605,0.0117662065476631,,,,861.6,,-0.1388955614665892,3082.6430792695814,SL,,
2026-09-24T14:33:35.396487+00:00,close,,AEROUSDT,Supertrend+ADX,short,,,0.68365,0.7246610757274113,,,,21.94,,-0.8997830014594054,3081.743296268122,SL,,
2026-09-24T14:33:49.541977+00:00,open,,AIUSDT,ICT/SMC v2,long,,,0.01985,,0.0189205999775863,0.0212441000336205,0.022638200067241,1007.5,20.0,,,,,
2026-09-24T14:33:53.564000+00:00,close,,ALICEUSDT,Supertrend+ADX,short,,,0.14105,0.1446509736915863,,,,106.34,,-0.3829275423632926,3081.3603687257582,SL,,
2026-09-24T14:33:54.030155+00:00,close,,ALICEUSDT,Supertrend+ADX,short,,,0.14105,0.1446509736915863,,,,106.35,,-0.3829635521002084,3080.977405173658,SL,,
2026-09-24T14:34:04.839752+00:00,close,,APEUSDT,Supertrend+ADX,short,,,0.14655,0.1510621619082878,,,,102.35,,-0.4618197713132556,3080.5155854023446,SL,,
2026-09-24T14:34:08.764144+00:00,close,,APEUSDT,ICT/SMC v2,short,,,0.14775,0.1514238614259632,,,,67.68,,-0.2486469413091956,3080.2669384610354,SL,,
2026-09-24T14:34:12.982397+00:00,open,,APEUSDT,Supertrend+ADX,long,,,0.15225,,0.1464377537726535,0.1609683693410196,0.1696867386820393,197.04,30.0,,,,,
2026-09-24T14:34:22.470198+00:00,close,,ARUSDT,ICT/SMC v2,short,,,4.518000000000001,4.518000000000001,,,,2.21,,-0.0,3080.2669384610354,SL,,
2026-09-24T14:34:33.052903+00:00,open,,ARPAUSDT,Supertrend+ADX,long,,,0.01142,,0.0110718383443334,0.0119422424834998,0.0124644849669996,2626.97,30.0,,,,,
2026-09-24T14:34:35.950960+00:00,close,,ASTERUSDT,Supertrend+ADX,short,,,0.6982999999999999,0.7111872435360939,,,,21.4807,,-0.276827012225773,3079.99011144881,SL,,
2026-09-24T14:35:00.416413+00:00,open,,BCHUSDT,Supertrend+ADX,long,,,346.22,,328.916535926275,372.17519611058754,398.13039222117504,0.08665,30.0,,,,,
2026-09-24T14:35:30.810848+00:00,close,,CATIUSDT,Supertrend+ADX,short,,,0.06117,0.0626827308311432,,,,245.2,,-0.3709215997963125,3079.6191898490133,SL,,
2026-09-24T14:35:44.910258+00:00,open,,CHRUSDT,ICT/SMC v2,long,,,0.0212635,,0.0205865017859607,0.0222789973210589,0.0232944946421178,940.57,20.0,,,,,
2026-09-24T14:35:51.364002+00:00,close,,COMPUSDT,ICT/SMC v2,long,,,23.02,24.39563438339396,,,,0.4344,,0.5975755761463354,3080.21676542516,TP2,,
2026-09-24T14:36:15.137744+00:00,close,,DYMUSDT,ICT/SMC v2,long,,,0.01795,0.018863774847605,,,,557.1,,0.5090639676007973,3080.7258293927607,TP2,,
2026-09-24T14:36:17.638391+00:00,open,,DYMUSDT,Supertrend+ADX,long,,,0.019,,0.0180765486014287,0.0203851770978569,0.0217703541957138,1578.9,30.0,,,,,
2026-09-24T14:36:20.126697+00:00,close,,EDUUSDT,Supertrend+ADX,short,,,0.0490499999999999,0.0502721417666477,,,,305.81,,-0.3737431736585436,3080.352086219102,SL,,
2026-09-24T14:36:25.390766+00:00,close,,EGLDUSDT,Supertrend+ADX,short,,,4.215,4.387942628673377,,,,3.558,,-0.6153298728198764,3079.736756346282,SL,,
2026-09-24T14:36:25.912992+00:00,close,,EGLDUSDT,Supertrend+ADX,short,,,4.215,4.387942628673377,,,,3.559,,-0.6155028154485498,3079.1212535308337,SL,,
2026-09-24T14:36:29.740911+00:00,open,,EGLDUSDT,Supertrend+ADX,long,,,4.449,,4.24580310655091,4.753795340173634,5.058590680347269,6.743,30.0,,,,,
2026-09-24T14:36:58.767705+00:00,close,,FETUSDT,Supertrend+ADX,long,,,0.2057,0.2201243072639694,,,,72.921,,1.0518349099959188,3080.1730884408294,TP1,,
2026-09-24T14:37:04.380062+00:00,close,,FIDAUSDT,ICT/SMC v2,short,,,0.02087,0.0213548568363819,,,,479.156,,-0.2323220622934273,3079.940766378536,SL,,
2026-09-24T14:37:04.999221+00:00,close,,FIDAUSDT,ICT/SMC v2,short,,,0.02087,0.0213548568363819,,,,479.157,,-0.2323225471502636,3079.7084438313855,SL,,
2026-09-24T14:37:09.017076+00:00,close,,FILUSDT,Supertrend+ADX,short,,,0.96735,1.0095481429679185,,,,15.5,,-0.6540712160027379,3079.054372615383,SL,,
2026-09-24T14:37:09.575512+00:00,close,,FILUSDT,Supertrend+ADX,short,,,0.96735,1.0095481429679185,,,,15.51,,-0.6544931974324171,3078.3998794179506,SL,,
2026-09-24T14:37:31.680928+00:00,close,,GRAMUSDT,ICT/SMC v2,short,,,1.4085,1.422288034551653,,,,7.09975,,-0.0978915983081,3078.3019878196424,SL,,
2026-09-24T14:37:37.514357+00:00,close,,GRTUSDT,ICT/SMC v2,short,,,0.02606,0.02606,,,,383.7,,-0.0,3078.301987819642,SL,,
2026-09-24T14:37:49.585955+00:00,close,,ICPUSDT,Supertrend+ADX,long,,,2.9775,3.173649007166051,,,,5.03,,0.9866295060452366,3079.288617325687,TP1,,
2026-09-24T14:38:02.188118+00:00,open,,INITUSDT,ICT/SMC v2,long,,,0.0956,,0.0930838045613909,0.0993742931579135,0.1031485863158271,209.205,20.0,,,,,
2026-09-24T14:38:11.449034+00:00,close,,IOTAUSDT,ICT/SMC v2,short,,,0.0469,0.0475771236395531,,,,213.21,,-0.1443695311891178,3079.144247794498,SL,,
2026-09-24T14:38:12.043290+00:00,close,,IOTAUSDT,ICT/SMC v2,short,,,0.0469,0.0475771236395531,,,,213.22,,-0.1443763024255134,3078.9998714920725,SL,,
2026-09-24T14:38:55.785843+00:00,close,,MAGICUSDT,ICT/SMC v2,short,,,0.0495,0.0495,,,,202.0202,,-0.0,3078.9998714920725,SL,,
2026-09-24T14:39:33.602423+00:00,close,,NEARUSDT,ICT/SMC v2,short,,,4.33215,4.609394112201672,,,,2.3,,-0.6376614580638446,3078.3622100340085,SL,,
2026-09-24T14:40:24.870193+00:00,open,,PUMPUSDT,ICT/SMC v2,short,,,0.0039375,,0.0040151410624815,0.0038210384062777,0.0037045768125554,5079.36,20.0,,,,,
2026-09-24T14:41:13.071369+00:00,close,,SEIUSDT,Supertrend+ADX,short,,,0.0582499999999999,0.061374566365852,,,,257.5,,-0.8045758392069106,3077.5576341948017,SL,,
2026-09-24T14:41:24.135504+00:00,close,,SLPUSDT,ICT/SMC v2,short,,,0.000657,0.0006718990640651,,,,15220.7,,-0.2267741844167135,3077.330860010385,SL,,
2026-09-24T14:42:16.817971+00:00,close,,UNIUSDT,ICT/SMC v2,short,,,9.18655,9.359795360630974,,,,1.08,,-0.1871049894814515,3077.1437550209034,SL,,
2026-09-24T14:42:20.347962+00:00,open,,UNIUSDT,Supertrend+ADX,long,,,9.2537,,8.81686478040141,9.908952829397888,10.564205658795771,3.24,30.0,,,,,
2026-09-24T14:42:29.182598+00:00,close,,WUSDT,ICT/SMC v2,long,,,0.01155,0.011760952089841,,,,865.8,,0.18264231938442,3077.3263973402877,TP1,,
2026-09-24T14:42:32.942104+00:00,open,,WIFUSDT,Supertrend+ADX,long,,,0.24155,,0.2302045041826623,0.2585682437260064,0.275586487452013,124.19,30.0,,,,,
2026-09-24T14:49:03.173887+00:00,open,,AMPUSDT,Supertrend+ADX,long,,,0.0004965,,0.0004846859017085,0.0005142211474371,0.0005319422948743,60422.9,30.0,,,,,
2026-09-24T14:50:11.915764+00:00,close,,BOMEUSDT,ICT/SMC v2,long,,,0.0010914499999999,0.0010423222962725,,,,9162.1,,-0.4501129343212791,3076.8762844059665,SL,,
2026-09-24T14:55:04.449990+00:00,open,,PORTALUSDT,ICT/SMC v2,short,,,0.0177,,0.0179513264156049,0.0173230103765926,0.0169460207531852,1129.9,20.0,,,,,
2026-09-24T15:03:40.605705+00:00,open,,AAVEUSDT,ICT/SMC v2,long,,,141.6445,,138.7770728960844,145.94564065587338,150.2467813117467,0.141,20.0,,,,,
2026-09-24T15:03:44.909357+00:00,open,,ADAUSDT,ICT/SMC v2,long,,,0.2458495,,0.2411102103501197,0.2529584344748203,0.2600673689496406,81.3,20.0,,,,,
2026-09-24T15:03:48.869445+00:00,open,,AEROUSDT,ICT/SMC v2,long,,,0.70565,,0.6894849789167464,0.7298975316248802,0.7541450632497607,28.34,20.0,,,,,
2026-09-24T15:03:53.731814+00:00,open,,AGLDUSDT,ICT/SMC v2,long,,,0.2089,,0.2062086260255889,0.2129370609616166,0.2169741219232332,95.7395,20.0,,,,,
2026-09-24T15:04:01.945073+00:00,open,,ALICEUSDT,ICT/SMC v2,long,,,0.14395,,0.1418892281841643,0.1470411577237536,0.1501323154475072,138.93,20.0,,,,,
2026-09-24T15:04:06.865880+00:00,open,,ALTUSDT,ICT/SMC v2,long,,,0.00762,,0.007506437438515,0.0077903438422274,0.0079606876844549,2624.6,20.0,,,,,
2026-09-24T15:04:17.744616+00:00,open,,API3USDT,ICT/SMC v2,long,,,0.2683999999999999,,0.2644305039932396,0.2743542440101405,0.2803084880202811,74.5156,20.0,,,,,
2026-09-24T15:04:31.409888+00:00,open,,ARKMUSDT,ICT/SMC v2,long,,,0.1301,,0.127254294578103,0.1343685581328455,0.138637116265691,153.7,20.0,,,,,
2026-09-24T15:04:39.819604+00:00,open,,ATOMUSDT,ICT/SMC v2,long,,,1.7533,,1.721505462093028,1.8009918068604571,1.8486836137209155,11.407,20.0,,,,,
2026-09-24T15:05:04.589932+00:00,open,,BANDUSDT,ICT/SMC v2,long,,,0.2165,,0.2134494977849217,0.2210757533226174,0.2256515066452347,92.37875,20.0,,,,,
2026-09-24T15:05:15.093041+00:00,open,,BCHUSDT,ICT/SMC v2,long,,,335.97,,327.39260794397643,348.8360880840354,361.7021761680707,0.05952,20.0,,,,,
2026-09-24T15:05:48.736094+00:00,open,,BIGTIMEUSDT,ICT/SMC v2,long,,,0.008275,,0.0081468940294961,0.0084671589557558,0.0086593179115117,2416.91,20.0,,,,,
2026-09-24T15:05:53.328821+00:00,open,,BLURUSDT,ICT/SMC v2,long,,,0.02,,0.0197246279347321,0.0204130580979018,0.0208261161958036,1000.0,20.0,,,,,
2026-09-24T15:06:25.950794+00:00,open,,CFXUSDT,ICT/SMC v2,long,,,0.0533435,,0.0524230684404529,0.0547241473393206,0.0561047946786412,374.92,20.0,,,,,
2026-09-24T15:06:41.639406+00:00,open,,CTSIUSDT,ICT/SMC v2,long,,,0.0292,,0.0286595087765895,0.0300107368351156,0.0308214736702313,684.9315,20.0,,,,,
2026-09-24T15:06:48.566480+00:00,open,,DIAUSDT,ICT/SMC v2,long,,,0.14635,,0.1441409740638944,0.1496635389041583,0.1529770778083167,136.6,20.0,,,,,
2026-09-24T15:07:00.632302+00:00,open,,DUSKUSDT,ICT/SMC v2,long,,,0.08719,,0.0854127962585781,0.0898558056121328,0.0925216112242656,229.3,20.0,,,,,
2026-09-24T15:07:05.808056+00:00,open,,DYDXUSDT,ICT/SMC v2,long,,,0.1338,,0.1307862657923656,0.1383206013114515,0.142841202622903,149.47,20.0,,,,,
2026-09-24T15:07:10.955810+00:00,open,,DYMUSDT,ICT/SMC v2,long,,,0.019,,0.0185835518164268,0.0196246722753597,0.0202493445507194,1052.6,20.0,,,,,
2026-09-24T15:07:24.702070+00:00,open,,EIGENUSDT,ICT/SMC v2,long,,,0.24775,,0.2410413013129472,0.2578130480305791,0.2678760960611581,80.72,20.0,,,,,
2026-09-24T15:07:27.877868+00:00,open,,ENAUSDT,ICT/SMC v2,long,,,0.21735,,0.2097113918716424,0.2288079121925363,0.2402658243850727,92.01,20.0,,,,,
2026-09-24T15:07:35.544686+00:00,open,,ERAUSDT,ICT/SMC v2,long,,,0.06795,,0.0669547012465046,0.069442948130243,0.0709358962604861,294.334,20.0,,,,,
2026-09-24T15:07:38.611377+00:00,open,,ETCUSDT,ICT/SMC v2,long,,,9.9006,,9.46296109149526,10.557058362757113,11.213516725514223,2.02,20.0,,,,,
2026-09-24T15:07:55.024798+00:00,open,,FILUSDT,ICT/SMC v2,long,,,0.9954,,0.9724406661125796,1.029839000831131,1.0642780016622615,20.09,20.0,,,,,
2026-09-24T15:08:01.068384+00:00,open,,FLOKIUSDT,ICT/SMC v2,long,,,2.827e-05,,2.769909956243746e-05,2.9126350656343807e-05,2.9982701312687623e-05,707463.7,20.0,,,,,
2026-09-24T15:08:16.861870+00:00,open,,GMTUSDT,ICT/SMC v2,long,,,0.0084949999999999,,0.0083589921546173,0.008699011768074,0.008903023536148,2354.3,20.0,,,,,
2026-09-24T15:08:24.797898+00:00,open,,GRTUSDT,ICT/SMC v2,long,,,0.025615,,0.0250178458484084,0.0265107312273873,0.0274064624547747,780.7,20.0,,,,,
2026-09-24T15:08:32.531920+00:00,open,,HBARUSDT,ICT/SMC v2,long,,,0.09321,,0.0914276709142128,0.0958834936286807,0.0985569872573614,214.5,20.0,,,,,
2026-09-24T15:08:45.465715+00:00,open,,ICPUSDT,ICT/SMC v2,long,,,3.0795000000000003,,2.987692204027636,3.2172116939585464,3.354923387917093,6.49,20.0,,,,,
2026-09-24T15:08:48.958255+00:00,open,,IDUSDT,ICT/SMC v2,long,,,0.0371,,0.0366315005308493,0.0378027492037259,0.0385054984074519,539.08,20.0,,,,,
2026-09-24T15:08:56.133696+00:00,open,,IMXUSDT,ICT/SMC v2,long,,,0.1526,,0.1494350811533924,0.1573473782699113,0.1620947565398226,131.0615,20.0,,,,,
2026-09-24T15:09:10.298544+00:00,open,,JOEUSDT,ICT/SMC v2,long,,,0.0355,,0.0349096039204581,0.0363855941193127,0.0372711882386255,563.38028,20.0,,,,,
2026-09-24T15:09:23.544615+00:00,open,,KSMUSDT,ICT/SMC v2,long,,,4.515000000000001,,4.432211617494821,4.639182573757769,4.763365147515538,4.429678,20.0,,,,,
2026-09-24T15:09:26.692101+00:00,open,,LAYERUSDT,ICT/SMC v2,long,,,0.07675,,0.0758817565632521,0.0780523651551217,0.0793547303102435,260.5863,20.0,,,,,
2026-09-24T15:09:29.919458+00:00,open,,LDOUSDT,ICT/SMC v2,long,,,0.414,,0.4036515621199522,0.4295226568200715,0.4450453136401431,48.3091,20.0,,,,,
2026-09-24T15:09:41.663123+00:00,open,,LQTYUSDT,ICT/SMC v2,long,,,0.2346,,0.2313376936611625,0.2394934595082562,0.2443869190165123,85.251,20.0,,,,,
2026-09-24T15:09:45.267307+00:00,open,,LTCUSDT,ICT/SMC v2,long,,,72.6195,,70.04677611034174,76.47858583448739,80.33767166897479,0.2754,20.0,,,,,
2026-09-24T15:09:53.431870+00:00,open,,LUNCUSDT,ICT/SMC v2,long,,,5.4635e-05,,5.373583472511226e-05,5.59837479123316e-05,5.733249582466321e-05,366065.7,20.0,,,,,
2026-09-24T15:09:58.526551+00:00,open,,MANAUSDT,ICT/SMC v2,long,,,0.0855799999999999,,0.0842001967254618,0.0876497049118072,0.0897194098236144,233.6,20.0,,,,,
2026-09-24T15:10:07.167576+00:00,open,,MANTAUSDT,ICT/SMC v2,long,,,0.0701,,0.069038106380417,0.0716928404293744,0.0732856808587489,285.3,20.0,,,,,
2026-09-24T15:10:13.835399+00:00,open,,MEMEUSDT,ICT/SMC v2,long,,,0.000624,,0.0006125583935704,0.0006411624096442,0.0006583248192885,32051.2,20.0,,,,,
2026-09-24T15:10:33.596574+00:00,open,,MOVRUSDT,ICT/SMC v2,long,,,0.8945000000000001,,0.8806319262587978,0.9153021106118034,0.9361042212236066,22.358,20.0,,,,,
2026-09-24T15:10:41.079268+00:00,open,,NEARUSDT,ICT/SMC v2,long,,,4.5108,,4.31898939989267,4.798515900160994,5.086231800321989,4.4,20.0,,,,,
2026-09-24T15:10:44.084135+00:00,open,,NEOUSDT,ICT/SMC v2,long,,,2.62125,,2.573386408777598,2.6930453868336026,2.764840773667205,7.629,20.0,,,,,
2026-09-24T15:10:52.203105+00:00,open,,NMRUSDT,ICT/SMC v2,long,,,9.6185,,9.455784934844278,9.862572597733584,10.106645195467168,2.0793,20.0,,,,,
2026-09-24T15:11:04.332871+00:00,open,,ONDOUSDT,ICT/SMC v2,long,,,0.506345,,0.4825196057203629,0.5420830914194557,0.5778211828389114,39.49,20.0,,,,,
2026-09-24T15:11:26.332042+00:00,open,,POLUSDT,ICT/SMC v2,long,,,0.10475,,0.1031972571902281,0.1070791142146577,0.1094082284293154,190.9307,20.0,,,,,
2026-09-24T15:11:40.057454+00:00,close,,PUMPUSDT,ICT/SMC v2,short,,,0.0039375,0.0038210384062777,,,,2539.68,,0.2957751803445562,3077.172059586311,TP1,,
2026-09-24T15:11:47.517543+00:00,open,,PYTHUSDT,ICT/SMC v2,long,,,0.0673749999999999,,0.0657432839813067,0.0698225740280398,0.0722701480560796,296.84,20.0,,,,,
2026-09-24T15:12:04.144676+00:00,open,,RENDERUSDT,ICT/SMC v2,long,,,1.8385,,1.7947138483994938,1.9041792274007592,1.9698584548015183,10.87,20.0,,,,,
2026-09-24T15:12:10.868846+00:00,open,,ROSEUSDT,ICT/SMC v2,long,,,0.00791,,0.0077561449367404,0.0081407825948892,0.0083715651897785,2528.4,20.0,,,,,
2026-09-24T15:12:15.820189+00:00,open,,RPLUSDT,ICT/SMC v2,long,,,1.9465,,1.9203617523842813,1.9857073714235776,2.0249147428471552,10.2748,20.0,,,,,
2026-09-24T15:12:22.428767+00:00,open,,RSRUSDT,ICT/SMC v2,long,,,0.0017525,,0.0017117472251489,0.0018136291622766,0.0018747583245532,11412.26,20.0,,,,,
2026-09-24T15:12:29.228734+00:00,open,,RUNEUSDT,ICT/SMC v2,long,,,0.62845,,0.6197064118240395,0.6415653822639407,0.6546807645278812,31.8,20.0,,,,,
2026-09-24T15:12:41.770077+00:00,open,,SANDUSDT,ICT/SMC v2,long,,,0.04185,,0.0410042648117082,0.0431186027824376,0.0443872055648753,477.8,20.0,,,,,
2026-09-24T15:12:47.693139+00:00,open,,SEIUSDT,ICT/SMC v2,long,,,0.06035,,0.0591135164557143,0.0622047253164284,0.0640594506328568,331.4,20.0,,,,,
2026-09-24T15:13:16.557301+00:00,open,,SUIUSDT,ICT/SMC v2,long,,,0.99165,,0.9687421319063844,1.026011802140424,1.0603736042808476,20.1684,20.0,,,,,
2026-09-24T15:13:27.880194+00:00,open,,SUSHIUSDT,ICT/SMC v2,long,,,0.25625,,0.2511776980839466,0.26385845287408,0.2714669057481602,78.048,20.0,,,,,
2026-09-24T15:13:50.636586+00:00,open,,TRBUSDT,ICT/SMC v2,long,,,20.027,,19.58367457666784,20.691988134998248,21.35697626999649,0.9986,20.0,,,,,
2026-09-24T15:14:13.346447+00:00,open,,VETUSDT,ICT/SMC v2,long,,,0.0092448,,0.0090139223157837,0.0095911165263244,0.0099374330526488,2163.3,20.0,,,,,
2026-09-24T15:14:27.172194+00:00,open,,WLDUSDT,ICT/SMC v2,long,,,0.43515,,0.4230763466689029,0.4532604799966455,0.4713709599932912,45.9,20.0,,,,,
2026-09-24T15:14:30.515605+00:00,open,,WOOUSDT,ICT/SMC v2,long,,,0.0125499999999999,,0.0123625139191395,0.0128312291212906,0.0131124582425812,1593.625,20.0,,,,,
2026-09-24T15:20:38.882819+00:00,close,,CAKEUSDT,ICT/SMC v2,long,,,2.6565,2.7126979351940985,,,,3.764,,0.2115290280705873,3077.383588614382,TP1,,
2026-09-24T15:35:28.701645+00:00,close,,CAKEUSDT,Supertrend+ADX,long,,,2.5905,2.736931775058379,,,,5.79,,0.8478399775880144,3078.23142859197,TP2,,
2026-09-24T15:35:31.829489+00:00,close,,CAKEUSDT,ICT/SMC v2,long,,,2.6565,2.768895870388197,,,,3.764,,0.4230580561411747,3078.6544866481113,TP2,,
2026-09-24T15:37:55.133110+00:00,close,,ILVUSDT,Supertrend+ADX,short,,,3.643,3.741577317201222,,,,4.1174,,-0.4058822458443127,3078.248604402267,SL,,
2026-09-24T15:37:55.532349+00:00,close,,ILVUSDT,Supertrend+ADX,short,,,3.643,3.741577317201222,,,,4.1175,,-0.4058921035760328,3077.8427122986905,SL,,
2026-09-24T15:37:57.121034+00:00,close,,ILVUSDT,ICT/SMC v2,short,,,3.666,3.7498560310400486,,,,2.7277,,-0.2287340958679408,3077.613978202823,SL,,
2026-09-24T15:37:57.504063+00:00,close,,ILVUSDT,ICT/SMC v2,short,,,3.666,3.7498560310400486,,,,2.7278,,-0.2287424814710447,3077.3852357213523,SL,,
2026-09-24T15:38:08.849925+00:00,close,,INJUSDT,Supertrend+ADX,long,,,8.006,8.566897802513646,,,,1.8735,,1.050842033009315,3078.4360777543616,TP1,,
2026-09-24T15:40:41.740653+00:00,close,,PIXELUSDT,ICT/SMC v2,short,,,0.00536,0.0054925905537363,,,,1865.6,,-0.2473609370505043,3078.188716817311,SL,,
2026-09-24T15:40:42.226994+00:00,close,,PIXELUSDT,ICT/SMC v2,short,,,0.00536,0.0054925905537363,,,,1865.7,,-0.247374196105878,3077.9413426212054,SL,,
2026-09-24T15:41:05.926082+00:00,close,,PYTHUSDT,Supertrend+ADX,short,,,0.062655,0.0679706456797949,,,,239.4,,-1.2725655757429075,3076.6687770454623,SL,,
2026-09-24T15:41:06.343802+00:00,close,,PYTHUSDT,Supertrend+ADX,short,,,0.062655,0.0679706456797949,,,,239.41,,-1.2726187321997058,3075.3961583132627,SL,,
2026-09-24T15:49:52.191675+00:00,close,,BANANAUSDT,Supertrend+ADX,short,,,3.95,4.029433142631791,,,,3.7974,,-0.3016394158299619,3075.094518897433,SL,,
2026-09-24T15:49:52.629068+00:00,close,,BANANAUSDT,Supertrend+ADX,short,,,3.95,4.029433142631791,,,,3.7975,,-0.3016473591442251,3074.7928715382886,SL,,
2026-09-24T15:50:58.829233+00:00,close,,CRVUSDT,ICT/SMC v2,short,,,0.34345,0.3490200000565386,,,,29.1,,-0.162087001645274,3074.630784536643,SL,,
2026-09-24T15:53:27.215413+00:00,close,,KNCUSDT,ICT/SMC v2,short,,,0.14505,0.14505,,,,68.9417,,-0.0,3074.630784536643,SL,,
2026-09-24T15:55:43.548556+00:00,close,,PYTHUSDT,ICT/SMC v2,long,,,0.0673749999999999,0.0698225740280398,,,,148.42,,0.3632689372416713,3074.994053473885,TP1,,
2026-09-24T15:57:50.297308+00:00,close,,TRBUSDT,ICT/SMC v2,long,,,20.027,20.691988134998248,,,,0.4993,,0.3320285758046244,3075.3260820496894,TP1,,
2026-09-24T16:16:31.112703+00:00,close,,TURBOUSDT,ICT/SMC v2,short,,,0.00104212,0.0010777353234326,,,,9595.8,,-0.3417575205948016,3074.984324529095,SL,,
2026-09-24T16:16:58.947546+00:00,open,,WIFUSDT,ICT/SMC v2,long,,,0.2402,,0.2348445492022808,0.2482331761965788,0.2562663523931575,83.26,20.0,,,,,
2026-09-24T16:17:05.156784+00:00,close,,WLDUSDT,ICT/SMC v2,long,,,0.43515,0.4532604799966455,,,,22.9,,0.4147299919231832,3075.3990545210177,TP1,,
2026-09-24T16:17:10.530552+00:00,close,,WOOUSDT,ICT/SMC v2,long,,,0.0125499999999999,0.0128312291212906,,,,796.812,,0.2240867385938235,3075.6231412596117,TP1,,
2026-09-24T16:17:47.441066+00:00,open,,ZRXUSDT,ICT/SMC v2,long,,,0.1225499999999999,,0.1210536207972824,0.1247945688040762,0.1270391376081525,163.198,20.0,,,,,
2026-09-24T16:38:21.130492+00:00,close,,AGLDUSDT,ICT/SMC v2,long,,,0.2089,0.2129370609616166,,,,47.8697,,0.1932528971142982,3075.816394156726,TP1,,
2026-09-24T16:39:35.794942+00:00,close,,BANDUSDT,ICT/SMC v2,long,,,0.2165,0.2210757533226174,,,,46.18937,,0.2113511632471041,3076.027745319973,TP1,,
2026-09-24T16:39:53.063435+00:00,close,,BICOUSDT,Supertrend+ADX,short,,,0.0215,0.0228785664684438,,,,697.67441,,-0.9617905475173594,3075.0659547724554,SL,,
2026-09-24T16:39:58.566010+00:00,close,,BIGTIMEUSDT,ICT/SMC v2,long,,,0.008275,0.0084671589557558,,,,1208.45,,0.2322144900831599,3075.2981692625385,TP1,,
2026-09-24T16:40:09.541177+00:00,open,,BOMEUSDT,ICT/SMC v2,short,,,0.0010604,,0.0010912701423336,0.0010140947864994,0.0009677895729989,18860.8,20.0,,,,,
2026-09-24T16:41:07.155424+00:00,close,,DOGSUSDT,ICT/SMC v2,short,,,4.765e-05,4.879312572523142e-05,,,,209863.5,,-0.239900365637104,3075.058268896901,SL,,
2026-09-24T16:41:20.491510+00:00,close,,DYDXUSDT,Supertrend+ADX,short,,,0.1363,0.1363,,,,110.05,,-0.0,3075.0582688969016,SL,,
2026-09-24T16:42:34.435810+00:00,close,,GMTUSDT,ICT/SMC v2,long,,,0.0084949999999999,0.008699011768074,,,,1177.1,,0.2401422521999225,3075.298411149101,TP1,,
2026-09-24T16:43:02.945147+00:00,close,,IDUSDT,ICT/SMC v2,long,,,0.0371,0.0378027492037259,,,,269.54,,0.1894190203722996,3075.487830169474,TP1,,
2026-09-24T16:43:28.300445+00:00,close,,JOEUSDT,ICT/SMC v2,long,,,0.0355,0.0363855941193127,,,,281.69014,,0.2494631314523912,3075.7372933009265,TP1,,
2026-09-24T16:46:49.474410+00:00,close,,LAYERUSDT,ICT/SMC v2,long,,,0.07675,0.0780523651551217,,,,130.2931,,0.1696891933927953,3075.90698249432,TP1,,
2026-09-24T16:48:56.976302+00:00,close,,LINKUSDT,Supertrend+ADX,short,,,12.93445,12.93445,,,,1.16,,-0.0,3075.90698249432,SL,,
2026-09-24T16:49:40.605138+00:00,close,,MANAUSDT,ICT/SMC v2,long,,,0.0855799999999999,0.0876497049118072,,,,116.8,,0.2417415336990863,3076.1487240280185,TP1,,
2026-09-24T16:50:07.844542+00:00,close,,METISUSDT,ICT/SMC v2,short,,,3.425,3.547611008304515,,,,2.919,,-0.3579015332408802,3075.790822494778,SL,,
2026-09-24T16:50:08.471070+00:00,close,,METISUSDT,ICT/SMC v2,short,,,3.425,3.547611008304515,,,,2.92,,-0.3580241442491847,3075.4327983505286,SL,,
2026-09-24T16:50:25.403210+00:00,close,,MOVRUSDT,ICT/SMC v2,long,,,0.8945000000000001,0.9153021106118034,,,,11.179,,0.2325467945293499,3075.665345145058,TP1,,
2026-09-24T16:53:30.213524+00:00,close,,POLUSDT,ICT/SMC v2,long,,,0.10475,0.1070791142146577,,,,95.4653,,0.2223495872365658,3075.8876947322947,TP1,,
2026-09-24T16:54:41.958895+00:00,close,,RPLUSDT,ICT/SMC v2,long,,,1.9465,1.9857073714235776,,,,5.1374,,0.2014239499514879,3076.089118682246,TP1,,
2026-09-24T16:55:38.843824+00:00,close,,SOLUSDT,ICT/SMC v2,short,,,114.771,116.7494995610428,,,,0.087,,-0.1721294618107244,3075.9169892204354,SL,,
2026-09-24T16:56:14.230543+00:00,close,,TAOUSDT,ICT/SMC v2,short,,,295.355,295.355,,,,0.0339,,-0.0,3075.9169892204354,SL,,
2026-09-24T16:57:10.504922+00:00,close,,XLMUSDT,ICT/SMC v2,short,,,0.2085505,0.211124347135889,,,,47.9,,-0.1232872778090836,3075.7937019426267,SL,,
2026-09-24T16:57:11.011248+00:00,close,,XLMUSDT,ICT/SMC v2,short,,,0.2085505,0.211124347135889,,,,48.0,,-0.1235446625226726,3075.6701572801035,SL,,
2026-09-24T17:17:52.270945+00:00,close,,AMPUSDT,ICT/SMC v2,long,,,0.0004955,0.0005123759421083,,,,20181.6,,0.3405835132547091,3076.0107407933588,TP1,,
2026-09-24T17:18:28.243719+00:00,open,,ARPAUSDT,ICT/SMC v2,long,,,0.0112895,,0.0110909321777144,0.0115873517334283,0.0118852034668566,1771.55,20.0,,,,,
2026-09-24T17:19:52.193556+00:00,close,,CKBUSDT,Supertrend+ADX,long,,,0.001339,0.0013951186717939,,,,11202.38,,0.6286626865313825,3076.6394034798896,TP1,,
2026-09-24T17:22:53.831129+00:00,open,,JTOUSDT,ICT/SMC v2,long,,,0.5,,0.4884520699074582,0.5173218951388127,0.5346437902776253,40.0,20.0,,,,,
2026-09-24T17:27:55.658241+00:00,open,,TAOUSDT,ICT/SMC v2,long,,,292.765,,285.6290637456334,303.4689043815499,314.1728087630998,0.0683,20.0,,,,,
2026-09-24T17:28:09.619965+00:00,close,,TRBUSDT,ICT/SMC v2,long,,,20.027,21.35697626999649,,,,0.4993,,0.6640571516092489,3077.3034606314986,TP2,,
2026-09-24T17:48:41.259108+00:00,close,,ALICEUSDT,ICT/SMC v2,long,,,0.14395,0.1470411577237536,,,,69.46,,0.2147118154919247,3077.518172446991,TP1,,
2026-09-24T17:49:42.741558+00:00,open,,AXSUSDT,ICT/SMC v2,long,,,1.07985,,1.0626297585727091,1.1056803621409363,1.1315107242818727,18.52,20.0,,,,,
2026-09-24T17:53:34.373014+00:00,close,,JOEUSDT,ICT/SMC v2,long,,,0.0355,0.0355,,,,281.69014,,0.0,3077.518172446991,SL,,
2026-09-24T17:54:33.383162+00:00,open,,MAGICUSDT,ICT/SMC v2,long,,,0.05,,0.0492173046766202,0.0511740429850696,0.0523480859701392,400.0,20.0,,,,,
2026-09-24T17:56:10.821893+00:00,close,,PORTALUSDT,ICT/SMC v2,short,,,0.0177,0.0179513264156049,,,,564.9,,-0.1419742921752241,3077.3761981548155,SL,,
2026-09-24T17:56:11.180484+00:00,close,,PORTALUSDT,ICT/SMC v2,short,,,0.0177,0.0179513264156049,,,,565.0,,-0.1419994248167846,3077.2341987299988,SL,,
2026-09-24T17:56:14.654550+00:00,open,,PORTALUSDT,ICT/SMC v2,short,,,0.018045,,0.0183198572244635,0.0176327141633046,0.0172204283266093,1108.3,20.0,,,,,
2026-09-24T17:56:29.314185+00:00,close,,PUMPUSDT,ICT/SMC v2,short,,,0.0039375,0.0039375,,,,2539.68,,-0.0,3077.2341987299988,SL,,
2026-09-24T17:56:32.455275+00:00,open,,PUMPUSDT,ICT/SMC v2,short,,,0.0038915,,0.0039707663273905,0.0037726005089142,0.0036537010178284,5139.4,20.0,,,,,
2026-09-24T17:56:58.087522+00:00,open,,RLCUSDT,ICT/SMC v2,long,,,0.33755,,0.3330354703202041,0.3443217945196939,0.351093589039388,59.2504,20.0,,,,,
2026-09-24T18:14:35.776755+00:00,close,,AIUSDT,ICT/SMC v2,long,,,0.01985,0.0212441000336205,,,,503.7,,0.7022081869346498,3077.9364069169333,TP1,,
2026-09-24T18:14:43.965578+00:00,open,,AIUSDT,Supertrend+ADX,long,,,0.0212499999999999,,0.0188369744559023,0.0248695383161464,0.0284890766322928,1411.7,30.0,,,,,
2026-09-24T18:15:32.508633+00:00,open,,AVNTUSDT,ICT/SMC v2,long,,,0.116015,,0.1143006802818937,0.1185864795771593,0.1211579591543187,172.391,20.0,,,,,
2026-09-24T18:16:36.930856+00:00,open,,CELOUSDT,ICT/SMC v2,long,,,0.09315,,0.0919469657992187,0.0949545513011719,0.0967591026023438,214.7,20.0,,,,,
2026-09-24T18:17:02.503773+00:00,open,,CHZUSDT,ICT/SMC v2,long,,,0.0163649999999999,,0.0161158057608399,0.0167387913587401,0.0171125827174802,1222.1,20.0,,,,,
2026-09-24T18:18:49.751874+00:00,open,,GTCUSDT,ICT/SMC v2,long,,,0.0862,,0.085362851540176,0.0874557226897359,0.0887114453794719,232.0185,20.0,,,,,
2026-09-24T18:19:08.506532+00:00,open,,ILVUSDT,ICT/SMC v2,long,,,3.7685,,3.703366413506202,3.8662003797406967,3.963900759481394,5.3071,20.0,,,,,
2026-09-24T18:19:16.534549+00:00,close,,INJUSDT,Supertrend+ADX,long,,,8.006,8.006,,,,1.8736,,0.0,3077.9364069169333,SL,,
2026-09-24T18:19:20.054466+00:00,open,,INJUSDT,ICT/SMC v2,long,,,8.134,,7.813136338021994,8.615295492967011,9.096590985934018,2.4588,20.0,,,,,
2026-09-24T18:22:55.980241+00:00,open,,RVNUSDT,ICT/SMC v2,long,,,0.0028399999999999,,0.0027949347147177,0.0029075979279233,0.0029751958558467,7042.2,20.0,,,,,
2026-09-24T18:23:26.700646+00:00,open,,SLPUSDT,ICT/SMC v2,long,,,0.0006865,,0.0006758607809441,0.0007024588285837,0.0007184176571675,29133.2,20.0,,,,,
2026-09-24T18:24:21.090832+00:00,open,,UMAUSDT,ICT/SMC v2,long,,,0.409,,0.4031625811099025,0.4177561283351461,0.4265122566702922,48.8997,20.0,,,,,
2026-09-24T19:09:09.894289+00:00,close,,ALICEUSDT,ICT/SMC v2,long,,,0.14395,0.1501323154475072,,,,69.47,,0.4294854541383227,3078.3658923710714,TP2,,
2026-09-24T19:18:51.209620+00:00,close,,SKLUSDT,ICT/SMC v2,short,,,0.004385,0.0044833645946604,,,,2280.501,,-0.2243205564876487,3078.1415718145836,SL,,
2026-09-24T19:38:26.243497+00:00,close,,AAVEUSDT,ICT/SMC v2,long,,,141.6445,145.94564065587338,,,,0.07,,0.3010798459111368,3078.442651660495,TP1,,
2026-09-24T19:38:38.530321+00:00,close,,AGLDUSDT,ICT/SMC v2,long,,,0.2089,0.2169741219232332,,,,47.8698,,0.3865066016407887,3078.8291582621355,TP2,,
2026-09-24T19:38:58.590035+00:00,close,,ALTUSDT,ICT/SMC v2,long,,,0.00762,0.0077903438422274,,,,1312.3,,0.2235422241551099,3079.0527004862906,TP1,,
2026-09-24T19:39:21.812178+00:00,close,,ARKUSDT,ICT/SMC v2,long,,,0.1677,0.18448029240854,,,,59.6,,1.000105427548985,3080.0528059138396,TP2,,
2026-09-24T19:44:41.150895+00:00,close,,LDOUSDT,ICT/SMC v2,long,,,0.414,0.4295226568200715,,,,24.1545,,0.3749420141604191,3080.427747928,TP1,,
2026-09-24T19:48:51.289005+00:00,close,,NEARUSDT,ICT/SMC v2,long,,,4.5108,4.798515900160994,,,,2.2,,0.6329749803541871,3081.060722908354,TP1,,
2026-09-24T19:49:41.545832+00:00,open,,PIXELUSDT,ICT/SMC v2,long,,,0.005645,,0.0054122411777206,0.005994138233419,0.0063432764668381,3542.9,20.0,,,,,
2026-09-24T19:50:58.315022+00:00,close,,RVNUSDT,ICT/SMC v2,long,,,0.0028399999999999,0.0027949347147177,,,,3521.1,,-0.1586793760073443,3080.9020435323464,SL,,
2026-09-24T19:52:09.724159+00:00,open,,SYNUSDT,ICT/SMC v2,short,,,0.1944,,0.1992490303630208,0.1871264544554688,0.1798529089109376,102.8,20.0,,,,,
2026-09-24T20:17:01.271328+00:00,close,,SUIUSDT,ICT/SMC v2,long,,,0.99165,1.026011802140424,,,,10.0842,,0.346511285144462,3081.248554817491,TP1,,
2026-09-24T20:18:08.474633+00:00,open,,XLMUSDT,ICT/SMC v2,long,,,0.2129499999999999,,0.2088069440624592,0.2191645839063111,0.2253791678126222,93.9,20.0,,,,,
2026-09-24T20:18:12.948916+00:00,open,,YGGUSDT,ICT/SMC v2,long,,,0.02685,,0.0263596803105661,0.0275854795341508,0.0283209590683016,744.8789,20.0,,,,,
2026-09-24T21:21:51.818324+00:00,close,,DYMUSDT,ICT/SMC v2,long,,,0.019,0.0196246722753597,,,,526.3,,0.3287650185218302,3081.577319836012,TP1,,
2026-09-24T21:22:16.691752+00:00,close,,ETCUSDT,ICT/SMC v2,long,,,9.9006,9.46296109149526,,,,1.01,,-0.442015297589787,3081.135304538422,SL,,
2026-09-24T21:31:12.441234+00:00,close,,SAGAUSDT,ICT/SMC v2,short,,,0.0448,0.0471433756527697,,,,223.2,,-0.5230414456982128,3080.612263092724,SL,,
2026-09-24T21:31:17.410636+00:00,open,,SAGAUSDT,Supertrend+ADX,long,,,0.05625,,0.0403320022459374,0.0801269966310938,0.1040039932621877,533.3,30.0,,,,,
2026-09-24T21:31:25.299967+00:00,close,,SEIUSDT,ICT/SMC v2,long,,,0.06035,0.0622047253164284,,,,165.7,,0.3073279849321914,3080.919591077656,TP1,,
2026-09-24T21:52:04.603499+00:00,close,,DYMUSDT,Supertrend+ADX,long,,,0.019,0.0203851770978569,,,,789.4,,1.0934588010482595,3082.0130498787044,TP1,,
2026-09-24T21:52:10.559855+00:00,close,,DYMUSDT,ICT/SMC v2,long,,,0.019,0.0202493445507194,,,,526.3,,0.6575300370436585,3082.670579915748,TP2,,
2026-09-24T22:03:33.928922+00:00,open,,1INCHUSDT,ICT/SMC v2,long,,,0.100745,,0.0997903108212348,0.1021770337681477,0.1036090675362955,198.52,20.0,,,,,
2026-09-24T22:04:57.899443+00:00,open,,BICOUSDT,ICT/SMC v2,long,,,0.0225,,0.0221246830576653,0.023062975413502,0.023625950827004,888.88888,20.0,,,,,
2026-09-24T22:06:15.383387+00:00,close,,EIGENUSDT,ICT/SMC v2,long,,,0.24775,0.2410413013129472,,,,40.36,,-0.2707630790094483,3082.3998168367384,SL,,
2026-09-24T22:07:39.739085+00:00,close,,JTOUSDT,ICT/SMC v2,long,,,0.5,0.4884520699074582,,,,20.0,,-0.2309586018508347,3082.1688582348875,SL,,
2026-09-24T22:09:03.945243+00:00,open,,OGNUSDT,ICT/SMC v2,long,,,0.01968,,0.0195428719605311,0.0198856920592033,0.0200913841184066,1016.26,20.0,,,,,
2026-09-24T22:09:51.761999+00:00,close,,PYTHUSDT,ICT/SMC v2,long,,,0.0673749999999999,0.0673749999999999,,,,148.42,,0.0,3082.168858234887,SL,,
2026-09-24T22:20:33.885287+00:00,close,,CELOUSDT,ICT/SMC v2,long,,,0.09315,0.0919469657992187,,,,107.35,,-0.1291457214538695,3082.0397125134336,SL,,
2026-09-24T22:20:54.974629+00:00,open,,CKBUSDT,ICT/SMC v2,long,,,0.0013925,,0.0013712401045449,0.0014243898431825,0.001456279686365,14362.65,20.0,,,,,
2026-09-24T22:22:57.932999+00:00,open,,IOUSDT,ICT/SMC v2,long,,,0.1577,,0.1553390056494535,0.1612414915258196,0.1647829830516393,126.82,20.0,,,,,
2026-09-24T22:24:07.482257+00:00,close,,MOVRUSDT,ICT/SMC v2,long,,,0.8945000000000001,0.8945000000000001,,,,11.179,,0.0,3082.039712513433,SL,,
2026-09-24T22:25:33.314447+00:00,close,,RLCUSDT,ICT/SMC v2,long,,,0.33755,0.3330354703202041,,,,29.6252,,-0.1337438446698904,3081.905968668764,SL,,
2026-09-24T22:26:15.040568+00:00,open,,SKLUSDT,ICT/SMC v2,long,,,0.0045249999999999,,0.0044679108365571,0.0046106337451643,0.0046962674903286,4419.889,20.0,,,,,
2026-09-24T22:27:37.458352+00:00,open,,XRPUSDT,ICT/SMC v2,long,,,1.53272,,1.514267216961992,1.560399174557012,1.5880783491140238,13.0,20.0,,,,,
2026-09-24T22:27:48.039724+00:00,close,,ZRXUSDT,ICT/SMC v2,long,,,0.1225499999999999,0.1210536207972824,,,,81.599,,-0.1221030465625476,3081.783865622201,SL,,
2026-09-24T22:33:28.587711+00:00,close,,1INCHUSDT,ICT/SMC v2,long,,,0.100745,0.0997903108212348,,,,99.26,,-0.0947624478842301,3081.6891031743166,SL,,
2026-09-24T22:33:37.987720+00:00,close,,AEROUSDT,ICT/SMC v2,long,,,0.70565,0.6894849789167464,,,,14.17,,-0.2290583487497031,3081.4600448255674,SL,,
2026-09-24T22:34:02.835683+00:00,open,,APEUSDT,ICT/SMC v2,short,,,0.1515,,0.1534688852408314,0.1485466721387528,0.1455933442775056,132.01,20.0,,,,,
2026-09-24T22:34:38.830286+00:00,open,,BANANAUSDT,ICT/SMC v2,long,,,4.01,,3.979059459366087,4.056410810950869,4.102821621901739,4.9875,20.0,,,,,
2026-09-24T22:35:14.615655+00:00,open,,CAKEUSDT,ICT/SMC v2,long,,,2.745,,2.7169265131563853,2.7871102302654225,2.829220460530845,7.285,20.0,,,,,
2026-09-24T22:36:51.584214+00:00,open,,GRAMUSDT,Supertrend+ADX,short,,,1.4115,,1.4361631534971646,1.374505269754253,1.3375105395085063,21.25398,30.0,,,,,
2026-09-24T22:37:16.718936+00:00,close,,INITUSDT,ICT/SMC v2,long,,,0.0956,0.0993742931579135,,,,104.6025,,0.3948005000506527,3081.8548453256185,TP1,,
2026-09-24T22:37:28.731577+00:00,open,,JOEUSDT,ICT/SMC v2,long,,,0.036,,0.0355570469510427,0.0366644295734359,0.0373288591468719,555.55555,20.0,,,,,
2026-09-24T22:41:40.679940+00:00,open,,ZKUSDT,ICT/SMC v2,long,,,0.0119849999999999,,0.0118002535924747,0.0122621196112878,0.0125392392225756,1668.7,20.0,,,,,
2026-09-24T22:51:59.392671+00:00,open,,GTCUSDT,Supertrend+ADX,short,,,0.0859,,0.087406725416013,0.0836399118759804,0.0813798237519609,349.2433,30.0,,,,,
2026-09-24T23:10:37.611654+00:00,close,,SYNUSDT,ICT/SMC v2,short,,,0.1944,0.1992490303630208,,,,51.4,,-0.2492401606592697,3081.605605164959,SL,,
2026-09-24T23:20:04.228422+00:00,open,,BNBUSDT,ICT/SMC v2,short,,,776.71145,,780.3393674227059,771.2695738659413,765.8276977318826,0.025,20.0,,,,,
2026-09-24T23:20:47.019855+00:00,open,,CRVUSDT,ICT/SMC v2,short,,,0.3467,,0.3522957405611586,0.338306389158262,0.3299127783165241,57.6,20.0,,,,,
2026-09-24T23:21:00.916270+00:00,open,,DOGSUSDT,ICT/SMC v2,short,,,4.785e-05,,4.8345983971102906e-05,4.710602404334563e-05,4.636204808669125e-05,417972.8,20.0,,,,,
2026-09-24T23:22:24.370588+00:00,open,,HMSTRUSDT,ICT/SMC v2,short,,,0.0001769,,0.000178721599639,0.0001741676005413,0.0001714352010827,113058.2,20.0,,,,,
2026-09-24T23:26:21.814274+00:00,open,,THETAUSDT,ICT/SMC v2,long,,,0.223955,,0.2208042700190443,0.2286810949714336,0.2334071899428672,89.3,20.0,,,,,
2026-09-24T23:57:32.139738+00:00,open,,SUNUSDT,ICT/SMC v2,short,,,0.0172599999999999,,0.0172930108719727,0.0172104836920408,0.0171609673840817,1158.7,20.0,,,,,
2026-09-25T00:05:46.187892+00:00,close,,DIAUSDT,ICT/SMC v2,long,,,0.14635,0.1496635389041583,,,,68.3,,0.2263147071540162,3081.8319198721133,TP1,,
2026-09-25T00:05:51.997884+00:00,close,,DOGSUSDT,ICT/SMC v2,short,,,4.785e-05,4.8345983971102906e-05,,,,208986.4,,-0.1036539045785008,3081.7282659675343,SL,,
2026-09-25T00:06:02.165430+00:00,close,,DYMUSDT,Supertrend+ADX,long,,,0.019,0.0217703541957138,,,,789.5,,2.187194637516085,3083.91546060505,TP2,,
2026-09-25T00:10:35.487167+00:00,close,,SAGAUSDT,Supertrend+ADX,long,,,0.05625,0.0801269966310938,,,,266.6,,6.365607301849631,3090.2810679069003,TP1,,
2026-09-25T00:11:09.509927+00:00,close,,SUNUSDT,ICT/SMC v2,short,,,0.0172599999999999,0.0172930108719727,,,,579.3,,-0.0191231981338065,3090.261944708766,SL,,
2026-09-25T00:11:09.929926+00:00,close,,SUNUSDT,ICT/SMC v2,short,,,0.0172599999999999,0.0172930108719727,,,,579.4,,-0.0191264992210038,3090.242818209545,SL,,
2026-09-25T00:20:57.179962+00:00,open,,DYMUSDT,ICT/SMC v2,long,,,0.0212,,0.0200297977777561,0.0229553033333657,0.0247106066667314,943.3,20.0,,,,,
2026-09-25T00:21:06.321963+00:00,open,,EIGENUSDT,ICT/SMC v2,short,,,0.24035,,0.2446746533315939,0.2338630200026091,0.2273760400052182,83.21,20.0,,,,,
2026-09-25T00:24:01.898002+00:00,open,,OPUSDT,ICT/SMC v2,short,,,0.1319,,0.134130727984517,0.1285539080232244,0.1252078160464488,151.63,20.0,,,,,
2026-09-25T00:24:20.299330+00:00,close,,POLUSDT,ICT/SMC v2,long,,,0.10475,0.1094082284293154,,,,95.4654,,0.4446996402959746,3090.687517849841,TP2,,
2026-09-25T00:24:41.579973+00:00,open,,RAREUSDT,ICT/SMC v2,short,,,0.01309,,0.0131966837931425,0.0129299743102861,0.0127699486205722,1527.8,20.0,,,,,
2026-09-25T00:26:56.346628+00:00,close,,XLMUSDT,ICT/SMC v2,long,,,0.2129499999999999,0.2191645839063111,,,,46.9,,0.2914639852059921,3090.978981835047,TP1,,
2026-09-25T00:27:12.711396+00:00,open,,ZRXUSDT,ICT/SMC v2,short,,,0.12145,,0.1224318694647266,0.1199771958029099,0.1185043916058199,164.676,20.0,,,,,
2026-09-25T00:34:55.439251+00:00,close,,BIGTIMEUSDT,ICT/SMC v2,long,,,0.008275,0.0086593179115117,,,,1208.45,,0.4644289801663199,3091.443410815213,TP2,,
2026-09-25T00:35:50.434805+00:00,open,,DOGEUSDT,ICT/SMC v2,short,,,0.0960999499999999,,0.0971363685368234,0.0945453221947648,0.0929906943895297,208.1,20.0,,,,,
2026-09-25T00:39:32.840364+00:00,open,,POLUSDT,ICT/SMC v2,long,,,0.1089499999999999,,0.1075179284952517,0.1110981072571223,0.1132462145142446,183.5704,20.0,,,,,
2026-09-25T00:40:31.117458+00:00,close,,SANDUSDT,ICT/SMC v2,long,,,0.04185,0.0431186027824376,,,,238.9,,0.3030692047243629,3091.7464800199377,TP1,,
2026-09-25T00:51:16.059447+00:00,close,,ENAUSDT,ICT/SMC v2,long,,,0.21735,0.2288079121925363,,,,46.0,,0.5270639608566727,3092.2735439807943,TP1,,
2026-09-25T00:51:36.952849+00:00,open,,FETUSDT,ICT/SMC v2,long,,,0.22715,,0.2210506149135791,0.2362990776296313,0.2454481552592626,88.047,20.0,,,,,
2026-09-25T00:54:01.230062+00:00,open,,NOTUSDT,ICT/SMC v2,long,,,0.00048285,,0.0004782485311595,0.0004897522032606,0.0004966544065212,41420.7,20.0,,,,,
2026-09-25T00:55:32.837680+00:00,open,,RVNUSDT,ICT/SMC v2,long,,,0.002815,,0.0027827839870499,0.002863324019425,0.0029116480388501,7104.7,20.0,,,,,
2026-09-25T00:55:39.033176+00:00,close,,SAGAUSDT,Supertrend+ADX,long,,,0.05625,0.05625,,,,266.6,,0.0,3092.2735439807943,SL,,
2026-09-25T01:04:30.512802+00:00,close,,AXSUSDT,Supertrend+ADX,short,,,1.0612499999999998,1.1315587217273675,,,,14.13,,-0.9934622380077086,3091.2800817427865,SL,,
2026-09-25T01:04:32.671703+00:00,close,,AXSUSDT,ICT/SMC v2,long,,,1.07985,1.1056803621409363,,,,9.26,,0.2391891534250707,3091.5192708962118,TP1,,
2026-09-25T01:04:33.352163+00:00,close,,AXSUSDT,ICT/SMC v2,long,,,1.07985,1.1315107242818727,,,,9.26,,0.4783783068501415,3091.997649203062,TP2,,
2026-09-25T01:04:56.155614+00:00,open,,BERAUSDT,ICT/SMC v2,long,,,0.2290499999999999,,0.2258214208053156,0.2338928687920264,0.2387357375840529,87.3171,20.0,,,,,
2026-09-25T01:05:29.516831+00:00,close,,CETUSUSDT,Supertrend+ADX,short,,,0.0258149999999999,0.0281154858487321,,,,581.057,,-1.3367134058067298,3090.6609357972557,SL,,
2026-09-25T01:05:29.871924+00:00,close,,CETUSUSDT,Supertrend+ADX,short,,,0.0258149999999999,0.0281154858487321,,,,581.058,,-1.3367157062925783,3089.3242200909626,SL,,
2026-09-25T01:07:26.821696+00:00,close,,HMSTRUSDT,ICT/SMC v2,short,,,0.0001769,0.000178721599639,,,,56529.1,,-0.1029733881579448,3089.221246702805,SL,,
2026-09-25T01:10:43.358270+00:00,open,,SAGAUSDT,ICT/SMC v2,long,,,0.06915,,0.0564245360436441,0.0882381959345337,0.1073263918690674,289.2,20.0,,,,,
2026-09-25T01:10:54.516407+00:00,close,,SKLUSDT,ICT/SMC v2,long,,,0.0045249999999999,0.0046106337451643,,,,2209.944,,0.1892457813234177,3089.410492484128,TP1,,
2026-09-25T01:18:36.055371+00:00,close,,ADAUSDT,ICT/SMC v2,long,,,0.2458495,0.2529584344748203,,,,40.6,,0.2886227396777067,3089.6991152238056,TP1,,
2026-09-25T01:19:20.297975+00:00,close,,ARPAUSDT,Supertrend+ADX,long,,,0.01142,0.0110718383443334,,,,1313.48,,-0.4573033714848935,3089.2418118523206,SL,,
2026-09-25T01:19:26.331725+00:00,open,,ASTERUSDT,ICT/SMC v2,short,,,0.71305,,0.7187186878037559,0.704546968294366,0.696043936588732,28.0485,20.0,,,,,
2026-09-25T01:19:48.851980+00:00,open,,BBUSDT,ICT/SMC v2,long,,,0.01045,,0.0101134923077474,0.0109547615383788,0.0114595230767576,1913.8,20.0,,,,,
2026-09-25T01:20:08.313644+00:00,open,,BIGTIMEUSDT,ICT/SMC v2,long,,,0.008545,,0.00837137076717,0.0088054438492449,0.0090658876984898,2340.55,20.0,,,,,
2026-09-25T01:20:44.677524+00:00,close,,CKBUSDT,ICT/SMC v2,long,,,0.0013925,0.0014243898431825,,,,7181.32,,0.2290111686436308,3089.470823020964,TP1,,
2026-09-25T01:21:25.158187+00:00,open,,ENSUSDT,ICT/SMC v2,short,,,7.105,,7.191288373667741,6.9755674394983895,6.846134878996779,2.8149,20.0,,,,,
2026-09-25T01:22:06.398090+00:00,open,,GMXUSDT,ICT/SMC v2,short,,,8.13005,,8.196137932971407,8.03091810054289,7.931786201085779,2.46,20.0,,,,,
2026-09-25T01:22:51.098896+00:00,close,,JOEUSDT,ICT/SMC v2,long,,,0.036,0.0366644295734359,,,,277.77777,,0.1845637652310901,3089.655386786195,TP1,,
2026-09-25T01:23:07.519970+00:00,close,,LDOUSDT,ICT/SMC v2,long,,,0.414,0.4450453136401431,,,,24.1546,,0.7498871328522024,3090.405273919047,TP2,,
2026-09-25T01:26:47.696649+00:00,open,,TURBOUSDT,ICT/SMC v2,long,,,0.00105595,,0.0010422764107941,0.0010764603838088,0.0010969707676176,18940.2,20.0,,,,,
2026-09-25T01:34:03.306058+00:00,open,,APTUSDT,ICT/SMC v2,long,,,0.8025,,0.7885040591187321,0.8234939113219019,0.8444878226438036,24.9221,20.0,,,,,
2026-09-25T01:34:15.027128+00:00,close,,ARPAUSDT,ICT/SMC v2,long,,,0.0112895,0.0110909321777144,,,,885.77,,-0.1758854199458583,3090.2293884991013,SL,,
2026-09-25T01:34:15.337024+00:00,close,,ARPAUSDT,ICT/SMC v2,long,,,0.0112895,0.0110909321777144,,,,885.78,,-0.1758874056240811,3090.0535010934773,SL,,
2026-09-25T01:38:33.780911+00:00,close,,MINAUSDT,ICT/SMC v2,long,,,0.143455,0.143455,,,,69.7,,0.0,3090.0535010934773,SL,,
2026-09-25T01:38:43.017808+00:00,open,,MTLUSDT,ICT/SMC v2,long,,,0.33285,,0.3288074484229842,0.3389138273655236,0.3449776547310472,60.0871,20.0,,,,,
2026-09-25T01:38:50.055809+00:00,open,,NEWTUSDT,ICT/SMC v2,long,,,0.0494099999999999,,0.0489640873688431,0.0500788689467352,0.0507477378934704,404.776,20.0,,,,,
2026-09-25T01:49:19.331211+00:00,open,,ARPAUSDT,ICT/SMC v2,long,,,0.011181,,0.0110719544480027,0.0113445683279958,0.0115081366559917,1788.74,20.0,,,,,
2026-09-25T01:52:16.536877+00:00,open,,HMSTRUSDT,ICT/SMC v2,long,,,0.0001772,,0.0001754109855802,0.0001798835216296,0.0001825670432592,112866.8,20.0,,,,,
2026-09-25T01:52:35.622978+00:00,open,,IOTAUSDT,ICT/SMC v2,long,,,0.04815,,0.0473168868704531,0.0493996696943202,0.0506493393886405,415.36,20.0,,,,,
2026-09-25T01:52:41.786520+00:00,close,,JOEUSDT,ICT/SMC v2,long,,,0.036,0.0373288591468719,,,,277.77778,,0.3691275437507718,3090.422628637228,TP2,,
2026-09-25T01:52:52.150391+00:00,open,,KNCUSDT,ICT/SMC v2,long,,,0.1452,,0.144407866990115,0.1463881995148274,0.1475763990296549,137.741,20.0,,,,,
2026-09-25T01:53:05.710041+00:00,open,,LINKUSDT,ICT/SMC v2,long,,,13.4367,,13.221935815665898,13.758846276501153,14.080992553002304,1.48,20.0,,,,,
2026-09-25T01:54:51.161929+00:00,open,,PYTHUSDT,ICT/SMC v2,long,,,0.0680699999999999,,0.066734168612894,0.0700737470806589,0.0720774941613178,293.81,20.0,,,,,
2026-09-25T01:56:05.944394+00:00,open,,STXUSDT,ICT/SMC v2,long,,,0.3128999999999999,,0.308666841757402,0.3192497373638968,0.3255994747277937,63.9,20.0,,,,,
2026-09-25T01:56:22.756057+00:00,open,,SYNUSDT,ICT/SMC v2,long,,,0.2146,,0.2069085362067405,0.2261371956898892,0.2376743913797784,93.1,20.0,,,,,
2026-09-25T01:56:28.878714+00:00,close,,THETAUSDT,ICT/SMC v2,long,,,0.223955,0.2208042700190443,,,,44.6,,-0.1405225571506253,3090.2821060800775,SL,,
2026-09-25T02:04:36.052291+00:00,open,,AXSUSDT,ICT/SMC v2,long,,,1.13545,,1.1069599786911268,1.1781850319633098,1.2209200639266196,17.61,20.0,,,,,
2026-09-25T02:08:36.686599+00:00,close,,MAGICUSDT,ICT/SMC v2,long,,,0.05,0.0492173046766202,,,,200.0,,-0.156539064675952,3090.125567015401,SL,,
2026-09-25T02:12:42.352996+00:00,open,,ZRXUSDT,Supertrend+ADX,short,,,0.1205,,0.1223797277789146,0.1176804083316281,0.1148608166632562,248.962,30.0,,,,,
2026-09-25T02:21:54.958655+00:00,close,,GMXUSDT,ICT/SMC v2,short,,,8.13005,8.03091810054289,,,,1.23,,0.1219322363322469,3090.247499251733,TP1,,
2026-09-25T02:38:16.027448+00:00,close,,MANTAUSDT,ICT/SMC v2,long,,,0.0701,0.069038106380417,,,,142.6,,-0.1514260301525344,3090.0960732215813,SL,,
2026-09-25T02:38:16.352423+00:00,close,,MANTAUSDT,ICT/SMC v2,long,,,0.0701,0.069038106380417,,,,142.7,,-0.1515322195144927,3089.944541002066,SL,,
2026-09-25T02:38:36.957743+00:00,close,,NEARUSDT,ICT/SMC v2,long,,,4.5108,4.5108,,,,2.2,,0.0,3089.944541002066,SL,,
2026-09-25T02:38:40.425871+00:00,close,,NEOUSDT,ICT/SMC v2,long,,,2.62125,2.573386408777598,,,,3.814,,-0.18255173692224,3089.761989265144,SL,,
2026-09-25T02:38:52.122980+00:00,close,,NOTUSDT,ICT/SMC v2,long,,,0.00048285,0.0004782485311595,,,,20710.3,,-0.0952978001257483,3089.666691465019,SL,,
2026-09-25T02:39:45.666834+00:00,close,,RAREUSDT,ICT/SMC v2,short,,,0.01309,0.0129299743102861,,,,763.9,,0.1222436243724322,3089.7889350893915,TP1,,
2026-09-25T02:40:08.855003+00:00,close,,RPLUSDT,ICT/SMC v2,long,,,1.9465,1.9465,,,,5.1374,,0.0,3089.7889350893915,SL,,
2026-09-25T02:40:13.493664+00:00,close,,RSRUSDT,ICT/SMC v2,long,,,0.0017525,0.0017117472251489,,,,5706.13,,-0.2325406311609474,3089.5563944582304,SL,,
2026-09-25T02:40:22.858246+00:00,close,,RVNUSDT,ICT/SMC v2,long,,,0.002815,0.0027827839870499,,,,3552.3,,-0.1144409428025109,3089.441953515428,SL,,
2026-09-25T02:40:26.050054+00:00,open,,RVNUSDT,ICT/SMC v2,long,,,0.00278,,0.0027462911798674,0.0028305632301988,0.0028811264603977,7194.2,20.0,,,,,
2026-09-25T02:40:31.070600+00:00,close,,SAGAUSDT,ICT/SMC v2,long,,,0.06915,0.0564245360436441,,,,144.6,,-1.8401020880890528,3087.6018514273387,SL,,
2026-09-25T02:40:45.270357+00:00,close,,SKLUSDT,ICT/SMC v2,long,,,0.0045249999999999,0.0045249999999999,,,,2209.945,,0.0,3087.6018514273383,SL,,
2026-09-25T02:41:21.154210+00:00,close,,SYNUSDT,Supertrend+ADX,short,,,0.21155,0.2261675639676945,,,,70.9,,-1.0363852853095408,3086.5654661420285,SL,,
2026-09-25T02:41:22.840524+00:00,close,,SYNUSDT,ICT/SMC v2,long,,,0.2146,0.2261371956898892,,,,46.5,,0.5364795995798466,3087.1019457416082,TP1,,
2026-09-25T02:41:48.652739+00:00,close,,TURBOUSDT,ICT/SMC v2,long,,,0.00105595,0.0010422764107941,,,,9470.1,,-0.1294902571386566,3086.9724554844697,SL,,
2026-09-25T02:42:11.619663+00:00,close,,WLDUSDT,ICT/SMC v2,long,,,0.43515,0.43515,,,,23.0,,0.0,3086.9724554844697,SL,,
2026-09-25T02:42:26.520477+00:00,close,,ZKUSDT,ICT/SMC v2,long,,,0.0119849999999999,0.0118002535924747,,,,834.3,,-0.1541339277982792,3086.8183215566714,SL,,
2026-09-25T02:42:26.967046+00:00,close,,ZKUSDT,ICT/SMC v2,long,,,0.0119849999999999,0.0118002535924747,,,,834.4,,-0.1541524024390317,3086.6641691542322,SL,,
2026-09-25T02:42:32.640340+00:00,open,,ZROUSDT,Supertrend+ADX,long,,,1.459,,1.400069908758592,1.5473951368621122,1.6357902737242245,20.56,30.0,,,,,
2026-09-25T02:42:35.551675+00:00,close,,ZRXUSDT,ICT/SMC v2,short,,,0.12145,0.1199771958029099,,,,82.338,,0.1212677519799979,3086.7854369062125,TP1,,
2026-09-25T02:49:20.538670+00:00,open,,ASTERUSDT,Supertrend+ADX,short,,,0.7064,,0.7167776527370652,0.6908335208944023,0.6752670417888046,42.4688,30.0,,,,,
2026-09-25T02:49:27.446011+00:00,close,,AVNTUSDT,ICT/SMC v2,long,,,0.116015,0.1143006802818937,,,,86.195,,-0.1477657881021667,3086.63767111811,SL,,
2026-09-25T02:49:27.774097+00:00,close,,AVNTUSDT,ICT/SMC v2,long,,,0.116015,0.1143006802818937,,,,86.196,,-0.1477675024218848,3086.489903615688,SL,,
2026-09-25T02:49:42.398124+00:00,close,,BANDUSDT,ICT/SMC v2,long,,,0.2165,0.2165,,,,46.18938,,0.0,3086.489903615688,SL,,
2026-09-25T02:49:56.738348+00:00,close,,BERAUSDT,ICT/SMC v2,long,,,0.2290499999999999,0.2258214208053156,,,,43.6585,,-0.1409549247711259,3086.3489486909175,SL,,
2026-09-25T02:49:57.066545+00:00,close,,BERAUSDT,ICT/SMC v2,long,,,0.2290499999999999,0.2258214208053156,,,,43.6586,,-0.1409552476290454,3086.207993443288,SL,,
2026-09-25T02:50:03.407285+00:00,close,,BICOUSDT,ICT/SMC v2,long,,,0.0225,0.0221246830576653,,,,444.44444,,-0.1668075282584505,3086.04118591503,SL,,
2026-09-25T02:50:44.238877+00:00,open,,CHZUSDT,Supertrend+ADX,short,,,0.01612,,0.016566997786319,0.0154495033205214,0.0147790066410429,1861.0,30.0,,,,,
2026-09-25T02:50:47.387966+00:00,close,,CKBUSDT,ICT/SMC v2,long,,,0.0013925,0.0013925,,,,7181.33,,0.0,3086.0411859150304,SL,,
2026-09-25T02:51:17.795427+00:00,open,,DYDXUSDT,Supertrend+ADX,short,,,0.13145,,0.1348030848373017,0.1264203727440475,0.1213907454880949,228.22,30.0,,,,,
2026-09-25T02:51:27.515284+00:00,open,,EGLDUSDT,ICT/SMC v2,long,,,4.374499999999999,,4.312136492922639,4.468045260616039,4.561590521232079,4.571,20.0,,,,,
2026-09-25T02:51:31.055916+00:00,close,,EIGENUSDT,ICT/SMC v2,short,,,0.24035,0.2338630200026091,,,,41.6,,0.2698583678914613,3086.3110442829216,TP1,,
2026-09-25T02:52:54.054369+00:00,close,,IOUSDT,ICT/SMC v2,long,,,0.1577,0.1553390056494535,,,,63.41,,-0.1497106517681509,3086.161333631154,SL,,
2026-09-25T02:53:08.620796+00:00,open,,JUPUSDT,ICT/SMC v2,long,,,0.30455,,0.2984153221502547,0.3137520167746179,0.3229540335492359,65.6,20.0,,,,,
2026-09-25T02:53:12.533106+00:00,close,,KNCUSDT,ICT/SMC v2,long,,,0.1452,0.144407866990115,,,,68.8705,,-0.0545545964572836,3086.1067790346965,SL,,
2026-09-25T02:53:32.093224+00:00,close,,LQTYUSDT,ICT/SMC v2,long,,,0.2346,0.2313376936611625,,,,42.625,,-0.1390558076929463,3085.9677232270037,SL,,
2026-09-25T02:53:32.423859+00:00,close,,LQTYUSDT,ICT/SMC v2,long,,,0.2346,0.2313376936611625,,,,42.626,,-0.1390590699992851,3085.8286641570044,SL,,
2026-09-25T02:54:28.061625+00:00,close,,OGNUSDT,ICT/SMC v2,long,,,0.01968,0.0195428719605311,,,,508.13,,-0.0696788706953183,3085.758985286309,SL,,
2026-09-25T02:56:20.791962+00:00,close,,SLPUSDT,ICT/SMC v2,long,,,0.0006865,0.0006758607809441,,,,14566.6,,-0.1549772482988777,3085.6040080380094,SL,,
2026-09-25T02:56:38.462629+00:00,close,,STXUSDT,ICT/SMC v2,long,,,0.3128999999999999,0.308666841757402,,,,31.9,,-0.135037747938873,3085.4689702900705,SL,,
2026-09-25T02:56:38.797514+00:00,close,,STXUSDT,ICT/SMC v2,long,,,0.3128999999999999,0.308666841757402,,,,32.0,,-0.1354610637631328,3085.333509226308,SL,,
2026-09-25T02:57:19.547704+00:00,close,,UMAUSDT,ICT/SMC v2,long,,,0.409,0.4031625811099025,,,,24.4498,,-0.1427237243791039,3085.190785501928,SL,,
2026-09-25T02:57:19.954890+00:00,close,,UMAUSDT,ICT/SMC v2,long,,,0.409,0.4031625811099025,,,,24.4499,,-0.142724308120993,3085.048061193807,SL,,
2026-09-25T02:57:26.118879+00:00,open,,UNIUSDT,ICT/SMC v2,long,,,9.07495,,8.945029548872723,9.269830676690916,9.464711353381835,2.2,20.0,,,,,
2026-09-25T02:57:38.277829+00:00,close,,WIFUSDT,ICT/SMC v2,long,,,0.2402,0.2348445492022808,,,,41.63,,-0.2229474167090494,3084.825113777098,SL,,
2026-09-25T03:04:43.968940+00:00,open,,BANDUSDT,Supertrend+ADX,short,,,0.2165,,0.2195349545853453,0.211947568121982,0.2073951362439641,138.56812,30.0,,,,,
2026-09-25T03:05:49.176190+00:00,close,,DOGEUSDT,ICT/SMC v2,short,,,0.0960999499999999,0.0945453221947648,,,,104.0,,0.1616812917444551,3084.9867950688426,TP1,,
2026-09-25T03:06:21.081752+00:00,open,,ERAUSDT,Supertrend+ADX,short,,,0.0678,,0.0691472245294268,0.0657791632058596,0.0637583264117193,442.4778,30.0,,,,,
2026-09-25T03:06:44.028436+00:00,open,,FLOWUSDT,Supertrend+ADX,short,,,0.0314,,0.0323409737740349,0.0299885393389475,0.028577078677895,955.41,30.0,,,,,
2026-09-25T03:10:29.395080+00:00,open,,SKLUSDT,ICT/SMC v2,long,,,0.004535,,0.0044724866908854,0.0046287699636718,0.0047225399273436,4410.143,20.0,,,,,
2026-09-25T03:10:49.096758+00:00,open,,SUNUSDT,Supertrend+ADX,short,,,0.01723505,,0.0173255194608679,0.017099345808698,0.0169636416173961,1740.6,30.0,,,,,
2026-09-25T03:19:15.473570+00:00,open,,ARUSDT,ICT/SMC v2,short,,,4.4435,,4.526603192128055,4.318845211807918,4.1941904236158365,4.5,20.0,,,,,
2026-09-25T03:21:15.199274+00:00,close,,ENSUSDT,ICT/SMC v2,short,,,7.105,6.9755674394983895,,,,1.4074,,0.1821633856499671,3085.168958454493,TP1,,
2026-09-25T03:21:56.717198+00:00,open,,GALAUSDT,ICT/SMC v2,short,,,0.001987,,0.0020218151651913,0.001934777252213,0.001882554504426,10065.4,20.0,,,,,
2026-09-25T03:22:20.924461+00:00,close,,HMSTRUSDT,ICT/SMC v2,long,,,0.0001772,0.0001754109855802,,,,56433.4,,-0.1009601663549605,3085.0679982881375,SL,,
2026-09-25T03:22:46.179691+00:00,open,,JASMYUSDT,ICT/SMC v2,short,,,0.004421,,0.0044809735194976,0.0043310397207534,0.0042410794415069,4523.8,20.0,,,,,
2026-09-25T03:25:54.411424+00:00,open,,STRKUSDT,ICT/SMC v2,short,,,0.03905,,0.0396022453514529,0.0382216319728206,0.0373932639456412,512.16,20.0,,,,,
2026-09-25T03:26:27.989757+00:00,open,,TRBUSDT,ICT/SMC v2,short,,,19.9795,,20.347194962587626,19.427957556118567,18.876415112237133,1.001,20.0,,,,,
2026-09-25T03:34:12.445223+00:00,close,,ARPAUSDT,ICT/SMC v2,long,,,0.011181,0.0110719544480027,,,,894.37,,-0.0975270703397792,3084.9704712177977,SL,,
2026-09-25T03:34:55.092058+00:00,close,,BNBUSDT,ICT/SMC v2,short,,,776.71145,771.2695738659413,,,,0.012,,0.0653025136087044,3085.0357737314066,TP1,,
2026-09-25T03:35:42.482751+00:00,open,,DOGEUSDT,Supertrend+ADX,short,,,0.0949350499999999,,0.0971468390339534,0.0916173664490698,0.0882996828981397,316.0,30.0,,,,,
2026-09-25T03:36:51.638166+00:00,open,,GRAMUSDT,ICT/SMC v2,long,,,1.411,,1.396047933023747,1.4334281004643796,1.4558562009287594,14.17434,20.0,,,,,
2026-09-25T03:37:30.007804+00:00,open,,JOEUSDT,ICT/SMC v2,long,,,0.037,,0.0359319365781872,0.0386020951327191,0.0402041902654383,540.54054,20.0,,,,,
2026-09-25T03:49:25.957775+00:00,open,,ARBUSDT,ICT/SMC v2,long,,,0.217,,0.2129343863908303,0.2230984204137545,0.2291968408275089,92.1658,20.0,,,,,
2026-09-25T03:49:31.138034+00:00,open,,ARKMUSDT,Supertrend+ADX,long,,,0.13085,,0.1264166817337325,0.1374999773994012,0.1441499547988024,229.2,30.0,,,,,
2026-09-25T03:51:07.848223+00:00,open,,DOTUSDT,ICT/SMC v2,short,,,1.1359,,1.1511933705521866,1.11295994417172,1.09001988834344,17.6,20.0,,,,,
2026-09-25T03:51:15.052850+00:00,close,,DYMUSDT,ICT/SMC v2,long,,,0.0212,0.0200297977777561,,,,471.6,,-0.551867368010177,3084.4839063633963,SL,,
2026-09-25T03:56:27.713114+00:00,open,,SUNUSDT,ICT/SMC v2,short,,,0.017245,,0.0172876941657947,0.0171809587513078,0.0171169175026157,1159.7,20.0,,,,,
2026-09-25T03:56:36.770777+00:00,close,,SYNUSDT,ICT/SMC v2,long,,,0.2146,0.2146,,,,46.5,,0.0,3084.4839063633963,SL,,
2026-09-25T04:05:46.558214+00:00,close,,DUSKUSDT,ICT/SMC v2,long,,,0.08719,0.0854127962585781,,,,114.6,,-0.2036675487669451,3084.2802388146297,SL,,
2026-09-25T04:05:46.907512+00:00,close,,DUSKUSDT,ICT/SMC v2,long,,,0.08719,0.0854127962585781,,,,114.7,,-0.2038452691410872,3084.076393545488,SL,,
2026-09-25T04:20:24.534890+00:00,open,,CETUSUSDT,ICT/SMC v2,long,,,0.02795,,0.0272801859096552,0.0289547211355171,0.0299594422710342,715.563,20.0,,,,,
2026-09-25T04:23:02.992754+00:00,open,,LDOUSDT,ICT/SMC v2,short,,,0.43365,,0.4423139963347769,0.4206540054978345,0.4076580109956692,46.1201,20.0,,,,,
2026-09-25T04:24:54.474458+00:00,open,,RAYUSDT,ICT/SMC v2,short,,,2.0373,,2.075511511067897,1.9799827333981543,1.9226654667963088,9.8,20.0,,,,,
2026-09-25T04:26:13.242616+00:00,open,,SYNUSDT,ICT/SMC v2,long,,,0.2171,,0.2065079658730698,0.2329880511903952,0.2488761023807905,92.1,20.0,,,,,
2026-09-25T04:26:55.760379+00:00,open,,WIFUSDT,ICT/SMC v2,short,,,0.2361,,0.239414431096383,0.2311283533554254,0.2261567067108509,84.7,20.0,,,,,
2026-09-25T04:39:30.543978+00:00,close,,ONDOUSDT,ICT/SMC v2,long,,,0.506345,0.5420830914194557,,,,19.74,,0.7054699246200536,3084.781863470108,TP1,,
2026-09-25T04:41:26.477951+00:00,close,,STRKUSDT,ICT/SMC v2,short,,,0.03905,0.0396022453514529,,,,256.08,,-0.1414189896000625,3084.640444480508,SL,,
2026-09-25T04:49:54.495193+00:00,open,,BIGTIMEUSDT,Supertrend+ADX,long,,,0.008695,,0.0083313702074891,0.0092404446887662,0.0097858893775325,3450.25,30.0,,,,,
2026-09-25T04:51:46.563780+00:00,close,,GALAUSDT,ICT/SMC v2,short,,,0.001987,0.0020218151651913,,,,5032.7,,-0.1752142818584147,3084.46523019865,SL,,
2026-09-25T04:53:38.633840+00:00,open,,MOVRUSDT,Supertrend+ADX,long,,,0.9435,,0.9000303383996249,1.0087044924005628,1.0739089848011254,31.796,30.0,,,,,
2026-09-25T04:53:45.327127+00:00,open,,NEARUSDT,ICT/SMC v2,short,,,4.477550000000001,,4.590104855614868,4.3087177165777,4.139885433155399,4.4,20.0,,,,,
2026-09-25T04:54:10.364110+00:00,open,,ORDIUSDT,ICT/SMC v2,short,,,4.5790500000000005,,4.631334149057296,4.500623776414058,4.422197552828115,4.367,20.0,,,,,
2026-09-25T05:05:47.485292+00:00,open,,DOGSUSDT,ICT/SMC v2,short,,,4.73e-05,,4.780161887462187e-05,4.654757168806719e-05,4.579514337613439e-05,422832.9,20.0,,,,,
2026-09-25T05:18:33.334956+00:00,open,,1INCHUSDT,ICT/SMC v2,short,,,0.099915,,0.1007117056686435,0.0987199414970346,0.0975248829940693,200.17,20.0,,,,,
2026-09-25T05:18:41.294163+00:00,open,,AEROUSDT,Supertrend+ADX,long,,,0.70615,,0.6901411733353289,0.7301632399970069,0.7541764799940136,42.48,30.0,,,,,
2026-09-25T05:21:18.852856+00:00,close,,EGLDUSDT,ICT/SMC v2,long,,,4.374499999999999,4.468045260616039,,,,2.285,,0.2137509205076505,3084.678981119158,TP1,,
2026-09-25T05:26:31.410796+00:00,open,,TRXUSDT,ICT/SMC v2,short,,,0.3390419999999999,,0.339871127414307,0.3377983088785394,0.3365546177570788,58.9,20.0,,,,,
2026-09-25T05:26:35.857492+00:00,open,,UMAUSDT,ICT/SMC v2,short,,,0.405,,0.4077871649827083,0.4008192525259376,0.3966385050518752,49.3827,20.0,,,,,
2026-09-25T05:38:24.593601+00:00,open,,LUNAUSDT,ICT/SMC v2,long,,,0.05335,,0.0527445569043407,0.0542581646434889,0.0551663292869778,374.88,20.0,,,,,
2026-09-25T05:48:55.846059+00:00,close,,AIUSDT,ICT/SMC v2,long,,,0.01985,0.01985,,,,503.8,,0.0,3084.678981119158,SL,,
2026-09-25T05:49:55.113712+00:00,close,,BBUSDT,ICT/SMC v2,long,,,0.01045,0.0101134923077474,,,,956.9,,-0.3220042107164536,3084.3569769084415,SL,,
2026-09-25T05:50:07.002371+00:00,open,,BEAMXUSDT,ICT/SMC v2,long,,,0.0020115,,0.0019880276261779,0.0020467085607331,0.0020819171214662,9942.8,20.0,,,,,
2026-09-25T06:06:08.249243+00:00,close,,DOTUSDT,ICT/SMC v2,short,,,1.1359,1.1511933705521866,,,,8.8,,-0.134581660859243,3084.222395247582,SL,,
2026-09-25T06:12:34.282497+00:00,close,,WUSDT,ICT/SMC v2,long,,,0.01155,0.01155,,,,865.8,,0.0,3084.2223952475824,SL,,
2026-09-25T06:20:03.835653+00:00,open,,BERAUSDT,ICT/SMC v2,short,,,0.2246,,0.2275990700296415,0.2201013949555376,0.2156027899110752,89.0471,20.0,,,,,
2026-09-25T06:23:32.780763+00:00,open,,LQTYUSDT,ICT/SMC v2,short,,,0.2333,,0.2352781578075951,0.2303327632886073,0.2273655265772146,85.726,20.0,,,,,
2026-09-25T06:23:47.232927+00:00,close,,MANAUSDT,ICT/SMC v2,long,,,0.0855799999999999,0.0897194098236144,,,,116.8,,0.4834830673981711,3084.7058783149805,TP2,,
2026-09-25T06:25:47.682039+00:00,close,,RAREUSDT,ICT/SMC v2,short,,,0.01309,0.01309,,,,763.9,,-0.0,3084.7058783149805,SL,,
2026-09-25T06:26:07.289531+00:00,open,,RLCUSDT,ICT/SMC v2,short,,,0.3339499999999999,,0.3372392506542293,0.3290161240186561,0.3240822480373122,59.8892,20.0,,,,,
2026-09-25T06:26:25.193780+00:00,close,,RVNUSDT,ICT/SMC v2,long,,,0.00278,0.0028305632301988,,,,3597.1,,0.1818809953483597,3084.887759310329,TP1,,
2026-09-25T06:28:26.044434+00:00,close,,ZROUSDT,Supertrend+ADX,long,,,1.459,1.5473951368621122,,,,10.28,,0.9087020069425122,3085.796461317271,TP1,,
2026-09-25T06:34:15.229764+00:00,open,,ARKUSDT,ICT/SMC v2,long,,,0.1928,,0.1789077946074508,0.2136383080888237,0.2344766161776475,103.7,20.0,,,,,
2026-09-25T06:34:34.745971+00:00,close,,AXSUSDT,ICT/SMC v2,long,,,1.13545,1.1781850319633098,,,,8.8,,0.3760682812771257,3086.1725295985484,TP1,,
2026-09-25T06:36:00.836959+00:00,close,,DIAUSDT,ICT/SMC v2,long,,,0.14635,0.1529770778083167,,,,68.3,,0.4526294143080344,3086.6251590128563,TP2,,
2026-09-25T06:41:54.434555+00:00,open,,THETAUSDT,ICT/SMC v2,short,,,0.2203,,0.2227487666592935,0.2166268500110596,0.2129537000221192,90.7,20.0,,,,,
2026-09-25T06:49:28.382952+00:00,close,,ARKMUSDT,ICT/SMC v2,long,,,0.1301,0.1343685581328455,,,,76.8,,0.3278252646025357,3086.9529842774587,TP1,,
2026-09-25T06:51:33.541840+00:00,close,,EGLDUSDT,ICT/SMC v2,long,,,4.374499999999999,4.561590521232079,,,,2.285,,0.4275018410153011,3087.380486118474,TP2,,
2026-09-25T06:52:58.692705+00:00,close,,INITUSDT,ICT/SMC v2,long,,,0.0956,0.0956,,,,104.6025,,0.0,3087.380486118474,SL,,
2026-09-25T06:54:19.984842+00:00,open,,MOVRUSDT,ICT/SMC v2,long,,,0.982,,0.9416331445936912,1.042550283109463,1.103100566218926,20.366,20.0,,,,,
2026-09-25T06:56:47.614005+00:00,close,,SANDUSDT,ICT/SMC v2,long,,,0.04185,0.0443872055648753,,,,238.9,,0.6061384094487258,3087.9866245279227,TP2,,
2026-09-25T06:57:06.549001+00:00,close,,SLPUSDT,Supertrend+ADX,short,,,0.000657,0.0006939106781223,,,,22831.0,,-0.8427076922109636,3087.143916835712,SL,,
2026-09-25T06:57:06.956936+00:00,close,,SLPUSDT,Supertrend+ADX,short,,,0.000657,0.0006939106781223,,,,22831.1,,-0.8427113832787758,3086.3012054524334,SL,,
2026-09-25T07:04:13.087098+00:00,close,,ARUSDT,ICT/SMC v2,short,,,4.4435,4.526603192128055,,,,2.25,,-0.1869821822881241,3086.1142232701454,SL,,
2026-09-25T07:04:26.862151+00:00,close,,ASTERUSDT,Supertrend+ADX,short,,,0.7064,0.7167776527370652,,,,21.2344,,-0.2203632292799361,3085.893860040866,SL,,
2026-09-25T07:04:31.853312+00:00,open,,ASTERUSDT,Supertrend+ADX,long,,,0.7179500000000001,,0.7048506750753036,0.7375989873870448,0.7572479747740894,41.7856,30.0,,,,,
2026-09-25T07:06:15.885118+00:00,open,,EGLDUSDT,ICT/SMC v2,long,,,4.515000000000001,,4.433714622964807,4.636928065552792,4.758856131105583,4.429,20.0,,,,,
2026-09-25T07:10:09.178907+00:00,open,,RAREUSDT,Supertrend+ADX,long,,,0.013125,,0.0128086917457233,0.013599462381415,0.01407392476283,2285.7,30.0,,,,,
2026-09-25T07:19:48.094844+00:00,close,,ASTERUSDT,ICT/SMC v2,short,,,0.71305,0.7187186878037559,,,,14.0242,,-0.0794988114974342,3085.8143612293684,SL,,
2026-09-25T07:19:48.580862+00:00,close,,ASTERUSDT,ICT/SMC v2,short,,,0.71305,0.7187186878037559,,,,14.0243,,-0.0794993783662146,3085.7348618510023,SL,,
2026-09-25T07:23:45.389013+00:00,close,,LDOUSDT,ICT/SMC v2,short,,,0.43365,0.4423139963347769,,,,23.06,,-0.1997917554799561,3085.5350700955223,SL,,
2026-09-25T07:23:45.944642+00:00,close,,LDOUSDT,ICT/SMC v2,short,,,0.43365,0.4423139963347769,,,,23.0601,,-0.1997926218795896,3085.3352774736427,SL,,
2026-09-25T07:24:11.806067+00:00,open,,MAGICUSDT,ICT/SMC v2,short,,,0.049,,0.0494450653125499,0.048332402031175,0.0476648040623501,408.16326,20.0,,,,,
2026-09-25T07:24:18.714678+00:00,open,,MASKUSDT,ICT/SMC v2,short,,,0.462,,0.4660777026963893,0.4558834459554161,0.4497668919108321,43.29004,20.0,,,,,
2026-09-25T07:24:26.240214+00:00,open,,METISUSDT,ICT/SMC v2,short,,,3.465,,3.5102868275116594,3.39706975873251,3.32913951746502,5.772,20.0,,,,,
2026-09-25T07:26:24.038741+00:00,close,,RVNUSDT,ICT/SMC v2,long,,,0.00278,0.0028811264603977,,,,3597.1,,0.3637619906967226,3085.6990394643394,TP2,,
2026-09-25T07:38:12.443344+00:00,close,,KSMUSDT,Supertrend+ADX,short,,,4.640000000000001,4.640000000000001,,,,3.232759,,-0.0,3085.6990394643394,SL,,
2026-09-25T07:38:15.089845+00:00,close,,KSMUSDT,ICT/SMC v2,long,,,4.515000000000001,4.639182573757769,,,,2.214839,,0.2750444074790825,3085.9740838718185,TP1,,
2026-09-25T07:41:08.317823+00:00,open,,ROSEUSDT,Supertrend+ADX,long,,,0.007945,,0.0076948741723078,0.0083201887415382,0.0086953774830764,3775.9,30.0,,,,,
2026-09-25T07:43:05.686390+00:00,open,,YGGUSDT,Supertrend+ADX,long,,,0.02735,,0.026532959477492,0.0285755607837619,0.0298011215675238,1096.8921,30.0,,,,,
2026-09-25T07:48:42.449703+00:00,open,,AEROUSDT,ICT/SMC v2,long,,,0.7221,,0.7130954220666326,0.7356068669000512,0.7491137338001024,27.69,20.0,,,,,
2026-09-25T07:49:00.695312+00:00,close,,AMPUSDT,ICT/SMC v2,long,,,0.0004955,0.0004955,,,,20181.6,,0.0,3085.9740838718185,SL,,
2026-09-25T07:49:03.801241+00:00,open,,AMPUSDT,ICT/SMC v2,short,,,0.000495,,0.0005016676015125,0.0004849985977311,0.0004749971954623,40404.0,20.0,,,,,
2026-09-25T07:51:58.834683+00:00,open,,ETCUSDT,ICT/SMC v2,long,,,9.4517,,9.29609822595321,9.685102661070186,9.918505322140376,2.11,20.0,,,,,
2026-09-25T07:57:49.048946+00:00,close,,SUNUSDT,ICT/SMC v2,short,,,0.017245,0.0171809587513078,,,,579.8,,0.037131115991693,3086.01121498781,TP1,,
2026-09-25T08:04:14.863291+00:00,close,,ARKUSDT,ICT/SMC v2,long,,,0.1928,0.2136383080888237,,,,51.8,,1.0794243590010704,3087.0906393468113,TP1,,
2026-09-25T08:04:55.426381+00:00,close,,BEAMXUSDT,ICT/SMC v2,long,,,0.0020115,0.0020467085607331,,,,4971.4,,0.1750358388286488,3087.26567518564,TP1,,
2026-09-25T08:06:21.588752+00:00,close,,EIGENUSDT,ICT/SMC v2,short,,,0.24035,0.24035,,,,41.6,,-0.0,3087.26567518564,SL,,
2026-09-25T08:06:45.960616+00:00,close,,FETUSDT,Supertrend+ADX,long,,,0.2057,0.234548614527939,,,,72.921,,2.1036698199918398,3089.369345005632,TP2,,
2026-09-25T08:07:54.401579+00:00,open,,ILVUSDT,Supertrend+ADX,long,,,3.7895,,3.654889617753343,3.9914155733699865,4.193331146739974,7.9166,30.0,,,,,
2026-09-25T08:09:03.774474+00:00,close,,MAGICUSDT,ICT/SMC v2,short,,,0.049,0.0494450653125499,,,,204.08163,,-0.0908296544416537,3089.27851535119,SL,,
2026-09-25T08:10:08.305523+00:00,close,,OPUSDT,ICT/SMC v2,short,,,0.1319,0.134130727984517,,,,75.81,,-0.1691114885062388,3089.109403862684,SL,,
2026-09-25T08:10:08.708488+00:00,close,,OPUSDT,ICT/SMC v2,short,,,0.1319,0.134130727984517,,,,75.82,,-0.169133795786084,3088.940270066898,SL,,
2026-09-25T08:12:21.480472+00:00,close,,SEIUSDT,ICT/SMC v2,long,,,0.06035,0.0640594506328568,,,,165.7,,0.6146559698643852,3089.5549260367625,TP2,,
2026-09-25T08:13:50.869899+00:00,open,,WOOUSDT,Supertrend+ADX,long,,,0.012875,,0.0125769773113876,0.0133220340329185,0.0137690680658371,2330.097,30.0,,,,,
2026-09-25T08:18:30.693294+00:00,close,,1INCHUSDT,ICT/SMC v2,short,,,0.099915,0.1007117056686435,,,,100.08,,-0.079734303317848,3089.4751917334447,SL,,
2026-09-25T08:18:40.494063+00:00,close,,AEROUSDT,Supertrend+ADX,long,,,0.70615,0.7301632399970069,,,,21.24,,0.5100412175364262,3089.985232950981,TP1,,
2026-09-25T08:18:42.199789+00:00,close,,AEROUSDT,ICT/SMC v2,long,,,0.7221,0.7356068669000512,,,,13.84,,0.1869350378967087,3090.172167988878,TP1,,
2026-09-25T08:19:15.255914+00:00,open,,APTUSDT,Supertrend+ADX,long,,,0.82325,,0.7945385580918587,0.8663171628622122,0.9093843257244242,36.4409,30.0,,,,,
2026-09-25T08:20:05.743999+00:00,close,,BANANAUSDT,ICT/SMC v2,long,,,4.01,4.056410810950869,,,,2.4937,,0.1157346392681819,3090.287902628146,TP1,,
2026-09-25T08:20:09.406207+00:00,close,,BANDUSDT,Supertrend+ADX,short,,,0.2165,0.2195349545853453,,,,69.28406,,-0.2102739755883393,3090.077628652558,SL,,
2026-09-25T08:20:25.750503+00:00,close,,BERAUSDT,ICT/SMC v2,short,,,0.2246,0.2275990700296415,,,,44.5235,,-0.1335290944647472,3089.944099558093,SL,,
2026-09-25T08:20:26.148891+00:00,close,,BERAUSDT,ICT/SMC v2,short,,,0.2246,0.2275990700296415,,,,44.5236,,-0.1335293943717501,3089.8105701637214,SL,,
2026-09-25T08:21:15.841748+00:00,close,,CHRUSDT,ICT/SMC v2,long,,,0.0212635,0.0205865017859607,,,,470.28,,-0.3183787200983864,3089.492191443623,SL,,
2026-09-25T08:21:16.252061+00:00,close,,CHRUSDT,ICT/SMC v2,long,,,0.0212635,0.0205865017859607,,,,470.29,,-0.3183854900805269,3089.173805953543,SL,,
2026-09-25T08:21:43.859151+00:00,close,,DOGEUSDT,ICT/SMC v2,short,,,0.0960999499999999,0.0960999499999999,,,,104.1,,-0.0,3089.173805953543,SL,,
2026-09-25T08:21:49.787207+00:00,close,,DOGSUSDT,ICT/SMC v2,short,,,4.73e-05,4.780161887462187e-05,,,,211416.4,,-0.1060504566446075,3089.0677554968984,SL,,
2026-09-25T08:21:50.172484+00:00,close,,DOGSUSDT,ICT/SMC v2,short,,,4.73e-05,4.780161887462187e-05,,,,211416.5,,-0.106050506806495,3088.961704990092,SL,,
2026-09-25T08:21:57.471598+00:00,close,,DYDXUSDT,Supertrend+ADX,short,,,0.13145,0.1348030848373017,,,,114.11,,-0.3826205107844945,3088.5790844793078,SL,,
2026-09-25T08:22:19.257430+00:00,close,,ENSUSDT,ICT/SMC v2,short,,,7.105,7.105,,,,1.4075,,-0.0,3088.5790844793073,SL,,
2026-09-25T08:22:40.813098+00:00,close,,ETHFIUSDT,ICT/SMC v2,long,,,0.6693,0.6846395478767497,,,,14.9,,0.2285592633635711,3088.8076437426707,TP1,,
2026-09-25T08:22:52.293084+00:00,open,,FILUSDT,Supertrend+ADX,long,,,1.0166,,0.9842501697472557,1.0651247453791164,1.1136494907582326,29.51,30.0,,,,,
2026-09-25T08:23:04.856725+00:00,open,,FLOWUSDT,ICT/SMC v2,short,,,0.03195,,0.0324016204587839,0.031272569311824,0.030595138623648,625.97,20.0,,,,,
2026-09-25T08:23:21.195267+00:00,close,,GMXUSDT,ICT/SMC v2,short,,,8.13005,8.13005,,,,1.23,,-0.0,3088.8076437426707,SL,,
2026-09-25T08:24:07.608077+00:00,close,,JASMYUSDT,ICT/SMC v2,short,,,0.004421,0.0044809735194976,,,,2261.9,,-0.135654103751792,3088.6719896389186,SL,,
2026-09-25T08:24:18.815948+00:00,close,,JUPUSDT,ICT/SMC v2,long,,,0.30455,0.3137520167746179,,,,32.8,,0.301826150207469,3088.9738157891265,TP1,,
2026-09-25T08:24:25.137638+00:00,open,,KNCUSDT,ICT/SMC v2,short,,,0.14695,,0.1480596464834906,0.145285530274764,0.1436210605495281,136.1007,20.0,,,,,
2026-09-25T08:24:37.741359+00:00,close,,LINKUSDT,ICT/SMC v2,long,,,13.4367,13.758846276501153,,,,0.74,,0.2383882446108529,3089.212204033737,TP1,,
2026-09-25T08:24:42.870773+00:00,close,,LQTYUSDT,ICT/SMC v2,short,,,0.2333,0.2352781578075951,,,,42.863,,-0.0847897781069503,3089.1274142556304,SL,,
2026-09-25T08:25:33.341713+00:00,close,,NEARUSDT,ICT/SMC v2,short,,,4.477550000000001,4.590104855614868,,,,2.2,,-0.2476206823527079,3088.879793573278,SL,,
2026-09-25T08:25:58.053405+00:00,close,,ONDOUSDT,ICT/SMC v2,long,,,0.506345,0.5778211828389114,,,,19.75,,1.4116546110684989,3090.291448184347,TP2,,
2026-09-25T08:26:04.872066+00:00,close,,ORDIUSDT,ICT/SMC v2,short,,,4.5790500000000005,4.631334149057296,,,,2.183,,-0.1141362973920763,3090.177311886954,SL,,
2026-09-25T08:26:05.284724+00:00,close,,ORDIUSDT,ICT/SMC v2,short,,,4.5790500000000005,4.631334149057296,,,,2.184,,-0.1141885815411336,3090.0631233054137,SL,,
2026-09-25T08:26:16.284133+00:00,open,,PENDLEUSDT,ICT/SMC v2,short,,,2.5989500000000003,,2.6375861974645147,2.5409957038032287,2.483041407606457,7.6,20.0,,,,,
2026-09-25T08:26:33.176586+00:00,close,,POLYXUSDT,ICT/SMC v2,long,,,0.0436499999999999,0.0445997994669401,,,,229.0,,0.2175040779292905,3090.280627383343,TP1,,
2026-09-25T08:27:40.788833+00:00,open,,SANDUSDT,ICT/SMC v2,long,,,0.04514,,0.0437147437766901,0.0472778843349647,0.0494157686699294,443.0,20.0,,,,,
2026-09-25T08:28:28.548709+00:00,close,,THETAUSDT,ICT/SMC v2,short,,,0.2203,0.2227487666592935,,,,45.3,,-0.110929129665998,3090.169698253677,SL,,
2026-09-25T08:28:28.950334+00:00,close,,THETAUSDT,ICT/SMC v2,short,,,0.2203,0.2227487666592935,,,,45.4,,-0.1111740063319274,3090.058524247345,SL,,
2026-09-25T08:28:53.054871+00:00,close,,UMAUSDT,ICT/SMC v2,short,,,0.405,0.4077871649827083,,,,24.6913,,-0.0688187267375443,3089.9897055206075,SL,,
2026-09-25T08:28:53.496341+00:00,close,,UMAUSDT,ICT/SMC v2,short,,,0.405,0.4077871649827083,,,,24.6914,,-0.0688190054540426,3089.9208865151536,SL,,
2026-09-25T08:29:10.074989+00:00,close,,WIFUSDT,ICT/SMC v2,short,,,0.2361,0.239414431096383,,,,42.35,,-0.1403661569318208,3089.7805203582216,SL,,
2026-09-25T08:29:36.702784+00:00,close,,ZRXUSDT,Supertrend+ADX,short,,,0.1205,0.1223797277789146,,,,124.481,,-0.2339903936470679,3089.546529964574,SL,,
2026-09-25T08:29:39.016648+00:00,close,,ZRXUSDT,ICT/SMC v2,short,,,0.12145,0.12145,,,,82.338,,-0.0,3089.546529964574,SL,,
2026-09-25T08:33:57.269358+00:00,close,,APEUSDT,ICT/SMC v2,short,,,0.1515,0.1534688852408314,,,,66.0,,-0.1299464258948769,3089.416583538679,SL,,
2026-09-25T08:34:05.028537+00:00,close,,APTUSDT,ICT/SMC v2,long,,,0.8025,0.8234939113219019,,,,12.461,,0.2616051289822192,3089.6781886676613,TP1,,
2026-09-25T08:34:39.942458+00:00,open,,BANDUSDT,Supertrend+ADX,long,,,0.2195,,0.2155580303331271,0.2254129545003093,0.2313259090006187,136.67425,30.0,,,,,
2026-09-25T08:34:58.736113+00:00,close,,BLURUSDT,ICT/SMC v2,long,,,0.02,0.0204130580979018,,,,500.0,,0.2065290489509114,3089.884717716612,TP1,,
2026-09-25T08:35:02.027734+00:00,open,,BLURUSDT,Supertrend+ADX,long,,,0.02045,,0.0200184236615313,0.0210973645077029,0.0217447290154058,1466.9926,30.0,,,,,
2026-09-25T08:35:20.393611+00:00,open,,CELOUSDT,Supertrend+ADX,long,,,0.09305,,0.0912998479859736,0.0956752280210394,0.0983004560420789,322.4,30.0,,,,,
2026-09-25T08:35:36.731376+00:00,open,,COMPUSDT,Supertrend+ADX,long,,,23.825,,23.356326505034637,24.528010242448048,25.23102048489609,1.25918,30.0,,,,,
2026-09-25T08:35:58.898821+00:00,open,,DYDXUSDT,Supertrend+ADX,long,,,0.1354,,0.1317108780025465,0.1409336829961801,0.1464673659923603,221.56,30.0,,,,,
2026-09-25T08:36:46.794466+00:00,close,,FLOWUSDT,Supertrend+ADX,short,,,0.0314,0.0323409737740349,,,,477.7,,-0.4495031718565064,3089.4352145447556,SL,,
2026-09-25T08:36:47.311418+00:00,close,,FLOWUSDT,Supertrend+ADX,short,,,0.0314,0.0323409737740349,,,,477.71,,-0.4495125815942468,3088.9857019631613,SL,,
2026-09-25T08:36:51.454418+00:00,open,,FLOWUSDT,Supertrend+ADX,long,,,0.0324,,0.0312881175717599,0.03406782364236,0.0357356472847201,925.92,30.0,,,,,
2026-09-25T08:38:15.328519+00:00,open,,LAYERUSDT,Supertrend+ADX,long,,,0.0781999999999999,,0.0768989886860378,0.0801515169709432,0.0821030339418864,383.6317,30.0,,,,,
2026-09-25T08:38:37.532984+00:00,open,,MAGICUSDT,Supertrend+ADX,long,,,0.0495,,0.048685391293737,0.0507219130593943,0.0519438261187887,606.0606,30.0,,,,,
2026-09-25T08:38:51.451488+00:00,open,,MEMEUSDT,Supertrend+ADX,long,,,0.000638,,0.0006191018947121,0.0006663471579317,0.0006946943158635,47021.9,30.0,,,,,
2026-09-25T08:39:11.454278+00:00,close,,MTLUSDT,Supertrend+ADX,long,,,0.31605,0.3392065309957167,,,,47.4608,,1.099027486281513,3090.084729449443,TP2,,
2026-09-25T08:39:13.606882+00:00,close,,MTLUSDT,ICT/SMC v2,long,,,0.33285,0.3389138273655236,,,,30.0435,,0.1821785974561093,3090.266908046899,TP1,,
2026-09-25T08:39:19.559453+00:00,close,,NEWTUSDT,ICT/SMC v2,long,,,0.0494099999999999,0.0500788689467352,,,,202.388,,0.1353710483918451,3090.402279095291,TP1,,
2026-09-25T08:39:38.204259+00:00,open,,ORDIUSDT,Supertrend+ADX,long,,,4.629,,4.495512856548599,4.8292307151771015,5.029461430354203,6.48,30.0,,,,,
2026-09-25T08:39:47.757326+00:00,open,,PENDLEUSDT,Supertrend+ADX,long,,,2.6192,,2.5316460101799296,2.750530984730106,2.881861969460212,11.4,30.0,,,,,
2026-09-25T08:41:31.827160+00:00,open,,SSVUSDT,Supertrend+ADX,long,,,3.1515,,3.0639602349921176,3.282809647511823,3.4141192950236463,9.5192,30.0,,,,,
2026-09-25T08:42:09.679306+00:00,close,,TAOUSDT,ICT/SMC v2,long,,,292.765,303.4689043815499,,,,0.0341,,0.3650031394108526,3090.7672822347017,TP1,,
2026-09-25T08:49:30.058245+00:00,close,,ATOMUSDT,ICT/SMC v2,long,,,1.7533,1.8009918068604571,,,,5.703,,0.271986374525189,3091.039268609227,TP1,,
2026-09-25T08:51:31.360196+00:00,close,,EGLDUSDT,ICT/SMC v2,long,,,4.515000000000001,4.636928065552792,,,,2.214,,0.2699487371338798,3091.3092173463606,TP1,,
2026-09-25T08:52:51.675024+00:00,close,,ICPUSDT,ICT/SMC v2,long,,,3.0795000000000003,3.2172116939585464,,,,3.24,,0.4461858884256894,3091.755403234786,TP1,,
2026-09-25T08:54:40.160628+00:00,close,,MOVRUSDT,Supertrend+ADX,long,,,0.9435,1.0087044924005628,,,,15.898,,1.0366210201841477,3092.792024254971,TP1,,
2026-09-25T08:55:07.115647+00:00,open,,ONDOUSDT,ICT/SMC v2,long,,,0.56705,,0.5469231454231992,0.5972402818652012,0.6274305637304025,35.27,20.0,,,,,
2026-09-25T08:55:51.295347+00:00,close,,PYTHUSDT,ICT/SMC v2,long,,,0.0680699999999999,0.0700737470806589,,,,146.9,,0.294350446148798,3093.086374701119,TP1,,
2026-09-25T08:57:11.716507+00:00,close,,SUNUSDT,Supertrend+ADX,short,,,0.01723505,0.0173255194608679,,,,870.3,,-0.0787355717933865,3093.007639129326,SL,,
2026-09-25T08:57:17.654332+00:00,close,,SUNUSDT,ICT/SMC v2,short,,,0.017245,0.017245,,,,579.9,,-0.0,3093.0076391293255,SL,,
2026-09-25T08:57:36.270383+00:00,open,,SYNUSDT,Supertrend+ADX,short,,,0.21345,,0.2275277052375564,0.1923334421436654,0.1712168842873308,140.5,30.0,,,,,
2026-09-25T09:04:00.063921+00:00,close,,AMPUSDT,ICT/SMC v2,short,,,0.000495,0.0005016676015125,,,,20202.0,,-0.1346988857567403,3092.872940243569,SL,,
2026-09-25T09:04:29.241331+00:00,close,,ASTERUSDT,Supertrend+ADX,long,,,0.7179500000000001,0.7375989873870448,,,,20.8928,,0.4105223636800471,3093.283462607249,TP1,,
2026-09-25T09:04:58.600379+00:00,close,,BEAMXUSDT,ICT/SMC v2,long,,,0.0020115,0.0020819171214662,,,,4971.4,,0.3500716776572999,3093.6335342849065,TP2,,
2026-09-25T09:07:20.853874+00:00,close,,GRTUSDT,ICT/SMC v2,long,,,0.025615,0.0265107312273873,,,,390.3,,0.3496038980492931,3093.983138182956,TP1,,
2026-09-25T09:07:25.176737+00:00,close,,GTCUSDT,Supertrend+ADX,short,,,0.0859,0.087406725416013,,,,174.6216,,-0.2631068029048585,3093.720031380051,SL,,
2026-09-25T09:07:28.368595+00:00,close,,GTCUSDT,ICT/SMC v2,long,,,0.0862,0.0874557226897359,,,,116.0092,,0.1456753846581189,3093.8657067647086,TP1,,
2026-09-25T09:07:52.360869+00:00,close,,ILVUSDT,ICT/SMC v2,long,,,3.7685,3.8662003797406967,,,,2.6535,,0.2592479576419389,3094.1249547223506,TP1,,
2026-09-25T09:10:00.100779+00:00,close,,PENDLEUSDT,ICT/SMC v2,short,,,2.5989500000000003,2.6375861974645147,,,,3.8,,-0.1468175503651547,3093.9781371719855,SL,,
2026-09-25T09:10:27.344595+00:00,close,,PUMPUSDT,ICT/SMC v2,short,,,0.0038915,0.0039707663273905,,,,2569.7,,-0.2036906814954031,3093.7744464904904,SL,,
2026-09-25T09:11:29.170698+00:00,open,,SEIUSDT,ICT/SMC v2,long,,,0.06675,,0.0647924152982641,0.0696863770526038,0.0726227541052076,299.6,20.0,,,,,
2026-09-25T09:11:47.794471+00:00,open,,STRKUSDT,Supertrend+ADX,long,,,0.03975,,0.0385449041296343,0.0415576438055484,0.0433652876110968,754.71,30.0,,,,,
2026-09-25T09:12:34.341187+00:00,open,,TURBOUSDT,Supertrend+ADX,long,,,0.0010583049999999,,0.0010279916468621,0.0011037750297067,0.0011492450594135,28347.2,30.0,,,,,
2026-09-25T09:12:40.790525+00:00,close,,UNIUSDT,ICT/SMC v2,long,,,9.07495,9.269830676690916,,,,1.1,,0.2143687443600077,3093.98881523485,TP1,,
2026-09-25T09:18:34.227007+00:00,open,,1INCHUSDT,ICT/SMC v2,long,,,0.10134,,0.1004332213082588,0.1027001680376117,0.1040603360752234,197.35,20.0,,,,,
2026-09-25T09:18:41.893519+00:00,close,,AEROUSDT,Supertrend+ADX,long,,,0.70615,0.7541764799940136,,,,21.24,,1.0200824350728477,3095.008897669922,TP2,,
2026-09-25T09:18:43.952384+00:00,close,,AEROUSDT,ICT/SMC v2,long,,,0.7221,0.7491137338001024,,,,13.85,,0.3741402131314184,3095.383037883054,TP2,,
2026-09-25T09:19:16.770407+00:00,open,,ARUSDT,ICT/SMC v2,long,,,4.6715,,4.5764867083179,4.814019937523149,4.956539875046299,4.28,20.0,,,,,
2026-09-25T09:19:21.811542+00:00,close,,ARKUSDT,ICT/SMC v2,long,,,0.1928,0.2344766161776475,,,,51.9,,2.1630163796199056,3097.546054262674,TP2,,
2026-09-25T09:20:23.824591+00:00,open,,BTCUSDT,Supertrend+ADX,long,,,84613.57500000001,,83841.62323350877,85771.50264973687,86929.43029947372,0.000354,30.0,,,,,
2026-09-25T09:21:44.302090+00:00,close,,FETUSDT,ICT/SMC v2,long,,,0.22715,0.2362990776296313,,,,44.023,,0.402769844489261,3097.948824107163,TP1,,
2026-09-25T09:22:10.791517+00:00,open,,GALAUSDT,ICT/SMC v2,long,,,0.0020775,,0.0020380301073165,0.0021367048390252,0.0021959096780504,9626.9,20.0,,,,,
2026-09-25T09:22:43.470995+00:00,close,,IMXUSDT,ICT/SMC v2,long,,,0.1526,0.1573473782699113,,,,65.5307,,0.311099021192079,3098.2599231283552,TP1,,
2026-09-25T09:24:42.193408+00:00,open,,OPUSDT,ICT/SMC v2,long,,,0.1349,,0.1326037434859672,0.1383443847710491,0.1417887695420983,148.25,20.0,,,,,
2026-09-25T09:26:07.286062+00:00,close,,RUNEUSDT,Supertrend+ADX,short,,,0.6094999999999999,0.6415160469315555,,,,24.6,,-0.7875947545162671,3097.472328373839,SL,,
2026-09-25T09:26:10.669186+00:00,close,,RUNEUSDT,ICT/SMC v2,long,,,0.62845,0.6415653822639407,,,,15.9,,0.2085345779966573,3097.6808629518355,TP1,,
2026-09-25T09:26:49.158984+00:00,open,,SSVUSDT,ICT/SMC v2,long,,,3.1345,,3.093631102713315,3.1958033459300275,3.2571066918600557,6.3806,20.0,,,,,
2026-09-25T09:27:55.419618+00:00,close,,TRXUSDT,Supertrend+ADX,short,,,0.34135,0.3375210990104037,,,,43.9,,0.1680887534432759,3097.848951705279,TP1,,
2026-09-25T09:27:57.821933+00:00,close,,TRXUSDT,ICT/SMC v2,short,,,0.3390419999999999,0.3377983088785394,,,,29.4,,0.0365645189709403,3097.88551622425,TP1,,
2026-09-25T09:28:16.116220+00:00,open,,WUSDT,Supertrend+ADX,long,,,0.0119,,0.0115759605918371,0.0123860591122443,0.0128721182244886,2521.0,30.0,,,,,
2026-09-25T09:34:08.240136+00:00,close,,ARUSDT,Supertrend+ADX,short,,,4.3975,4.705420660345621,,,,3.41,,-1.050009451778568,3096.8355067724715,SL,,
2026-09-25T09:34:20.083237+00:00,open,,ARKUSDT,ICT/SMC v2,long,,,0.2139,,0.1981536651667127,0.2375195022499309,0.2611390044998619,93.5,20.0,,,,,
2026-09-25T09:35:12.123433+00:00,close,,BNBUSDT,ICT/SMC v2,short,,,776.71145,776.71145,,,,0.013,,-0.0,3096.8355067724724,SL,,
2026-09-25T09:35:14.463774+00:00,open,,BNBUSDT,Supertrend+ADX,long,,,777.7445,,769.5061242458946,790.102063631158,802.4596272623162,0.038,30.0,,,,,
2026-09-25T09:35:38.777531+00:00,open,,CELOUSDT,ICT/SMC v2,long,,,0.09335,,0.0924079397596358,0.0947630903605462,0.0961761807210924,214.24,20.0,,,,,
2026-09-25T09:36:21.572780+00:00,open,,DUSKUSDT,ICT/SMC v2,long,,,0.08817,,0.0867249293340915,0.0903376059988626,0.0925052119977253,226.8,20.0,,,,,
2026-09-25T09:36:29.498813+00:00,close,,EDUUSDT,ICT/SMC v2,short,,,0.05005,0.0512783407112286,,,,199.8,,-0.2454224741034808,3096.5900842983683,SL,,
2026-09-25T09:36:47.620050+00:00,close,,ERAUSDT,Supertrend+ADX,short,,,0.0678,0.0691472245294268,,,,221.2389,,-0.2980584729434186,3096.2920258254244,SL,,
2026-09-25T09:36:49.486029+00:00,close,,ERAUSDT,ICT/SMC v2,long,,,0.06795,0.069442948130243,,,,147.167,,0.2197126974834845,3096.5117385229078,TP1,,
2026-09-25T09:36:57.058119+00:00,close,,ETHUSDT,ICT/SMC v2,short,,,2676.645,2708.234611782324,,,,0.003736,,-0.1180187896187608,3096.393719733289,SL,,
2026-09-25T09:36:59.942645+00:00,open,,ETHUSDT,Supertrend+ADX,long,,,2711.83,,2671.118222247856,2772.897666628216,2833.9653332564308,0.011062,30.0,,,,,
2026-09-25T09:37:24.957704+00:00,close,,FLOWUSDT,ICT/SMC v2,short,,,0.03195,0.0324016204587839,,,,312.98,,-0.1413481711902088,3096.2523715620987,SL,,
2026-09-25T09:37:25.322867+00:00,close,,FLOWUSDT,ICT/SMC v2,short,,,0.03195,0.0324016204587839,,,,312.99,,-0.1413526873947966,3096.111018874704,SL,,
2026-09-25T09:37:45.073030+00:00,open,,GMXUSDT,ICT/SMC v2,long,,,8.18005,,8.107604417091832,8.288718374362253,8.397386748724504,2.4449,20.0,,,,,
2026-09-25T09:38:05.877283+00:00,open,,HMSTRUSDT,ICT/SMC v2,long,,,0.0001779,,0.0001761616388021,0.0001805075417967,0.0001831150835934,112422.7,20.0,,,,,
2026-09-25T09:38:25.237062+00:00,open,,INJUSDT,Supertrend+ADX,long,,,8.116,,7.820271975257383,8.559592037113923,9.003184074227848,3.6964,30.0,,,,,
2026-09-25T09:39:21.380911+00:00,open,,MAGICUSDT,ICT/SMC v2,long,,,0.05,,0.0495809374607273,0.0506285938089089,0.0512571876178179,400.0,20.0,,,,,
2026-09-25T09:39:37.992160+00:00,close,,MEMEUSDT,ICT/SMC v2,long,,,0.000624,0.0006411624096442,,,,16025.6,,0.2750379119951861,3096.386056786699,TP1,,
2026-09-25T09:40:19.602789+00:00,open,,OGNUSDT,ICT/SMC v2,long,,,0.019755,,0.0196313005685777,0.0199405491471333,0.0201260982942666,1012.401,20.0,,,,,
2026-09-25T09:40:33.115576+00:00,open,,ORDIUSDT,ICT/SMC v2,long,,,4.640000000000001,,4.579162609511683,4.731256085732477,4.822512171464953,4.31,20.0,,,,,
2026-09-25T09:40:40.898952+00:00,open,,PENDLEUSDT,ICT/SMC v2,long,,,2.63085,,2.586761227358787,2.69698315896182,2.7631163179236395,7.6,20.0,,,,,
2026-09-25T09:40:44.263665+00:00,open,,PEOPLEUSDT,ICT/SMC v2,long,,,0.009395,,0.0092679024190551,0.0095856463714172,0.0097762927428345,2128.791,20.0,,,,,
2026-09-25T09:40:56.017578+00:00,open,,PIXELUSDT,Supertrend+ADX,long,,,0.00573,,0.0055686713877323,0.0059719929184015,0.0062139858368029,5235.6,30.0,,,,,
2026-09-25T09:41:40.806839+00:00,close,,RENDERUSDT,ICT/SMC v2,long,,,1.8385,1.9041792274007592,,,,5.43,,0.3566382047861222,3096.742694991485,TP1,,
2026-09-25T09:41:59.789878+00:00,open,,RSRUSDT,ICT/SMC v2,long,,,0.0017434999999999,,0.0017238240636857,0.0017730139044713,0.0018025278089426,11471.17,20.0,,,,,
2026-09-25T09:42:05.597331+00:00,open,,RUNEUSDT,Supertrend+ADX,long,,,0.6422,,0.6230459763024094,0.6709310355463859,0.6996620710927717,46.7,30.0,,,,,
2026-09-25T09:42:34.324186+00:00,open,,SOLUSDT,Supertrend+ADX,long,,,118.3445,,116.21514086036596,121.53853870945105,124.7325774189021,0.253,30.0,,,,,
2026-09-25T09:43:53.219341+00:00,open,,WIFUSDT,ICT/SMC v2,long,,,0.24025,,0.2364384358177245,0.245967346273413,0.2516846925468262,83.24,20.0,,,,,
2026-09-25T09:44:20.557289+00:00,open,,ZRXUSDT,ICT/SMC v2,long,,,0.12325,,0.1222237844925204,0.1247893232612193,0.1263286465224387,162.271,20.0,,,,,
2026-09-25T09:48:59.863028+00:00,open,,ALGOUSDT,ICT/SMC v2,long,,,0.118,,0.1160122329983223,0.1209816505025164,0.1239633010050329,169.4,20.0,,,,,
2026-09-25T09:49:28.590866+00:00,close,,ARBUSDT,ICT/SMC v2,long,,,0.217,0.2230984204137545,,,,46.0829,,0.2810328980850071,3097.02372788957,TP1,,
2026-09-25T09:53:53.859785+00:00,close,,LINKUSDT,ICT/SMC v2,long,,,13.4367,14.080992553002304,,,,0.74,,0.4767764892217059,3097.500504378792,TP2,,
2026-09-25T09:54:47.184901+00:00,open,,MINAUSDT,ICT/SMC v2,short,,,0.141085,,0.1438812944676973,0.136890558298454,0.132696116596908,141.7,20.0,,,,,
2026-09-25T09:56:18.211840+00:00,close,,RAYUSDT,ICT/SMC v2,short,,,2.0373,2.075511511067897,,,,4.9,,-0.1872364042326947,3097.313267974559,SL,,
2026-09-25T10:04:29.845419+00:00,open,,ASTERUSDT,ICT/SMC v2,long,,,0.72765,,0.7189799456527665,0.7406550815208504,0.7536601630417008,27.4857,20.0,,,,,
2026-09-25T10:05:18.273361+00:00,open,,BNBUSDT,ICT/SMC v2,long,,,774.7864999999999,,770.8667783144608,780.6660825283085,786.5456650566173,0.025,20.0,,,,,
2026-09-25T10:05:30.347281+00:00,close,,CAKEUSDT,ICT/SMC v2,long,,,2.745,2.7169265131563853,,,,3.642,,-0.1022436390844449,3097.2110243354746,SL,,
2026-09-25T10:05:30.695929+00:00,close,,CAKEUSDT,ICT/SMC v2,long,,,2.745,2.7169265131563853,,,,3.643,,-0.1022717125712886,3097.1087526229035,SL,,
2026-09-25T10:09:03.052805+00:00,close,,MAGICUSDT,ICT/SMC v2,long,,,0.05,0.0495809374607273,,,,200.0,,-0.0838125078545276,3097.024940115049,SL,,
2026-09-25T10:10:30.427492+00:00,close,,PAXGUSDT,ICT/SMC v2,short,,,4292.52,4292.52,,,,0.00233,,-0.0,3097.024940115049,SL,,
2026-09-25T10:11:25.868139+00:00,close,,RENDERUSDT,ICT/SMC v2,long,,,1.8385,1.9698584548015183,,,,5.43,,0.7132764095722444,3097.7382165246213,TP2,,
2026-09-25T10:18:43.686165+00:00,open,,AEROUSDT,ICT/SMC v2,long,,,0.76715,,0.7511430968177027,0.7911603547734459,0.8151707095468916,26.07,20.0,,,,,
2026-09-25T10:19:15.449306+00:00,close,,ARUSDT,ICT/SMC v2,long,,,4.6715,4.814019937523149,,,,2.14,,0.3049926662995388,3098.043209190921,TP1,,
2026-09-25T10:20:11.500455+00:00,open,,BICOUSDT,ICT/SMC v2,long,,,0.0225,,0.0222583408600994,0.0228624887098508,0.0232249774197017,888.88888,20.0,,,,,
2026-09-25T10:21:12.081477+00:00,open,,DIAUSDT,ICT/SMC v2,long,,,0.159,,0.1551822617461033,0.164726607380845,0.1704532147616901,125.7,20.0,,,,,
2026-09-25T10:22:50.319835+00:00,close,,GTCUSDT,ICT/SMC v2,long,,,0.0862,0.0887114453794719,,,,116.0092,,0.2913507693162411,3098.334559960237,TP2,,
2026-09-25T10:27:25.434990+00:00,open,,SOLUSDT,ICT/SMC v2,long,,,118.6135,,117.55026309312272,120.20835536031592,121.80321072063192,0.168,20.0,,,,,
2026-09-25T10:27:42.933658+00:00,open,,STXUSDT,ICT/SMC v2,long,,,0.3181,,0.3138962593789842,0.3244056109315236,0.3307112218630473,62.8,20.0,,,,,
2026-09-25T10:28:05.876204+00:00,open,,THETAUSDT,ICT/SMC v2,long,,,0.2238049999999999,,0.2213262453362224,0.2275231319956663,0.2312412639913326,89.3,20.0,,,,,
2026-09-25T10:35:50.008102+00:00,open,,CKBUSDT,ICT/SMC v2,long,,,0.0014135,,0.0013937607495521,0.0014431088756718,0.0014727177513436,14149.27,20.0,,,,,
2026-09-25T10:40:24.907653+00:00,close,,PUMPUSDT,Supertrend+ADX,short,,,0.0039355,0.0040637736677419,,,,3811.45,,-0.4889086709151354,3097.8456512893217,SL,,
2026-09-25T10:40:25.438319+00:00,close,,PUMPUSDT,Supertrend+ADX,short,,,0.0039355,0.0040637736677419,,,,3811.46,,-0.4889099536518129,3097.35674133567,SL,,
2026-09-25T10:50:50.499422+00:00,close,,CATIUSDT,ICT/SMC v2,short,,,0.06291,0.06291,,,,158.9,,-0.0,3097.35674133567,SL,,
2026-09-25T10:51:56.132381+00:00,open,,ENAUSDT,Supertrend+ADX,long,,,0.22845,,0.2189565625255424,0.2426901562116863,0.2569303124233726,131.31,30.0,,,,,
2026-09-25T10:55:43.019532+00:00,close,,PEPEUSDT,ICT/SMC v2,short,,,4.382e-06,4.5401554005771405e-06,,,,2282062.9,,-0.3609205720917314,3096.995820763578,SL,,
2026-09-25T10:55:43.499682+00:00,close,,PEPEUSDT,ICT/SMC v2,short,,,4.382e-06,4.5401554005771405e-06,,,,2282063.0,,-0.3609205879072715,3096.6349001756707,SL,,
2026-09-25T10:57:37.012212+00:00,close,,SUIUSDT,ICT/SMC v2,long,,,0.99165,1.0603736042808476,,,,10.0842,,0.6930225702889229,3097.3279227459598,TP2,,
2026-09-25T10:57:42.547895+00:00,open,,SUNUSDT,Supertrend+ADX,short,,,0.01718505,,0.0172667142130972,0.0170625536803541,0.0169400573607083,1745.7,30.0,,,,,
2026-09-25T11:04:06.030200+00:00,close,,API3USDT,ICT/SMC v2,long,,,0.2683999999999999,0.2743542440101405,,,,37.2578,,0.2218420324810147,3097.549764778441,TP1,,
2026-09-25T11:04:20.602453+00:00,close,,ARKUSDT,ICT/SMC v2,long,,,0.2139,0.2375195022499309,,,,46.7,,1.1030307550717742,3098.652795533513,TP1,,
2026-09-25T11:06:19.665134+00:00,close,,DOGEUSDT,Supertrend+ADX,short,,,0.0949350499999999,0.0971468390339534,,,,158.0,,-0.3494626673646396,3098.303332866148,SL,,
2026-09-25T11:08:06.737626+00:00,close,,IDUSDT,ICT/SMC v2,long,,,0.0371,0.0385054984074519,,,,269.54,,0.378838040744603,3098.6821709068927,TP2,,
2026-09-25T11:08:26.829424+00:00,close,,IOTAUSDT,ICT/SMC v2,long,,,0.04815,0.0493996696943202,,,,207.68,,0.2595314021164308,3098.941702309009,TP1,,
2026-09-25T11:08:34.967304+00:00,close,,JOEUSDT,ICT/SMC v2,long,,,0.037,0.0386020951327191,,,,270.27027,,0.432998684085695,3099.3747009930944,TP1,,
2026-09-25T11:08:40.497575+00:00,close,,JUPUSDT,ICT/SMC v2,long,,,0.30455,0.3229540335492359,,,,32.8,,0.6036523004149381,3099.97835329351,TP2,,
2026-09-25T11:09:30.558245+00:00,close,,MASKUSDT,ICT/SMC v2,short,,,0.462,0.4660777026963893,,,,21.64502,,-0.0882619564174002,3099.8900913370926,SL,,
2026-09-25T11:09:50.800647+00:00,close,,METISUSDT,ICT/SMC v2,short,,,3.465,3.5102868275116594,,,,2.886,,-0.1306977841986495,3099.759393552894,SL,,
2026-09-25T11:10:14.103691+00:00,close,,NMRUSDT,ICT/SMC v2,long,,,9.6185,9.862572597733584,,,,1.0396,,0.2537378726038344,3100.0131314254977,TP1,,
2026-09-25T11:10:21.202849+00:00,close,,OGNUSDT,ICT/SMC v2,long,,,0.019755,0.0199405491471333,,,,506.2,,0.0939249782788863,3100.1070564037764,TP1,,
2026-09-25T11:11:36.504053+00:00,close,,RLCUSDT,ICT/SMC v2,short,,,0.3339499999999999,0.3372392506542293,,,,29.9446,,-0.0984952951406347,3100.0085611086356,SL,,
2026-09-25T11:12:10.132060+00:00,close,,SHIBUSDT,ICT/SMC v2,short,,,5.72e-06,5.88397810849042e-06,,,,1748251.7,,-0.2866750069311605,3099.7218861017045,SL,,
2026-09-25T11:12:15.487661+00:00,close,,SKLUSDT,ICT/SMC v2,long,,,0.004535,0.0046287699636718,,,,2205.071,,0.2067694275638257,3099.9286555292683,TP1,,
2026-09-25T11:12:22.263172+00:00,close,,SOLUSDT,Supertrend+ADX,long,,,118.3445,121.53853870945105,,,,0.126,,0.4024488773908323,3100.331104406659,TP1,,
2026-09-25T11:12:24.425868+00:00,close,,SOLUSDT,ICT/SMC v2,long,,,118.6135,120.20835536031592,,,,0.084,,0.1339678502665383,3100.4650722569254,TP1,,
2026-09-25T11:12:25.328355+00:00,close,,SOLUSDT,ICT/SMC v2,long,,,118.6135,121.80321072063192,,,,0.084,,0.2679357005330802,3100.7330079574585,TP2,,
2026-09-25T11:13:09.823979+00:00,close,,TIAUSDT,ICT/SMC v2,short,,,0.4793,0.4993113283356287,,,,20.8637,,-0.4175103509960574,3100.3154976064625,SL,,
2026-09-25T11:13:34.244119+00:00,close,,UNIUSDT,ICT/SMC v2,long,,,9.07495,9.464711353381835,,,,1.1,,0.4287374887200175,3100.7442350951824,TP2,,
2026-09-25T11:13:57.708791+00:00,close,,XRPUSDT,ICT/SMC v2,long,,,1.53272,1.560399174557012,,,,6.5,,0.1799146346205792,3100.924149729803,TP1,,
2026-09-25T11:14:06.757786+00:00,close,,YGGUSDT,ICT/SMC v2,long,,,0.02685,0.0275854795341508,,,,372.4394,,0.273921556411414,3101.1980712862146,TP1,,
2026-09-25T11:19:08.475821+00:00,close,,1INCHUSDT,ICT/SMC v2,long,,,0.10134,0.1027001680376117,,,,98.67,,0.1342077802711478,3101.3322790664856,TP1,,
2026-09-25T11:20:55.117017+00:00,close,,BNBUSDT,ICT/SMC v2,long,,,774.7864999999999,780.6660825283085,,,,0.012,,0.0705549903397027,3101.402834056825,TP1,,
2026-09-25T11:21:16.414135+00:00,close,,CETUSUSDT,ICT/SMC v2,long,,,0.02795,0.0289547211355171,,,,357.781,,0.3594701325864601,3101.7623041894117,TP1,,
2026-09-25T11:21:19.970393+00:00,close,,CFXUSDT,ICT/SMC v2,long,,,0.0533435,0.0547241473393206,,,,187.46,,0.2588161502290445,3102.021120339641,TP1,,
2026-09-25T11:21:37.712579+00:00,open,,CRVUSDT,Supertrend+ADX,long,,,0.3486,,0.3365130068951617,0.3667304896572574,0.3848609793145149,86.0,30.0,,,,,
2026-09-25T11:22:11.011319+00:00,close,,ENAUSDT,ICT/SMC v2,long,,,0.21735,0.2402658243850727,,,,46.01,,1.054357079957196,3103.075477419598,TP2,,
2026-09-25T11:22:25.970855+00:00,close,,ETHFIUSDT,Supertrend+ADX,short,,,0.7054,0.7054,,,,21.3,,-0.0,3103.075477419598,SL,,
2026-09-25T11:22:28.308019+00:00,close,,ETHFIUSDT,ICT/SMC v2,long,,,0.6693,0.6999790957534994,,,,14.9,,0.4571185267271405,3103.5325959463253,TP2,,
2026-09-25T11:22:38.441152+00:00,close,,FILUSDT,ICT/SMC v2,long,,,0.9954,1.029839000831131,,,,10.04,,0.3457675683445512,3103.878363514669,TP1,,
2026-09-25T11:23:04.450077+00:00,close,,GRAMUSDT,ICT/SMC v2,long,,,1.411,1.4334281004643796,,,,7.08717,,0.1589517607681371,3104.037315275438,TP1,,
2026-09-25T11:25:27.273708+00:00,close,,NEWTUSDT,ICT/SMC v2,long,,,0.0494099999999999,0.0507477378934704,,,,202.388,,0.2707420967836902,3104.3080573722214,TP2,,
2026-09-25T11:26:36.981216+00:00,close,,POLUSDT,ICT/SMC v2,long,,,0.1089499999999999,0.1110981072571223,,,,91.7852,,0.1971644542164261,3104.5052218264377,TP1,,
2026-09-25T11:26:56.014549+00:00,close,,RAREUSDT,Supertrend+ADX,long,,,0.013125,0.013599462381415,,,,1142.8,,0.5422156094810883,3105.0474374359187,TP1,,
2026-09-25T11:27:18.296047+00:00,close,,RPLUSDT,Supertrend+ADX,short,,,1.9415,2.041335381050725,,,,7.7259,,-0.7713181704597953,3104.2761192654584,SL,,
2026-09-25T11:27:18.794723+00:00,close,,RPLUSDT,Supertrend+ADX,short,,,1.9415,2.041335381050725,,,,7.726,,-0.7713281539979003,3103.5047911114616,SL,,
2026-09-25T11:28:47.445665+00:00,open,,SUNUSDT,ICT/SMC v2,short,,,0.017235,,0.0172794876265252,0.0171682685602121,0.0171015371204243,1160.4,20.0,,,,,
2026-09-25T11:29:20.867868+00:00,close,,TRBUSDT,ICT/SMC v2,short,,,19.9795,20.347194962587626,,,,0.5005,,-0.1840313287751058,3103.320759782686,SL,,
2026-09-25T11:30:05.166949+00:00,close,,XRPUSDT,ICT/SMC v2,long,,,1.53272,1.5880783491140238,,,,6.5,,0.3598292692411555,3103.680589051927,TP2,,
2026-09-25T11:34:12.784075+00:00,close,,APTUSDT,ICT/SMC v2,long,,,0.8025,0.8444878226438036,,,,12.4611,,0.5232144567467014,3104.203803508674,TP2,,
2026-09-25T11:34:52.658827+00:00,close,,BANANAUSDT,ICT/SMC v2,long,,,4.01,4.102821621901739,,,,2.4938,,0.2314785606985562,3104.4352820693725,TP2,,
2026-09-25T11:35:54.444604+00:00,close,,CHZUSDT,Supertrend+ADX,short,,,0.01612,0.016566997786319,,,,930.5,,-0.4159314401698558,3104.0193506292026,SL,,
2026-09-25T11:35:58.901088+00:00,open,,CHZUSDT,Supertrend+ADX,long,,,0.01656,,0.0161842022608777,0.0171236966086833,0.0176873932173666,1811.5,30.0,,,,,
2026-09-25T11:37:06.494328+00:00,close,,ENAUSDT,Supertrend+ADX,long,,,0.22845,0.2426901562116863,,,,65.65,,0.9348662552972063,3104.954216884499,TP1,,
2026-09-25T11:39:14.992763+00:00,open,,JTOUSDT,ICT/SMC v2,long,,,0.5441,,0.5289870112075491,0.5667694831886764,0.5894389663773528,36.7,20.0,,,,,
2026-09-25T11:41:39.658980+00:00,close,,PIXELUSDT,Supertrend+ADX,long,,,0.00573,0.0059719929184015,,,,2617.8,,0.633489061791446,3105.5877059462905,TP1,,
2026-09-25T11:41:42.144322+00:00,close,,PIXELUSDT,ICT/SMC v2,long,,,0.005645,0.005994138233419,,,,1771.4,,0.6184634666785395,3106.206169412969,TP1,,
2026-09-25T11:50:38.132463+00:00,open,,CAKEUSDT,Supertrend+ADX,long,,,2.7795,,2.6953717731876803,2.905692340218479,3.0318846804369577,10.793,30.0,,,,,
2026-09-25T11:50:41.763497+00:00,open,,CATIUSDT,ICT/SMC v2,long,,,0.06312,,0.0622756759647224,0.0643864860529163,0.0656529721058327,316.8,20.0,,,,,
2026-09-25T11:52:42.025559+00:00,close,,GMXUSDT,ICT/SMC v2,long,,,8.18005,8.288718374362253,,,,1.2224,,0.132836220820418,3106.3390056337894,TP1,,
2026-09-25T11:52:55.677511+00:00,open,,GTCUSDT,ICT/SMC v2,long,,,0.0889,,0.0881091614384817,0.0900862578422774,0.0912725156845549,224.9718,20.0,,,,,
2026-09-25T11:52:58.264511+00:00,close,,HBARUSDT,ICT/SMC v2,long,,,0.09321,0.0958834936286807,,,,107.2,,0.2865985169945729,3106.625604150784,TP1,,
2026-09-25T11:53:35.225712+00:00,close,,JOEUSDT,ICT/SMC v2,long,,,0.037,0.0402041902654383,,,,270.27027,,0.8659973681713901,3107.4916015189556,TP2,,
2026-09-25T11:53:48.165764+00:00,close,,KSMUSDT,ICT/SMC v2,long,,,4.515000000000001,4.763365147515538,,,,2.214839,,0.5500888149581651,3108.0416903339137,TP2,,
2026-09-25T11:55:00.449464+00:00,close,,ONDOUSDT,ICT/SMC v2,long,,,0.56705,0.5469231454231992,,,,17.63,,-0.354836446188999,3107.6868538877247,SL,,
2026-09-25T11:55:01.001483+00:00,close,,ONDOUSDT,ICT/SMC v2,long,,,0.56705,0.5469231454231992,,,,17.64,,-0.3550377147347671,3107.3318161729903,SL,,
2026-09-25T11:57:21.013690+00:00,close,,STXUSDT,ICT/SMC v2,long,,,0.3181,0.3244056109315236,,,,31.4,,0.1979961832498427,3107.5298123562393,TP1,,
2026-09-25T12:04:04.780659+00:00,open,,AMPUSDT,ICT/SMC v2,long,,,0.0005059999999999,,0.0005003187070208,0.0005145219394687,0.0005230438789374,39525.6,20.0,,,,,
2026-09-25T12:04:09.307278+00:00,open,,APEUSDT,ICT/SMC v2,long,,,0.1548999999999999,,0.1528674828155556,0.1579487757766664,0.1609975515533328,129.11,20.0,,,,,
2026-09-25T12:05:36.846769+00:00,open,,BTCUSDT,ICT/SMC v2,long,,,84671.815,,84196.94930853436,85384.11353719847,86096.41207439695,0.000236,20.0,,,,,
2026-09-25T12:07:02.473765+00:00,open,,EIGENUSDT,ICT/SMC v2,long,,,0.2466499999999999,,0.2423089752146067,0.2531615371780898,0.2596730743561798,81.08,20.0,,,,,
2026-09-25T12:08:56.768899+00:00,close,,IOTAUSDT,ICT/SMC v2,long,,,0.04815,0.0506493393886405,,,,207.68,,0.5190628042328601,3108.0488751604726,TP2,,
2026-09-25T12:10:03.591393+00:00,close,,MINAUSDT,ICT/SMC v2,short,,,0.141085,0.1438812944676973,,,,70.8,,-0.1979776483129709,3107.850897512159,SL,,
2026-09-25T12:10:31.105309+00:00,open,,NOTUSDT,ICT/SMC v2,long,,,0.00048875,,0.0004835319644865,0.0004965770532701,0.0005044041065403,40920.7,20.0,,,,,
2026-09-25T12:10:44.543689+00:00,close,,OPUSDT,ICT/SMC v2,long,,,0.1349,0.1383443847710491,,,,74.12,,0.255297799230164,3108.1061953113895,TP1,,
2026-09-25T12:11:32.510660+00:00,close,,PYTHUSDT,ICT/SMC v2,long,,,0.0680699999999999,0.0720774941613178,,,,146.91,,0.5887409672392112,3108.694936278628,TP2,,
2026-09-25T12:12:23.234706+00:00,open,,SUSDT,ICT/SMC v2,long,,,0.0414999999999999,,0.040885345444835,0.0424219818327473,0.0433439636654946,481.9,20.0,,,,,
2026-09-25T12:13:04.592924+00:00,close,,STXUSDT,ICT/SMC v2,long,,,0.3181,0.3307112218630473,,,,31.4,,0.3959923664996871,3109.0909286451283,TP2,,
2026-09-25T12:14:14.780724+00:00,close,,XLMUSDT,ICT/SMC v2,long,,,0.2129499999999999,0.2253791678126222,,,,47.0,,0.5841708871932452,3109.6750995323214,TP2,,
2026-09-25T12:18:53.579158+00:00,open,,AGLDUSDT,ICT/SMC v2,long,,,0.21965,,0.2170225255786163,0.2235912116320754,0.2275324232641509,91.0539,20.0,,,,,
2026-09-25T12:19:02.443997+00:00,close,,ALGOUSDT,ICT/SMC v2,long,,,0.118,0.1160122329983223,,,,84.7,,-0.1683638650420965,3109.5067356672794,SL,,
2026-09-25T12:19:25.699101+00:00,close,,ARUSDT,ICT/SMC v2,long,,,4.6715,4.6715,,,,2.14,,0.0,3109.5067356672794,SL,,
2026-09-25T12:19:41.976670+00:00,open,,ARPAUSDT,ICT/SMC v2,long,,,0.011115,,0.0110115032571044,0.0112702451143432,0.0114254902286865,1799.37,20.0,,,,,
2026-09-25T12:20:15.525845+00:00,open,,BANDUSDT,ICT/SMC v2,long,,,0.219,,0.2168968070475368,0.2221547894286948,0.2253095788573895,91.3242,20.0,,,,,
2026-09-25T12:20:28.733549+00:00,open,,BERAUSDT,ICT/SMC v2,long,,,0.2319,,0.2283709202617455,0.2371936196073817,0.2424872392147634,86.244,20.0,,,,,
2026-09-25T12:20:35.100481+00:00,close,,BICOUSDT,ICT/SMC v2,long,,,0.0225,0.0228624887098508,,,,444.44444,,0.1611060916560001,3109.6678417589355,TP1,,
2026-09-25T12:20:36.276851+00:00,close,,BICOUSDT,ICT/SMC v2,long,,,0.0225,0.0225,,,,444.44444,,0.0,3109.6678417589355,SL,,
2026-09-25T12:21:07.313697+00:00,close,,BTCUSDT,ICT/SMC v2,long,,,84671.815,84196.94930853436,,,,0.000118,,-0.0560341515929462,3109.6118076073426,SL,,
2026-09-25T12:22:10.118292+00:00,open,,DOGEUSDT,ICT/SMC v2,long,,,0.09743305,,0.0961230029652106,0.099398120552184,0.101363191104368,205.2,20.0,,,,,
2026-09-25T12:22:13.291591+00:00,open,,DOGSUSDT,ICT/SMC v2,long,,,4.82e-05,,4.763860638331945e-05,4.904209042502081e-05,4.9884180850041626e-05,414937.7,20.0,,,,,
2026-09-25T12:22:50.979012+00:00,open,,ETHUSDT,ICT/SMC v2,long,,,2703.45,,2680.416462459269,2738.000306311096,2772.5506126221912,0.007397,20.0,,,,,
2026-09-25T12:23:46.864987+00:00,open,,IDUSDT,ICT/SMC v2,long,,,0.0384,,0.0379739375832413,0.0390390936251379,0.0396781872502758,520.83,20.0,,,,,
2026-09-25T12:24:16.025473+00:00,close,,KNCUSDT,ICT/SMC v2,short,,,0.14695,0.145285530274764,,,,68.0503,,0.1132676641432244,3109.725075271486,TP1,,
2026-09-25T12:24:19.759839+00:00,open,,KNCUSDT,Supertrend+ADX,short,,,0.1447,,0.1481858221879282,0.1394712667181076,0.1342425334362152,207.3255,30.0,,,,,
2026-09-25T12:24:40.192913+00:00,close,,LTCUSDT,ICT/SMC v2,long,,,72.6195,70.04677611034174,,,,0.1377,,-0.3542640796059428,3109.37081119188,SL,,
2026-09-25T12:25:00.575063+00:00,open,,MANTAUSDT,ICT/SMC v2,long,,,0.0703,,0.0695578574147185,0.0714132138779222,0.0725264277558444,284.4,20.0,,,,,
2026-09-25T12:26:10.312588+00:00,close,,PENDLEUSDT,ICT/SMC v2,long,,,2.63085,2.586761227358787,,,,3.8,,-0.1675373360366099,3109.2032738558437,SL,,
2026-09-25T12:26:26.785368+00:00,close,,PIXELUSDT,Supertrend+ADX,long,,,0.00573,0.0062139858368029,,,,2617.8,,1.266978123582892,3110.470251979426,TP2,,
2026-09-25T12:26:29.128798+00:00,close,,PIXELUSDT,ICT/SMC v2,long,,,0.005645,0.0063432764668381,,,,1771.5,,1.2369967610037629,3111.70724874043,TP2,,
2026-09-25T12:26:47.530487+00:00,open,,PUMPUSDT,ICT/SMC v2,long,,,0.0041655,,0.0040768898261825,0.0042984152607261,0.0044313305214523,4801.34,20.0,,,,,
2026-09-25T12:26:57.629744+00:00,open,,RAYUSDT,ICT/SMC v2,long,,,2.11995,,2.0621690067490785,2.2066214898763827,2.293292979752765,9.4,20.0,,,,,
2026-09-25T12:27:29.632434+00:00,close,,SUSDT,ICT/SMC v2,long,,,0.0414999999999999,0.040885345444835,,,,240.9,,-0.1480702823392242,3111.5591784580906,SL,,
2026-09-25T12:27:45.718232+00:00,open,,SHIBUSDT,ICT/SMC v2,long,,,5.87e-06,,5.780180457614505e-06,6.00472931357824e-06,6.139458627156482e-06,3407155.0,20.0,,,,,
2026-09-25T12:27:57.202397+00:00,open,,SOLUSDT,ICT/SMC v2,long,,,120.1185,,118.39925651548285,122.69736522677576,125.27623045355148,0.166,20.0,,,,,
2026-09-25T12:28:47.836582+00:00,open,,TRBUSDT,ICT/SMC v2,long,,,20.0805,,19.76460478863023,20.554342817054657,21.028185634109317,0.9959,20.0,,,,,
2026-09-25T12:29:18.302919+00:00,open,,WUSDT,ICT/SMC v2,long,,,0.01195,,0.011771311304209,0.0122180330436863,0.0124860660873727,1673.6,20.0,,,,,
2026-09-25T12:29:42.862789+00:00,open,,ZECUSDT,ICT/SMC v2,long,,,1585.3305,,1557.5437491968396,1627.010626204741,1668.6907524094815,0.01261,20.0,,,,,
2026-09-25T12:33:57.671749+00:00,open,,ALGOUSDT,ICT/SMC v2,long,,,0.1169,,0.1146707210475226,0.1202439184287159,0.1235878368574319,171.0,20.0,,,,,
2026-09-25T12:34:20.067625+00:00,open,,APTUSDT,ICT/SMC v2,long,,,0.85015,,0.8321934986270207,0.8770847520594688,0.9040195041189376,23.5252,20.0,,,,,
2026-09-25T12:34:44.223578+00:00,open,,AVAXUSDT,ICT/SMC v2,long,,,10.618,,10.408292526924036,10.932561209613946,11.247122419227892,1.88,20.0,,,,,
2026-09-25T12:34:47.234685+00:00,open,,AVNTUSDT,ICT/SMC v2,long,,,0.119615,,0.117849114579579,0.1222638281306315,0.124912656261263,167.203,20.0,,,,,
2026-09-25T12:34:50.408200+00:00,open,,AXLUSDT,ICT/SMC v2,long,,,0.0528,,0.0521338095487171,0.0537992856769242,0.0547985713538484,378.78,20.0,,,,,
2026-09-25T12:35:02.571590+00:00,open,,BANANAUSDT,ICT/SMC v2,long,,,4.09,,4.0520938056062485,4.146859291590626,4.203718583181253,4.8899,20.0,,,,,
2026-09-25T12:35:18.389533+00:00,open,,BICOUSDT,ICT/SMC v2,long,,,0.0225,,0.0221950424427984,0.0229574363358023,0.0234148726716047,888.88888,20.0,,,,,
2026-09-25T12:35:43.056616+00:00,open,,BONKUSDT,ICT/SMC v2,long,,,3.7415e-06,,3.6537125242525606e-06,3.873181213621159e-06,4.004862427242317e-06,5345449.6,20.0,,,,,
2026-09-25T12:36:05.001506+00:00,close,,CFXUSDT,ICT/SMC v2,long,,,0.0533435,0.0561047946786412,,,,187.46,,0.5176323004580891,3112.0768107585486,TP2,,
2026-09-25T12:36:08.312316+00:00,open,,CFXUSDT,ICT/SMC v2,long,,,0.0560885,,0.0553483959772478,0.0571986560341282,0.0583088120682563,356.57,20.0,,,,,
2026-09-25T12:36:13.014265+00:00,open,,CHRUSDT,ICT/SMC v2,long,,,0.0216225,,0.0212780164912066,0.0221392252631899,0.0226559505263799,924.96,20.0,,,,,
2026-09-25T12:36:29.114146+00:00,open,,COMPUSDT,ICT/SMC v2,long,,,24.225,,23.874857322314828,24.75021401652776,25.27542803305552,0.82559,20.0,,,,,
2026-09-25T12:36:33.531561+00:00,close,,CRVUSDT,ICT/SMC v2,short,,,0.3467,0.3522957405611586,,,,28.8,,-0.1611573281613687,3111.9156534303875,SL,,
2026-09-25T12:36:41.451678+00:00,open,,CYBERUSDT,ICT/SMC v2,long,,,0.348,,0.3432845968608852,0.3550731047086721,0.3621462094173443,57.471,20.0,,,,,
2026-09-25T12:36:55.177107+00:00,open,,DOTUSDT,ICT/SMC v2,long,,,1.1944,,1.1746627042001885,1.2240059436997175,1.253611887399435,16.74,20.0,,,,,
2026-09-25T12:37:04.379490+00:00,open,,DYMUSDT,ICT/SMC v2,long,,,0.0202,,0.0196542626676359,0.021018605998546,0.021837211997092,990.0,20.0,,,,,
2026-09-25T12:37:17.767118+00:00,open,,ENAUSDT,ICT/SMC v2,long,,,0.24035,,0.2330387094461272,0.2513169358308091,0.2622838716616182,83.21,20.0,,,,,
2026-09-25T12:37:20.587796+00:00,open,,ENSUSDT,ICT/SMC v2,long,,,7.1965,,7.064874035428194,7.393938946857709,7.591377893715418,2.7791,20.0,,,,,
2026-09-25T12:37:33.287805+00:00,open,,ETHFIUSDT,ICT/SMC v2,long,,,0.718,,0.7045084802651035,0.7382372796023446,0.7584745592046894,27.8,20.0,,,,,
2026-09-25T12:37:40.618328+00:00,open,,FIDAUSDT,ICT/SMC v2,long,,,0.021825,,0.0215761383804901,0.0221982924292648,0.0225715848585296,916.38,20.0,,,,,
2026-09-25T12:39:01.305140+00:00,open,,IOUSDT,ICT/SMC v2,long,,,0.16105,,0.1583246754775559,0.1651379867836661,0.1692259735673322,124.18,20.0,,,,,
2026-09-25T12:39:19.972393+00:00,open,,KSMUSDT,ICT/SMC v2,long,,,4.765000000000001,,4.6993342639801865,4.863498604029722,4.961997208059443,4.197271,20.0,,,,,
2026-09-25T12:39:35.340626+00:00,open,,LINKUSDT,ICT/SMC v2,long,,,14.053,,13.757562112796624,14.496156830805068,14.93931366161013,1.42,20.0,,,,,
2026-09-25T12:39:44.892510+00:00,open,,LQTYUSDT,ICT/SMC v2,long,,,0.23815,,0.2357539306977932,0.2417441039533101,0.2453382079066201,83.98,20.0,,,,,
2026-09-25T12:40:05.926846+00:00,close,,MAGICUSDT,Supertrend+ADX,long,,,0.0495,0.0507219130593943,,,,303.0303,,0.3702766809621957,3112.2859301113494,TP1,,
2026-09-25T12:40:11.291567+00:00,open,,MANAUSDT,ICT/SMC v2,long,,,0.091475,,0.0899612751561432,0.0937455872657852,0.0960161745315704,218.6,20.0,,,,,
2026-09-25T12:40:26.574410+00:00,open,,MASKUSDT,ICT/SMC v2,long,,,0.469,,0.4646938026285171,0.4754592960572243,0.4819185921144486,42.64392,20.0,,,,,
2026-09-25T12:40:39.724837+00:00,open,,METISUSDT,ICT/SMC v2,long,,,3.495,,3.4339638485178114,3.5865542272232838,3.6781084544465656,5.722,20.0,,,,,
2026-09-25T12:40:53.775196+00:00,open,,NEARUSDT,ICT/SMC v2,long,,,5.07895,,4.917733006939853,5.320775489590219,5.562600979180438,3.9,20.0,,,,,
2026-09-25T12:40:56.645883+00:00,open,,NEOUSDT,ICT/SMC v2,long,,,2.65715,,2.6241055699741573,2.706716645038763,2.756283290077526,7.526,20.0,,,,,
2026-09-25T12:40:59.664018+00:00,open,,NEWTUSDT,ICT/SMC v2,long,,,0.050775,,0.0502680501262935,0.0515354248105597,0.0522958496211194,393.894,20.0,,,,,
2026-09-25T12:41:37.929763+00:00,open,,PEPEUSDT,ICT/SMC v2,long,,,4.53055e-06,,4.422915358917958e-06,4.692001961623064e-06,4.853453923246128e-06,4414475.0,20.0,,,,,
2026-09-25T12:41:44.643369+00:00,close,,POLUSDT,ICT/SMC v2,long,,,0.1089499999999999,0.1132462145142446,,,,91.7852,,0.3943289084328522,3112.6802590197826,TP2,,
2026-09-25T12:41:48.252675+00:00,open,,POLUSDT,ICT/SMC v2,long,,,0.11345,,0.1115779099484411,0.1162581350773383,0.1190662701546766,176.2891,20.0,,,,,
2026-09-25T12:42:06.937236+00:00,open,,PYTHUSDT,ICT/SMC v2,long,,,0.072335,,0.0706078208156995,0.0749257687764506,0.0775165375529012,276.49,20.0,,,,,
2026-09-25T12:42:13.186013+00:00,open,,RAREUSDT,ICT/SMC v2,long,,,0.013685,,0.0134624276871962,0.0140188584692056,0.0143527169384112,1461.4,20.0,,,,,
2026-09-25T12:42:26.932479+00:00,open,,RENDERUSDT,ICT/SMC v2,long,,,1.953,,1.9060477782412335,2.023428332638149,2.093856665276298,10.24,20.0,,,,,
2026-09-25T12:42:48.797383+00:00,open,,RVNUSDT,ICT/SMC v2,long,,,0.0027949999999999,,0.0027598916838063,0.0028476624742905,0.002900324948581,7155.6,20.0,,,,,
2026-09-25T12:42:58.993559+00:00,open,,SATSUSDT,ICT/SMC v2,long,,,1.2000000000000002e-08,,1.1836354827021504e-08,1.2245467759467746e-08,1.2490935518935493e-08,1666666666.6,20.0,,,,,
2026-09-25T12:43:35.598944+00:00,open,,SUIUSDT,ICT/SMC v2,long,,,1.1374,,1.1026630247122071,1.189505462931689,1.2416109258633783,17.5839,20.0,,,,,
2026-09-25T12:44:05.241367+00:00,open,,TIAUSDT,ICT/SMC v2,long,,,0.50015,,0.4902483745387062,0.5150024381919407,0.5298548763838813,39.988,20.0,,,,,
2026-09-25T12:44:25.120804+00:00,open,,TURBOUSDT,ICT/SMC v2,long,,,0.0010665549999999,,0.0010482766441168,0.0010939725338246,0.0011213900676493,18751.9,20.0,,,,,
2026-09-25T12:44:32.850251+00:00,open,,UNIUSDT,ICT/SMC v2,long,,,9.8271,,9.566107720652637,10.218588419021048,10.610076838042094,2.03,20.0,,,,,
2026-09-25T12:44:48.317591+00:00,close,,WIFUSDT,ICT/SMC v2,long,,,0.24025,0.245967346273413,,,,41.62,,0.2379559518994524,3112.918214971682,TP1,,
2026-09-25T12:44:52.426669+00:00,open,,WLDUSDT,ICT/SMC v2,long,,,0.4590999999999999,,0.4502265875986604,0.4724101186020091,0.4857202372040183,43.5,20.0,,,,,
2026-09-25T12:44:58.256178+00:00,open,,XLMUSDT,ICT/SMC v2,long,,,0.22395,,0.2200947850615602,0.2297328224076597,0.2355156448153194,89.3,20.0,,,,,
2026-09-25T12:45:01.537493+00:00,open,,XRPUSDT,ICT/SMC v2,long,,,1.61687,,1.5866940447112376,1.6621339329331437,1.7073978658662872,12.3,20.0,,,,,
2026-09-25T12:50:23.966066+00:00,close,,BICOUSDT,ICT/SMC v2,long,,,0.0225,0.0221950424427984,,,,444.44444,,-0.1355366907342217,3112.782678280948,SL,,
2026-09-25T12:56:38.566450+00:00,close,,PORTALUSDT,ICT/SMC v2,short,,,0.018045,0.0183198572244635,,,,554.1,,-0.1522983880752617,3112.6303798928725,SL,,
2026-09-25T12:58:42.914798+00:00,close,,THETAUSDT,ICT/SMC v2,long,,,0.2238049999999999,0.2275231319956663,,,,44.6,,0.1658286870067188,3112.7962085798795,TP1,,
2026-09-25T13:04:19.753793+00:00,close,,AEROUSDT,ICT/SMC v2,long,,,0.76715,0.7911603547734459,,,,13.03,,0.3128549226980004,3113.109063502577,TP1,,
2026-09-25T13:04:26.158182+00:00,close,,AGLDUSDT,ICT/SMC v2,long,,,0.21965,0.2235912116320754,,,,45.5269,,0.1794311478523357,3113.2884946504296,TP1,,
2026-09-25T13:05:46.998583+00:00,close,,BANDUSDT,ICT/SMC v2,long,,,0.219,0.2221547894286948,,,,45.6621,,0.1440543103720045,3113.432548960802,TP1,,
2026-09-25T13:08:31.156437+00:00,close,,GMTUSDT,ICT/SMC v2,long,,,0.0084949999999999,0.008903023536148,,,,1177.2,,0.4803253067534599,3113.9128742675553,TP2,,
2026-09-25T13:09:18.790881+00:00,close,,IMXUSDT,ICT/SMC v2,long,,,0.1526,0.1620947565398226,,,,65.5308,,0.6221989918598084,3114.535073259415,TP2,,
2026-09-25T13:11:11.950512+00:00,close,,MTLUSDT,ICT/SMC v2,long,,,0.33285,0.3449776547310472,,,,30.0435,,0.3643571949122169,3114.8994304543276,TP2,,
2026-09-25T13:11:44.741369+00:00,close,,OPUSDT,ICT/SMC v2,long,,,0.1349,0.1417887695420983,,,,74.13,,0.510664486155749,3115.4100949404833,TP2,,
2026-09-25T13:15:50.562231+00:00,close,,ZRXUSDT,ICT/SMC v2,long,,,0.12325,0.1247893232612193,,,,81.135,,0.1248929927990339,3115.534987933283,TP1,,
2026-09-25T13:18:51.903657+00:00,open,,ALICEUSDT,ICT/SMC v2,long,,,0.1568,,0.1532258053647001,0.1621612919529498,0.1675225839058995,127.55,20.0,,,,,
2026-09-25T13:23:52.881384+00:00,close,,GRAMUSDT,Supertrend+ADX,short,,,1.4115,1.4361631534971646,,,,10.62699,,-0.2620950855828336,3115.2728928476995,SL,,
2026-09-25T13:25:42.690384+00:00,open,,MAGICUSDT,ICT/SMC v2,long,,,0.05,,0.0495015628552704,0.0507476557170943,0.0514953114341887,400.0,20.0,,,,,
2026-09-25T13:35:53.089402+00:00,open,,CAKEUSDT,ICT/SMC v2,long,,,2.775,,2.7295703887407834,2.843144416888825,2.9112888337776504,7.207,20.0,,,,,
2026-09-25T13:39:21.487503+00:00,open,,IMXUSDT,ICT/SMC v2,long,,,0.1612,,0.1581507849351452,0.1657738225972822,0.1703476451945644,124.0694,20.0,,,,,
2026-09-25T13:44:00.929257+00:00,open,,STXUSDT,ICT/SMC v2,long,,,0.3257,,0.3194480533778063,0.3350779199332905,0.344455839866581,61.4,20.0,,,,,
2026-09-25T13:44:20.165625+00:00,close,,SYNUSDT,ICT/SMC v2,long,,,0.2171,0.2065079658730698,,,,46.0,,-0.4872335698387874,3114.7856592778603,SL,,
2026-09-25T13:45:21.457709+00:00,close,,XRPUSDT,ICT/SMC v2,long,,,1.61687,1.5866940447112376,,,,6.1,,-0.1840733272614505,3114.6015859505987,SL,,
2026-09-25T13:45:22.111586+00:00,close,,XRPUSDT,ICT/SMC v2,long,,,1.61687,1.5866940447112376,,,,6.2,,-0.1870909227903267,3114.4144950278087,SL,,
2026-09-25T13:49:14.989702+00:00,close,,APEUSDT,ICT/SMC v2,long,,,0.1548999999999999,0.1528674828155556,,,,64.55,,-0.1311989842558798,3114.2832960435526,SL,,
2026-09-25T13:49:15.579437+00:00,close,,APEUSDT,ICT/SMC v2,long,,,0.1548999999999999,0.1528674828155556,,,,64.56,,-0.1312193094277243,3114.152076734125,SL,,
2026-09-25T13:49:18.963142+00:00,open,,APEUSDT,ICT/SMC v2,long,,,0.15265,,0.150377464302851,0.1560588035457234,0.1594676070914469,131.01,20.0,,,,,
2026-09-25T13:49:56.415491+00:00,close,,AVAXUSDT,ICT/SMC v2,long,,,10.618,10.408292526924036,,,,0.94,,-0.1971250246914062,3113.9549517094333,SL,,
2026-09-25T13:50:58.209885+00:00,close,,BNBUSDT,ICT/SMC v2,long,,,774.7864999999999,774.7864999999999,,,,0.013,,0.0,3113.9549517094333,SL,,
2026-09-25T13:51:09.523652+00:00,close,,BTCUSDT,Supertrend+ADX,long,,,84613.57500000001,83841.62323350877,,,,0.000177,,-0.1366354626689498,3113.8183162467644,SL,,
2026-09-25T13:52:14.261568+00:00,close,,DOTUSDT,ICT/SMC v2,long,,,1.1944,1.1746627042001885,,,,8.37,,-0.1652011658444235,3113.65311508092,SL,,
2026-09-25T13:52:44.487805+00:00,close,,ENSUSDT,ICT/SMC v2,long,,,7.1965,7.064874035428194,,,,1.3895,,-0.1828942777725245,3113.4702208031476,SL,,
2026-09-25T13:52:44.995910+00:00,close,,ENSUSDT,ICT/SMC v2,long,,,7.1965,7.064874035428194,,,,1.3896,,-0.1829074403689817,3113.2873133627786,SL,,
2026-09-25T13:53:44.431967+00:00,close,,GMXUSDT,ICT/SMC v2,long,,,8.18005,8.18005,,,,1.2225,,0.0,3113.2873133627786,SL,,
2026-09-25T13:53:49.047424+00:00,open,,GMXUSDT,ICT/SMC v2,long,,,8.17505,,8.074997539022686,8.325128691465972,8.475207382931943,2.4464,20.0,,,,,
2026-09-25T13:54:39.424608+00:00,open,,JASMYUSDT,ICT/SMC v2,long,,,0.0046245,,0.004528956318073,0.0047678155228904,0.0049111310457809,4324.7,20.0,,,,,
2026-09-25T13:55:20.726638+00:00,close,,MAGICUSDT,Supertrend+ADX,long,,,0.0495,0.0495,,,,303.0303,,0.0,3113.2873133627786,SL,,
2026-09-25T13:55:25.378776+00:00,close,,MAGICUSDT,ICT/SMC v2,long,,,0.05,0.0495015628552704,,,,200.0,,-0.0996874289459145,3113.187625933833,SL,,
2026-09-25T13:56:48.905283+00:00,close,,PEOPLEUSDT,ICT/SMC v2,long,,,0.009395,0.0092679024190551,,,,1064.395,,-0.1352820296697853,3113.052343904163,SL,,
2026-09-25T13:56:49.591861+00:00,close,,PEOPLEUSDT,ICT/SMC v2,long,,,0.009395,0.0092679024190551,,,,1064.396,,-0.1352821567673662,3112.9170617473956,SL,,
2026-09-25T13:56:53.037574+00:00,open,,PEOPLEUSDT,ICT/SMC v2,long,,,0.00927,,0.0091102758304716,0.0095095862542925,0.009749172508585,2157.497,20.0,,,,,
2026-09-25T13:57:28.503592+00:00,close,,RAYUSDT,ICT/SMC v2,long,,,2.11995,2.0621690067490785,,,,4.7,,-0.2715706682793319,3112.6454910791163,SL,,
2026-09-25T13:57:42.606267+00:00,open,,RLCUSDT,ICT/SMC v2,long,,,0.33705,,0.3328970726610141,0.3432793910084789,0.3495087820169578,59.3383,20.0,,,,,
2026-09-25T13:57:56.328072+00:00,close,,RSRUSDT,ICT/SMC v2,long,,,0.0017434999999999,0.0017238240636857,,,,5735.58,,-0.1128529068051822,3112.5326381723116,SL,,
2026-09-25T13:57:56.907342+00:00,close,,RSRUSDT,ICT/SMC v2,long,,,0.0017434999999999,0.0017238240636857,,,,5735.59,,-0.1128531035645453,3112.419785068747,SL,,
2026-09-25T13:58:00.019948+00:00,open,,RSRUSDT,ICT/SMC v2,long,,,0.0017185,,0.0016951506923158,0.0017535239615262,0.0017885479230524,11638.05,20.0,,,,,
2026-09-25T13:59:58.087774+00:00,close,,TURBOUSDT,ICT/SMC v2,long,,,0.0010665549999999,0.0010482766441168,,,,9375.9,,-0.1713760369244767,3112.248409031823,SL,,
2026-09-25T13:59:58.797025+00:00,close,,TURBOUSDT,ICT/SMC v2,long,,,0.0010665549999999,0.0010482766441168,,,,9376.0,,-0.171377864760065,3112.077031167063,SL,,
2026-09-25T14:00:25.359520+00:00,close,,WIFUSDT,ICT/SMC v2,long,,,0.24025,0.24025,,,,41.62,,0.0,3112.077031167063,SL,,
2026-09-25T14:00:28.704658+00:00,open,,WIFUSDT,ICT/SMC v2,long,,,0.24225,,0.2364292650156163,0.2509811024765754,0.2597122049531509,82.55,20.0,,,,,
2026-09-25T14:00:32.572784+00:00,close,,WLDUSDT,ICT/SMC v2,long,,,0.4590999999999999,0.4502265875986604,,,,21.7,,-0.1925530491090668,3111.8844781179537,SL,,
2026-09-25T14:00:33.151942+00:00,close,,WLDUSDT,ICT/SMC v2,long,,,0.4590999999999999,0.4502265875986604,,,,21.8,,-0.1934403903492008,3111.691037727604,SL,,
2026-09-25T14:00:36.332580+00:00,open,,WLDUSDT,ICT/SMC v2,long,,,0.4538,,0.4435426158554846,0.4691860762167731,0.484572152433546,44.0,20.0,,,,,
2026-09-25T14:00:43.014909+00:00,close,,XLMUSDT,ICT/SMC v2,long,,,0.22395,0.2200947850615602,,,,44.6,,-0.1719425862544148,3111.51909514135,SL,,
2026-09-25T14:00:48.725923+00:00,open,,XRPUSDT,ICT/SMC v2,long,,,1.58095,,1.5489108681294566,1.6290086978058154,1.6770673956116309,12.6,20.0,,,,,
2026-09-25T14:00:58.741924+00:00,open,,ZKUSDT,ICT/SMC v2,long,,,0.01248,,0.0122329267064744,0.0128506099402883,0.0132212198805766,1602.5,20.0,,,,,
2026-09-25T14:03:34.925865+00:00,close,,1INCHUSDT,ICT/SMC v2,long,,,0.10134,0.10134,,,,98.67,,0.0,3111.51909514135,SL,,
2026-09-25T14:04:03.165761+00:00,close,,ALGOUSDT,ICT/SMC v2,long,,,0.1169,0.1146707210475226,,,,85.5,,-0.1906033504368109,3111.328491790913,SL,,
2026-09-25T14:04:07.736466+00:00,open,,ALGOUSDT,ICT/SMC v2,long,,,0.11465,,0.1124452851294194,0.1179570723058709,0.1212641446117417,174.4,20.0,,,,,
2026-09-25T14:04:09.746370+00:00,close,,ALICEUSDT,ICT/SMC v2,long,,,0.1568,0.1532258053647001,,,,63.77,,-0.2279263918930728,3111.1005653990196,SL,,
2026-09-25T14:04:32.740424+00:00,close,,APTUSDT,ICT/SMC v2,long,,,0.85015,0.8321934986270207,,,,11.7626,,-0.2112151430498053,3110.88935025597,SL,,
2026-09-25T14:04:40.501944+00:00,open,,ARUSDT,ICT/SMC v2,long,,,4.6545000000000005,,4.517516572572955,4.859975141140569,5.065450282281138,4.29,20.0,,,,,
2026-09-25T14:04:55.793263+00:00,close,,ASTERUSDT,ICT/SMC v2,long,,,0.72765,0.7189799456527665,,,,13.7428,,-0.1191508228831613,3110.7701994330873,SL,,
2026-09-25T14:04:56.216537+00:00,close,,ASTERUSDT,ICT/SMC v2,long,,,0.72765,0.7189799456527665,,,,13.7429,,-0.119151689888596,3110.651047743199,SL,,
2026-09-25T14:05:05.902818+00:00,close,,AVNTUSDT,ICT/SMC v2,long,,,0.119615,0.117849114579579,,,,83.601,,-0.1476297870326159,3110.5034179561662,SL,,
2026-09-25T14:05:06.282663+00:00,close,,AVNTUSDT,ICT/SMC v2,long,,,0.119615,0.117849114579579,,,,83.602,,-0.1476315529180363,3110.355786403248,SL,,
2026-09-25T14:05:09.887231+00:00,open,,AVNTUSDT,ICT/SMC v2,long,,,0.1169149999999999,,0.114893375860917,0.1199474362086244,0.1229798724172489,171.064,20.0,,,,,
2026-09-25T14:05:12.532071+00:00,close,,AXLUSDT,ICT/SMC v2,long,,,0.0528,0.0521338095487171,,,,189.39,,-0.1261698095684534,3110.2296165936796,SL,,
2026-09-25T14:05:17.032291+00:00,open,,AXLUSDT,ICT/SMC v2,long,,,0.0516999999999999,,0.0510413078238278,0.0526880382642581,0.0536760765285162,386.84,20.0,,,,,
2026-09-25T14:05:26.310670+00:00,close,,BANANAUSDT,ICT/SMC v2,long,,,4.09,4.0520938056062485,,,,2.4449,,-0.0926768546732825,3110.136939739006,SL,,
2026-09-25T14:05:26.743360+00:00,close,,BANANAUSDT,ICT/SMC v2,long,,,4.09,4.0520938056062485,,,,2.445,,-0.0926806452927219,3110.044259093713,SL,,
2026-09-25T14:05:29.873926+00:00,open,,BANANAUSDT,ICT/SMC v2,long,,,4.02,,3.9798460910160376,4.080230863475943,4.1404617269518855,4.9751,20.0,,,,,
2026-09-25T14:05:33.867826+00:00,close,,BANDUSDT,ICT/SMC v2,long,,,0.219,0.219,,,,45.6621,,0.0,3110.044259093713,SL,,
2026-09-25T14:05:36.804619+00:00,open,,BANDUSDT,ICT/SMC v2,long,,,0.217,,0.2146742894132969,0.2204885658800546,0.2239771317601093,92.16589,20.0,,,,,
2026-09-25T14:05:41.675460+00:00,close,,BCHUSDT,Supertrend+ADX,long,,,346.22,328.916535926275,,,,0.04332,,-0.749586063673768,3109.2946730300396,SL,,
2026-09-25T14:05:42.119696+00:00,close,,BCHUSDT,Supertrend+ADX,long,,,346.22,328.916535926275,,,,0.04333,,-0.7497590983145053,3108.544913931725,SL,,
2026-09-25T14:05:49.176378+00:00,close,,BERAUSDT,ICT/SMC v2,long,,,0.2319,0.2283709202617455,,,,43.122,,-0.1521809764730095,3108.392732955252,SL,,
2026-09-25T14:05:52.801449+00:00,open,,BERAUSDT,ICT/SMC v2,long,,,0.22805,,0.2239441374322171,0.2342087938516742,0.2403675877033485,87.7,20.0,,,,,
2026-09-25T14:06:12.085663+00:00,close,,BNBUSDT,Supertrend+ADX,long,,,777.7445,769.5061242458946,,,,0.019,,-0.1565291393280024,3108.236203815924,SL,,
2026-09-25T14:06:25.186975+00:00,close,,BONKUSDT,ICT/SMC v2,long,,,3.7415e-06,3.6537125242525606e-06,,,,2672724.8,,-0.2346317635595788,3108.0015720523643,SL,,
2026-09-25T14:06:37.539596+00:00,close,,CATIUSDT,ICT/SMC v2,long,,,0.06312,0.0622756759647224,,,,158.4,,-0.1337409271879664,3107.867831125176,SL,,
2026-09-25T14:06:54.360449+00:00,close,,CETUSUSDT,ICT/SMC v2,long,,,0.02795,0.02795,,,,357.782,,0.0,3107.8678311251765,SL,,
2026-09-25T14:06:58.666363+00:00,close,,CFXUSDT,ICT/SMC v2,long,,,0.0560885,0.0553483959772478,,,,178.28,,-0.13194574517625,3107.73588538,SL,,
2026-09-25T14:06:59.140936+00:00,close,,CFXUSDT,ICT/SMC v2,long,,,0.0560885,0.0553483959772478,,,,178.29,,-0.1319531462164775,3107.603932233784,SL,,
2026-09-25T14:07:04.081368+00:00,close,,CHRUSDT,ICT/SMC v2,long,,,0.0216225,0.0212780164912066,,,,462.48,,-0.1593167331467376,3107.4446155006376,SL,,
2026-09-25T14:07:08.882118+00:00,open,,CHRUSDT,ICT/SMC v2,long,,,0.0212865,,0.0209319857801299,0.021818271329805,0.02235004265961,939.56,20.0,,,,,
2026-09-25T14:07:21.404072+00:00,close,,COMPUSDT,ICT/SMC v2,long,,,24.225,23.874857322314828,,,,0.41279,,-0.1445353959216628,3107.3000801047156,SL,,
2026-09-25T14:07:21.806650+00:00,close,,COMPUSDT,ICT/SMC v2,long,,,24.225,23.874857322314828,,,,0.4128,,-0.1445388973484397,3107.1555412073667,SL,,
2026-09-25T14:07:28.708245+00:00,open,,COMPUSDT,ICT/SMC v2,long,,,23.775,,23.406975325506377,24.327037011740437,24.879074023480864,0.84121,20.0,,,,,
2026-09-25T14:07:31.418275+00:00,close,,CRVUSDT,Supertrend+ADX,long,,,0.3486,0.3365130068951617,,,,43.0,,-0.5197407035080467,3106.635800503859,SL,,
2026-09-25T14:07:39.252075+00:00,close,,CYBERUSDT,ICT/SMC v2,long,,,0.348,0.3432845968608852,,,,28.735,,-0.1354971092024632,3106.500303394657,SL,,
2026-09-25T14:07:42.867291+00:00,open,,CYBERUSDT,ICT/SMC v2,long,,,0.3425,,0.3372173164612037,0.3504240253081945,0.3583480506163889,58.394,20.0,,,,,
2026-09-25T14:08:00.166500+00:00,close,,DYDXUSDT,Supertrend+ADX,long,,,0.1354,0.1317108780025465,,,,110.78,,-0.4086809348778924,3106.0916224597795,SL,,
2026-09-25T14:08:20.716478+00:00,close,,EIGENUSDT,ICT/SMC v2,long,,,0.2466499999999999,0.2423089752146067,,,,40.54,,-0.1759851447998423,3105.9156373149794,SL,,
2026-09-25T14:08:29.161076+00:00,open,,ENSUSDT,ICT/SMC v2,long,,,7.036,,6.88945633430123,7.255815498548154,7.475630997096309,2.8425,20.0,,,,,
2026-09-25T14:08:41.732992+00:00,close,,ETHUSDT,Supertrend+ADX,long,,,2711.83,2671.118222247856,,,,0.005531,,-0.225176842747108,3105.6904604722317,SL,,
2026-09-25T14:08:44.056514+00:00,close,,ETHUSDT,ICT/SMC v2,long,,,2703.45,2680.416462459269,,,,0.003698,,-0.0851780218256224,3105.6052824504063,SL,,
2026-09-25T14:08:44.475621+00:00,close,,ETHUSDT,ICT/SMC v2,long,,,2703.45,2680.416462459269,,,,0.003699,,-0.0852010553631631,3105.5200813950437,SL,,
2026-09-25T14:08:49.293949+00:00,close,,ETHFIUSDT,ICT/SMC v2,long,,,0.718,0.7045084802651035,,,,13.9,,-0.1875321243150611,3105.332549270728,SL,,
2026-09-25T14:08:53.533535+00:00,open,,ETHFIUSDT,ICT/SMC v2,long,,,0.70025,,0.6847240170129638,0.7235389744805544,0.7468279489611087,28.5,20.0,,,,,
2026-09-25T14:09:00.321287+00:00,close,,FIDAUSDT,ICT/SMC v2,long,,,0.021825,0.0215761383804901,,,,458.19,,-0.1140259054432289,3105.218523365285,SL,,
2026-09-25T14:09:04.380896+00:00,open,,FIDAUSDT,ICT/SMC v2,long,,,0.021565,,0.0212948754100343,0.0219701868849484,0.0223753737698969,927.428,20.0,,,,,
2026-09-25T14:09:14.787197+00:00,close,,FLOWUSDT,Supertrend+ADX,long,,,0.0324,0.0312881175717599,,,,462.96,,-0.5147570889780099,3104.703766276307,SL,,
2026-09-25T14:09:29.046661+00:00,open,,GMTUSDT,ICT/SMC v2,long,,,0.00874,,0.0086130065475669,0.0089304901786495,0.0091209803572991,2288.3,20.0,,,,,
2026-09-25T14:09:49.433823+00:00,close,,HMSTRUSDT,ICT/SMC v2,long,,,0.0001779,0.0001761616388021,,,,56211.3,,-0.0977155427994514,3104.6060507335073,SL,,
2026-09-25T14:10:03.669302+00:00,close,,IMXUSDT,ICT/SMC v2,long,,,0.1612,0.1581507849351452,,,,62.0347,,-0.1891571417837486,3104.4168935917237,SL,,
2026-09-25T14:10:21.475054+00:00,open,,IOTAUSDT,ICT/SMC v2,long,,,0.04935,,0.0483745521812212,0.0508131717281681,0.0522763434563362,405.26,20.0,,,,,
2026-09-25T14:10:23.954345+00:00,close,,JASMYUSDT,ICT/SMC v2,long,,,0.0046245,0.004528956318073,,,,2162.3,,-0.2065941034306942,3104.2102994882925,SL,,
2026-09-25T14:10:35.814173+00:00,open,,JUPUSDT,ICT/SMC v2,long,,,0.3188999999999999,,0.3107251475914823,0.3311622786127764,0.3434245572255527,62.7,20.0,,,,,
2026-09-25T14:10:44.728947+00:00,close,,KNCUSDT,ICT/SMC v2,short,,,0.14695,0.1436210605495281,,,,68.0504,,0.2265356611803919,3104.4368351494736,TP2,,
2026-09-25T14:10:48.412089+00:00,close,,KSMUSDT,ICT/SMC v2,long,,,4.765000000000001,4.6993342639801865,,,,2.098635,,-0.1378084119119424,3104.2990267375617,SL,,
2026-09-25T14:10:48.850902+00:00,close,,KSMUSDT,ICT/SMC v2,long,,,4.765000000000001,4.6993342639801865,,,,2.098636,,-0.1378084775776785,3104.161218259984,SL,,
2026-09-25T14:10:52.109374+00:00,open,,KSMUSDT,ICT/SMC v2,long,,,4.695,,4.624489032746907,4.800766450879639,4.906532901759279,4.25985,20.0,,,,,
2026-09-25T14:11:10.741044+00:00,close,,LINKUSDT,ICT/SMC v2,long,,,14.053,13.757562112796624,,,,0.71,,-0.2097608999143977,3103.95145736007,SL,,
2026-09-25T14:11:17.472414+00:00,close,,LQTYUSDT,ICT/SMC v2,long,,,0.23815,0.2357539306977932,,,,41.99,,-0.1006109499996607,3103.85084641007,SL,,
2026-09-25T14:11:32.904011+00:00,close,,MANAUSDT,ICT/SMC v2,long,,,0.091475,0.0899612751561432,,,,109.3,,-0.165450125433548,3103.685396284637,SL,,
2026-09-25T14:11:46.238460+00:00,close,,MASKUSDT,ICT/SMC v2,long,,,0.469,0.4646938026285171,,,,21.32196,,-0.0918165681068626,3103.5935797165303,SL,,
2026-09-25T14:12:20.130000+00:00,open,,MTLUSDT,ICT/SMC v2,long,,,0.3419,,0.3376906519194752,0.3482140221207871,0.3545280442415743,58.4966,20.0,,,,,
2026-09-25T14:12:28.749151+00:00,close,,NEWTUSDT,ICT/SMC v2,long,,,0.050775,0.0502680501262935,,,,196.947,,-0.0998422567768718,3103.4937374597534,SL,,
2026-09-25T14:12:32.079230+00:00,open,,NEWTUSDT,ICT/SMC v2,long,,,0.05005,,0.0495125588656082,0.0508561617015876,0.0516623234031753,399.6,20.0,,,,,
2026-09-25T14:12:45.327935+00:00,close,,NMRUSDT,ICT/SMC v2,long,,,9.6185,9.6185,,,,1.0396,,0.0,3103.4937374597534,SL,,
2026-09-25T14:12:49.558087+00:00,close,,NOTUSDT,ICT/SMC v2,long,,,0.00048875,0.0004835319644865,,,,20460.3,,-0.10676257201591,3103.3869748877373,SL,,
2026-09-25T14:12:54.404693+00:00,open,,NOTUSDT,ICT/SMC v2,long,,,0.00048175,,0.000475142018651,0.0004916619720233,0.0005015739440467,41515.3,20.0,,,,,
2026-09-25T14:13:05.484411+00:00,open,,OPUSDT,ICT/SMC v2,long,,,0.1372999999999999,,0.1338171267383074,0.1425243098925387,0.1477486197850774,145.66,20.0,,,,,
2026-09-25T14:13:21.417852+00:00,open,,PENDLEUSDT,ICT/SMC v2,long,,,2.55675,,2.49970404843975,2.6423189273403755,2.7278878546807515,7.8,20.0,,,,,
2026-09-25T14:13:33.974761+00:00,open,,PIXELUSDT,ICT/SMC v2,long,,,0.00599,,0.0056700284108318,0.0064699573837522,0.0069499147675044,3338.8,20.0,,,,,
2026-09-25T14:14:52.985628+00:00,close,,SATSUSDT,ICT/SMC v2,long,,,1.2000000000000002e-08,1.1836354827021504e-08,,,,833333333.3,,-0.1363709774766265,3103.2506039102614,SL,,
2026-09-25T14:15:04.450254+00:00,close,,SKLUSDT,ICT/SMC v2,long,,,0.004535,0.004535,,,,2205.072,,0.0,3103.250603910261,SL,,
2026-09-25T14:15:11.889551+00:00,close,,SOLUSDT,Supertrend+ADX,long,,,118.3445,118.3445,,,,0.127,,0.0,3103.250603910261,SL,,
2026-09-25T14:15:14.063063+00:00,close,,SOLUSDT,ICT/SMC v2,long,,,120.1185,118.39925651548285,,,,0.083,,-0.1426972092149246,3103.107906701046,SL,,
2026-09-25T14:15:33.443288+00:00,close,,STXUSDT,ICT/SMC v2,long,,,0.3257,0.3194480533778063,,,,30.7,,-0.1919347613013464,3102.915971939745,SL,,
2026-09-25T14:15:40.215888+00:00,close,,SUIUSDT,ICT/SMC v2,long,,,1.1374,1.1026630247122071,,,,8.7919,,-0.305404013032744,3102.6105679267125,SL,,
2026-09-25T14:15:40.601560+00:00,close,,SUIUSDT,ICT/SMC v2,long,,,1.1374,1.1026630247122071,,,,8.792,,-0.3054074867302727,3102.3051604399825,SL,,
2026-09-25T14:20:06.985489+00:00,open,,BCHUSDT,Supertrend+ADX,short,,,330.47,,341.58604206990606,313.795936895141,297.121873790282,0.09077,30.0,,,,,
2026-09-25T14:20:14.589624+00:00,open,,BICOUSDT,ICT/SMC v2,long,,,0.0225,,0.0220884902316572,0.023117264652514,0.0237345293050281,888.88888,20.0,,,,,
2026-09-25T14:20:27.080556+00:00,open,,BNBUSDT,Supertrend+ADX,short,,,773.1995,,784.9001756847921,755.6484864728117,738.0974729456234,0.038,30.0,,,,,
2026-09-25T14:21:11.325745+00:00,open,,CRVUSDT,Supertrend+ADX,short,,,0.3395,,0.3548971781906738,0.3164042327139895,0.2933084654279789,88.3,30.0,,,,,
2026-09-25T14:21:30.788744+00:00,open,,DOGSUSDT,Supertrend+ADX,short,,,4.8e-05,,4.89792923351307e-05,4.653106149730395e-05,4.5062122994607896e-05,625000.0,30.0,,,,,
2026-09-25T14:21:33.890966+00:00,open,,DOTUSDT,ICT/SMC v2,long,,,1.1827,,1.1581862822394722,1.2194705766407918,1.2562411532815836,16.91,20.0,,,,,
2026-09-25T14:21:49.846164+00:00,close,,EGLDUSDT,ICT/SMC v2,long,,,4.515000000000001,4.515000000000001,,,,2.215,,0.0,3102.3051604399825,SL,,
2026-09-25T14:22:16.658728+00:00,open,,ETHUSDT,Supertrend+ADX,short,,,2689.8500000000004,,2746.7084661200392,2604.562300819942,2519.274601639884,0.011153,30.0,,,,,
2026-09-25T14:22:42.853123+00:00,open,,FLOKIUSDT,Supertrend+ADX,short,,,2.832505e-05,,2.9108664937100227e-05,2.7149627594349665e-05,2.597420518869932e-05,1059133.1,30.0,,,,,
2026-09-25T14:23:33.575619+00:00,open,,HMSTRUSDT,Supertrend+ADX,short,,,0.0001768,,0.0001818813463575,0.0001691779804636,0.0001615559609272,169683.2,30.0,,,,,
2026-09-25T14:24:42.390571+00:00,open,,LINKUSDT,ICT/SMC v2,long,,,13.82185,,13.496892404652067,14.309286393021898,14.7967227860438,1.44,20.0,,,,,
2026-09-25T14:25:12.319692+00:00,open,,MANAUSDT,ICT/SMC v2,long,,,0.09052,,0.0888954035353655,0.0929568946969516,0.0953937893939033,220.9,20.0,,,,,
2026-09-25T14:25:21.610902+00:00,open,,MASKUSDT,ICT/SMC v2,long,,,0.465,,0.4593530148521308,0.4734704777218038,0.4819409554436076,43.01075,20.0,,,,,
2026-09-25T14:25:31.456059+00:00,close,,MEMEUSDT,ICT/SMC v2,long,,,0.000624,0.000624,,,,16025.6,,0.0,3102.3051604399825,SL,,
2026-09-25T14:27:00.386721+00:00,open,,NOTUSDT,Supertrend+ADX,short,,,0.000483,,0.0004970973763498,0.0004618539354751,0.0004407078709503,62111.8,30.0,,,,,
2026-09-25T14:28:08.258267+00:00,open,,PORTALUSDT,ICT/SMC v2,long,,,0.0180099999999999,,0.0177276700700415,0.0184334948949377,0.0188569897898754,1110.4,20.0,,,,,
2026-09-25T14:29:09.740921+00:00,open,,SUSDT,ICT/SMC v2,long,,,0.0409999999999999,,0.0401837664746598,0.0422243502880102,0.0434487005760204,487.8,20.0,,,,,
2026-09-25T14:29:18.174650+00:00,open,,SATSUSDT,ICT/SMC v2,long,,,1.185e-08,,1.1643679407754769e-08,1.2159480888367853e-08,1.2468961776735704e-08,1687763713.0,20.0,,,,,
2026-09-25T15:04:33.257166+00:00,close,,AVNTUSDT,ICT/SMC v2,long,,,0.1169149999999999,0.1199474362086244,,,,85.532,,0.2593703337960689,3102.5645307737786,TP1,,
2026-09-25T15:05:01.729470+00:00,close,,BICOUSDT,ICT/SMC v2,long,,,0.0225,0.0220884902316572,,,,444.44444,,-0.1828932285456069,3102.3816375452325,SL,,
2026-09-25T15:05:22.959064+00:00,open,,BONKUSDT,ICT/SMC v2,long,,,3.6945e-06,,3.5961167069016306e-06,3.842074939647554e-06,3.989649879295108e-06,5413452.4,20.0,,,,,
2026-09-25T15:06:18.613031+00:00,close,,DUSKUSDT,ICT/SMC v2,long,,,0.08817,0.0903376059988626,,,,113.4,,0.2458065202710227,3102.627444065503,TP1,,
2026-09-25T15:06:35.099319+00:00,close,,ENAUSDT,ICT/SMC v2,long,,,0.24035,0.2513169358308091,,,,41.6,,0.4562245305616585,3103.0836685960644,TP1,,
2026-09-25T15:07:33.487598+00:00,close,,GRAMUSDT,ICT/SMC v2,long,,,1.411,1.411,,,,7.08717,,0.0,3103.0836685960644,SL,,
2026-09-25T15:07:41.211464+00:00,close,,GTCUSDT,ICT/SMC v2,long,,,0.0889,0.0900862578422774,,,,112.4859,,0.1334372810206372,3103.217105877085,TP1,,
2026-09-25T15:07:42.158952+00:00,close,,GTCUSDT,ICT/SMC v2,long,,,0.0889,0.0912725156845549,,,,112.4859,,0.2668745620412761,3103.4839804391263,TP2,,
2026-09-25T15:07:56.408774+00:00,open,,HMSTRUSDT,ICT/SMC v2,short,,,0.0001789,,0.0001819452291683,0.0001743321562474,0.0001697643124948,111794.2,20.0,,,,,
2026-09-25T15:09:32.137679+00:00,close,,MOVRUSDT,Supertrend+ADX,long,,,0.9435,1.0739089848011254,,,,15.898,,2.0732420403682914,3105.5572224794946,TP2,,
2026-09-25T15:09:34.405108+00:00,close,,MOVRUSDT,ICT/SMC v2,long,,,0.982,1.042550283109463,,,,10.183,,0.6165835329036626,3106.1738060123985,TP1,,
2026-09-25T15:10:41.941694+00:00,close,,PUMPUSDT,ICT/SMC v2,long,,,0.0041655,0.0040768898261825,,,,2400.67,,-0.2127237859783112,3105.9610822264203,SL,,
2026-09-25T15:10:50.561578+00:00,close,,RAREUSDT,Supertrend+ADX,long,,,0.013125,0.01407392476283,,,,1142.8,,1.0844312189621763,3107.0455134453828,TP2,,
2026-09-25T15:10:52.572092+00:00,close,,RAREUSDT,ICT/SMC v2,long,,,0.013685,0.0140188584692056,,,,730.7,,0.2439503834485376,3107.2894638288312,TP1,,
2026-09-25T15:11:17.416692+00:00,close,,ROSEUSDT,ICT/SMC v2,long,,,0.00791,0.0081407825948892,,,,1264.2,,0.2917553564590441,3107.58121918529,TP1,,
2026-09-25T15:12:30.715945+00:00,close,,SYNUSDT,Supertrend+ADX,short,,,0.21345,0.1923334421436654,,,,70.2,,1.4823823615146885,3109.063601546805,TP1,,
2026-09-25T15:12:58.762805+00:00,close,,TRXUSDT,ICT/SMC v2,short,,,0.3390419999999999,0.3365546177570788,,,,29.5,,0.0733777761661727,3109.136979322971,TP2,,
2026-09-25T15:13:44.282557+00:00,close,,ZKUSDT,ICT/SMC v2,long,,,0.01248,0.0128506099402883,,,,801.2,,0.296932684159012,3109.4339120071304,TP1,,
2026-09-25T15:18:53.569691+00:00,open,,ALICEUSDT,ICT/SMC v2,long,,,0.15465,,0.1507064184837656,0.1605653722743515,0.1664807445487029,129.32,20.0,,,,,
2026-09-25T15:19:55.490897+00:00,close,,BANDUSDT,ICT/SMC v2,long,,,0.217,0.2204885658800546,,,,46.08294,,0.1607633721366051,3109.5946753792664,TP1,,
2026-09-25T15:22:29.089523+00:00,open,,FLOWUSDT,ICT/SMC v2,short,,,0.03155,,0.0323059659402831,0.0304160510895752,0.0292821021791505,633.91,20.0,,,,,
2026-09-25T15:24:36.760038+00:00,close,,MOVRUSDT,ICT/SMC v2,long,,,0.982,1.103100566218926,,,,10.183,,1.233167065807323,3110.827842445074,TP2,,
2026-09-25T15:26:04.524571+00:00,close,,RAREUSDT,ICT/SMC v2,long,,,0.013685,0.0143527169384112,,,,730.7,,0.4879007668970752,3111.3157432119706,TP2,,
2026-09-25T15:26:53.755575+00:00,open,,SAGAUSDT,ICT/SMC v2,short,,,0.03655,,0.0393530277641711,0.0323454583537432,0.0281409167074865,547.1,20.0,,,,,
2026-09-25T15:27:29.869023+00:00,close,,SUNUSDT,Supertrend+ADX,short,,,0.01718505,0.0172667142130972,,,,872.8,,-0.0712765251912528,3111.244466686779,SL,,
2026-09-25T15:27:30.335344+00:00,close,,SUNUSDT,Supertrend+ADX,short,,,0.01718505,0.0172667142130972,,,,872.9,,-0.0712846916125625,3111.1731819951665,SL,,
2026-09-25T15:27:32.622752+00:00,close,,SUNUSDT,ICT/SMC v2,short,,,0.017235,0.0172794876265252,,,,580.2,,-0.0258117209099245,3111.1473702742564,SL,,
2026-09-25T15:29:04.387031+00:00,close,,ZECUSDT,ICT/SMC v2,long,,,1585.3305,1557.5437491968396,,,,0.0063,,-0.1750565300599107,3110.972313744196,SL,,
2026-09-25T15:29:05.524668+00:00,close,,ZECUSDT,ICT/SMC v2,long,,,1585.3305,1557.5437491968396,,,,0.00631,,-0.1753343975679423,3110.796979346628,SL,,
2026-09-25T15:37:55.150469+00:00,close,,HBARUSDT,ICT/SMC v2,long,,,0.09321,0.09321,,,,107.3,,0.0,3110.796979346628,SL,,
2026-09-25T15:40:32.951770+00:00,close,,PENDLEUSDT,Supertrend+ADX,long,,,2.6192,2.5316460101799296,,,,5.7,,-0.4990577419744022,3110.2979216046538,SL,,
2026-09-25T15:40:39.665217+00:00,close,,PEPEUSDT,ICT/SMC v2,long,,,4.53055e-06,4.422915358917958e-06,,,,2207237.5,,-0.237575216095324,3110.0603463885586,SL,,
2026-09-25T15:40:43.328459+00:00,open,,PEPEUSDT,ICT/SMC v2,long,,,4.4235e-06,,4.31039768816659e-06,4.5931534677501165e-06,4.762806935500231e-06,4521306.6,20.0,,,,,
2026-09-25T15:41:24.770293+00:00,close,,RENDERUSDT,ICT/SMC v2,long,,,1.953,1.9060477782412335,,,,5.12,,-0.2403953754048825,3109.8199510131544,SL,,
2026-09-25T15:41:37.025225+00:00,open,,RPLUSDT,ICT/SMC v2,long,,,2.03,,1.9938896012040084,2.084165598193988,2.138331196387976,9.8522,20.0,,,,,
2026-09-25T15:42:16.959619+00:00,close,,SSVUSDT,ICT/SMC v2,long,,,3.1345,3.093631102713315,,,,3.1903,,-0.1303840430137114,3109.6895669701407,SL,,
2026-09-25T15:42:57.699758+00:00,close,,TIAUSDT,ICT/SMC v2,long,,,0.50015,0.4902483745387062,,,,19.994,,-0.1979730994731083,3109.4915938706677,SL,,
2026-09-25T15:43:19.864874+00:00,close,,UNIUSDT,ICT/SMC v2,long,,,9.8271,9.566107720652637,,,,1.01,,-0.2636022021408383,3109.227991668527,SL,,
2026-09-25T15:48:59.446184+00:00,close,,AMPUSDT,ICT/SMC v2,long,,,0.0005059999999999,0.0005003187070208,,,,19762.8,,-0.1122782568886317,3109.115713411639,SL,,
2026-09-25T15:49:33.497533+00:00,open,,ASTERUSDT,ICT/SMC v2,long,,,0.7204999999999999,,0.709143612679301,0.7375345809810483,0.7545691619620966,27.7585,20.0,,,,,
2026-09-25T15:50:11.235041+00:00,open,,BICOUSDT,ICT/SMC v2,long,,,0.0225,,0.0220780381160777,0.0231329428258833,0.0237658856517666,888.88888,20.0,,,,,
2026-09-25T15:51:39.272579+00:00,open,,EIGENUSDT,ICT/SMC v2,long,,,0.24255,,0.2364501163889284,0.2516998254166073,0.2608496508332146,82.45,20.0,,,,,
2026-09-25T15:51:51.730048+00:00,close,,ETCUSDT,ICT/SMC v2,long,,,9.4517,9.29609822595321,,,,1.05,,-0.1633818627491296,3108.9523315488896,SL,,
2026-09-25T15:54:37.187420+00:00,open,,MOVRUSDT,ICT/SMC v2,long,,,0.993,,0.9236872152603132,1.0969691771095298,1.2009383542190597,20.14,20.0,,,,,
2026-09-25T15:54:52.748679+00:00,open,,NMRUSDT,ICT/SMC v2,short,,,9.6715,,9.790302696966371,9.493295954550442,9.315091909100886,2.0679,20.0,,,,,
2026-09-25T15:55:18.517029+00:00,open,,PAXGUSDT,ICT/SMC v2,short,,,4273.075,,4290.273133940289,4247.277799089567,4221.480598179131,0.00468,20.0,,,,,
2026-09-25T15:55:26.520759+00:00,open,,PEPEUSDT,Supertrend+ADX,short,,,4.40955e-06,,4.653348998871585e-06,4.043851501692622e-06,3.678153003385243e-06,6803415.3,30.0,,,,,
2026-09-25T15:57:48.047575+00:00,open,,TIAUSDT,ICT/SMC v2,long,,,0.4898,,0.4776886526202801,0.5079670210695799,0.5261340421391597,40.8329,20.0,,,,,
2026-09-25T15:58:08.998697+00:00,open,,TURBOUSDT,ICT/SMC v2,long,,,0.0010534,,0.0010324720087099,0.0010847919869351,0.0011161839738702,18986.1,20.0,,,,,
2026-09-25T15:58:47.511684+00:00,open,,ZECUSDT,Supertrend+ADX,short,,,1544.2845,,1622.6819287677033,1426.6883568484448,1309.0922136968895,0.01942,30.0,,,,,
2026-09-25T16:04:21.756126+00:00,close,,ARPAUSDT,ICT/SMC v2,long,,,0.011115,0.0112702451143432,,,,899.68,,0.1396709244723774,3109.0920024733614,TP1,,
2026-09-25T16:04:51.605148+00:00,open,,BBUSDT,ICT/SMC v2,long,,,0.0103,,0.0100481698104588,0.0106777452843117,0.0110554905686235,1941.7,20.0,,,,,
2026-09-25T16:08:18.386918+00:00,open,,JOEUSDT,ICT/SMC v2,long,,,0.0424999999999999,,0.0394067319778828,0.0471399020331757,0.0517798040663514,470.58823,20.0,,,,,
2026-09-25T16:11:44.455773+00:00,open,,SOLUSDT,ICT/SMC v2,long,,,120.6355,,118.46605341173728,123.88966988239407,127.14383976478815,0.165,20.0,,,,,
2026-09-25T16:18:41.421607+00:00,close,,AAVEUSDT,ICT/SMC v2,long,,,141.6445,150.2467813117467,,,,0.07,,0.6021596918222696,3109.6941621651845,TP2,,
2026-09-25T16:19:47.864100+00:00,open,,AVAXUSDT,ICT/SMC v2,short,,,10.407,,10.640905944328685,10.056141083506976,9.705282167013952,1.92,20.0,,,,,
2026-09-25T16:20:38.458621+00:00,open,,BNBUSDT,ICT/SMC v2,short,,,774.3335,,780.7124512919944,764.7650730620081,755.1966461240163,0.025,20.0,,,,,
2026-09-25T16:22:05.692133+00:00,close,,ENAUSDT,Supertrend+ADX,long,,,0.22845,0.2569303124233726,,,,65.66,,1.87001731371865,3111.5641794789026,TP2,,
2026-09-25T16:24:10.726473+00:00,open,,LDOUSDT,ICT/SMC v2,short,,,0.4657,,0.4784741939349375,0.4465387090975937,0.4273774181951874,42.9461,20.0,,,,,
2026-09-25T16:25:28.820512+00:00,close,,OGNUSDT,ICT/SMC v2,long,,,0.019755,0.0201260982942666,,,,506.2,,0.1878499565577744,3111.7520294354604,TP2,,
2026-09-25T16:26:13.446075+00:00,close,,PROMUSDT,ICT/SMC v2,long,,,5.2725,5.625093830692274,,,,1.89,,0.6664023400083974,3112.418431775469,TP1,,
2026-09-25T16:28:25.459010+00:00,close,,THETAUSDT,ICT/SMC v2,long,,,0.2238049999999999,0.2312412639913326,,,,44.6,,0.3316573740134376,3112.7500891494824,TP2,,
2026-09-25T16:28:47.931523+00:00,open,,TRXUSDT,ICT/SMC v2,short,,,0.3364375,,0.3371962647612669,0.3352993528580996,0.3341612057161992,59.4,20.0,,,,,
2026-09-25T16:29:20.135923+00:00,close,,WOOUSDT,ICT/SMC v2,long,,,0.0125499999999999,0.0131124582425812,,,,796.813,,0.448174039645891,3113.1982631891283,TP2,,
2026-09-25T16:33:36.708787+00:00,close,,AEROUSDT,ICT/SMC v2,long,,,0.76715,0.8151707095468916,,,,13.04,,0.6261900524914669,3113.8244532416197,TP2,,
2026-09-25T16:36:43.741824+00:00,close,,DUSKUSDT,ICT/SMC v2,long,,,0.08817,0.0925052119977253,,,,113.4,,0.4916130405420487,3114.316066282162,TP2,,
2026-09-25T16:36:52.510556+00:00,open,,DYMUSDT,Supertrend+ADX,long,,,0.0205,,0.0195220719237694,0.0219668921143458,0.0234337842286917,1463.4,30.0,,,,,
2026-09-25T16:37:04.075778+00:00,close,,ENAUSDT,ICT/SMC v2,long,,,0.24035,0.2622838716616182,,,,41.6,,0.912449061123317,3115.2285153432854,TP2,,
2026-09-25T16:40:23.962983+00:00,open,,OGNUSDT,Supertrend+ADX,long,,,0.020365,,0.0199130970644795,0.0210428544032806,0.0217207088065612,1473.115,30.0,,,,,
2026-09-25T16:41:41.438713+00:00,close,,RSRUSDT,ICT/SMC v2,long,,,0.0017185,0.0017535239615262,,,,5819.02,,0.2038051326003974,3115.4323204758857,TP1,,
2026-09-25T16:41:50.778218+00:00,close,,RVNUSDT,ICT/SMC v2,long,,,0.0027949999999999,0.0028476624742905,,,,3577.8,,0.1884158005165799,3115.620736276402,TP1,,
2026-09-25T16:50:51.370718+00:00,open,,CETUSUSDT,Supertrend+ADX,long,,,0.029445,,0.0265641542266797,0.0337662686599803,0.0380875373199606,1018.848,30.0,,,,,
2026-09-25T16:51:11.909847+00:00,open,,CRVUSDT,ICT/SMC v2,short,,,0.3423,,0.3498705467113837,0.3309441799329246,0.319588359865849,58.4,20.0,,,,,
2026-09-25T16:57:04.349543+00:00,open,,STRKUSDT,ICT/SMC v2,short,,,0.0401,,0.041037063769546,0.0386944043456809,0.0372888086913619,498.75,20.0,,,,,
2026-09-25T17:05:45.743190+00:00,open,,CATIUSDT,ICT/SMC v2,long,,,0.063115,,0.0623315588685001,0.0642901616972497,0.0654653233944995,316.8,20.0,,,,,
2026-09-25T17:09:29.979048+00:00,open,,MINAUSDT,ICT/SMC v2,short,,,0.141095,,0.1439216502534374,0.1368550246198439,0.1326150492396878,141.7,20.0,,,,,
2026-09-25T17:10:00.584449+00:00,close,,OGNUSDT,Supertrend+ADX,long,,,0.020365,0.0210428544032806,,,,736.557,,0.4992784057171554,3116.1200146821193,TP1,,
2026-09-25T17:12:09.422646+00:00,open,,STXUSDT,ICT/SMC v2,long,,,0.32365,,0.3166815808366328,0.3341026287450508,0.3445552574901016,61.7,20.0,,,,,
2026-09-25T17:12:44.983242+00:00,close,,TRXUSDT,ICT/SMC v2,short,,,0.3364375,0.3371962647612669,,,,29.7,,-0.0225353134096271,3116.0974793687096,SL,,
2026-09-25T17:13:35.313499+00:00,close,,ZRXUSDT,ICT/SMC v2,long,,,0.12325,0.1263286465224387,,,,81.135,,0.2497859855980679,3116.3472653543076,TP2,,
2026-09-25T17:18:53.619724+00:00,open,,AIUSDT,ICT/SMC v2,short,,,0.01985,,0.0203178925074197,0.0191481612388703,0.0184463224777406,1007.5,20.0,,,,,
2026-09-25T17:20:11.464485+00:00,open,,BEAMXUSDT,Supertrend+ADX,long,,,0.0022375,,0.0020787511020104,0.0024756233469843,0.0027137466939687,13407.8,30.0,,,,,
2026-09-25T17:22:43.233079+00:00,close,,GRTUSDT,Supertrend+ADX,long,,,0.025695,0.0271679648578038,,,,583.7,,0.8597695875000986,3117.2070349418073,TP1,,
2026-09-25T17:25:11.564586+00:00,close,,OGNUSDT,Supertrend+ADX,long,,,0.020365,0.020365,,,,736.558,,0.0,3117.2070349418073,SL,,
2026-09-25T17:25:53.378235+00:00,close,,PROMUSDT,Supertrend+ADX,long,,,5.5425,6.0381067996065525,,,,2.7,,1.3381383589376907,3118.545173300746,TP1,,
2026-09-25T17:25:55.821256+00:00,close,,PROMUSDT,ICT/SMC v2,long,,,5.2725,5.977687661384546,,,,1.9,,1.339856556630637,3119.885029857376,TP2,,
2026-09-25T17:26:53.803806+00:00,close,,SEIUSDT,ICT/SMC v2,long,,,0.06675,0.0696863770526038,,,,149.8,,0.4398692824800493,3120.324899139856,TP1,,
2026-09-25T17:38:25.604307+00:00,close,,INJUSDT,Supertrend+ADX,long,,,8.116,7.820271975257383,,,,1.8482,,-0.5465645353293036,3119.778334604527,SL,,
2026-09-25T17:38:29.835339+00:00,close,,INJUSDT,ICT/SMC v2,long,,,8.134,7.813136338021994,,,,1.2294,,-0.3944697860357604,3119.3838648184915,SL,,
2026-09-25T17:39:17.695243+00:00,open,,LTCUSDT,ICT/SMC v2,short,,,69.59299999999999,,70.83861148879498,67.72458276680749,65.856165533615,0.28738,20.0,,,,,
2026-09-25T17:39:52.936813+00:00,open,,METISUSDT,Supertrend+ADX,short,,,3.435,,3.556665439806045,3.252501840290932,3.0700036805818627,8.733,30.0,,,,,
2026-09-25T17:41:32.816264+00:00,close,,RLCUSDT,ICT/SMC v2,long,,,0.33705,0.3432793910084789,,,,29.6691,,0.1848204247696617,3119.568685243261,TP1,,
2026-09-25T17:54:36.087714+00:00,open,,MAGICUSDT,ICT/SMC v2,long,,,0.05,,0.0494151481461135,0.0508772777808297,0.0517545555616594,400.0,20.0,,,,,
2026-09-25T17:57:21.122669+00:00,close,,RVNUSDT,ICT/SMC v2,long,,,0.0027949999999999,0.002900324948581,,,,3577.8,,0.3768316010331598,3119.9455168442946,TP2,,
2026-09-25T17:58:37.954792+00:00,open,,SYNUSDT,ICT/SMC v2,short,,,0.1865,,0.1948410747728587,0.1739883878407118,0.1614767756814236,107.2,20.0,,,,,
2026-09-25T17:59:12.352495+00:00,open,,UMAUSDT,ICT/SMC v2,long,,,0.405,,0.4012270168831746,0.4106594746752381,0.4163189493504762,49.3827,20.0,,,,,
2026-09-25T18:13:34.511640+00:00,close,,SUSHIUSDT,ICT/SMC v2,long,,,0.25625,0.26385845287408,,,,39.024,,0.2969122649581008,3120.242429109252,TP1,,
2026-09-25T18:19:49.127848+00:00,close,,AXLUSDT,ICT/SMC v2,long,,,0.0516999999999999,0.0526880382642581,,,,193.42,,0.1911063610728107,3120.433535470325,TP1,,
2026-09-25T18:19:59.780148+00:00,close,,BANANAUSDT,ICT/SMC v2,long,,,4.02,4.080230863475943,,,,2.4875,,0.1498242728964081,3120.583359743221,TP1,,
2026-09-25T18:21:05.680155+00:00,close,,CHRUSDT,ICT/SMC v2,long,,,0.0212865,0.021818271329805,,,,469.78,,0.2498155353157976,3120.833175278537,TP1,,
2026-09-25T18:22:45.708910+00:00,close,,GALAUSDT,ICT/SMC v2,long,,,0.0020775,0.0021367048390252,,,,4813.4,,0.2849765721640949,3121.118151850701,TP1,,
2026-09-25T18:22:55.163201+00:00,close,,GRTUSDT,ICT/SMC v2,long,,,0.025615,0.0274064624547747,,,,390.4,,0.699386942344065,3121.817538793045,TP2,,
2026-09-25T18:25:34.097767+00:00,open,,OGNUSDT,ICT/SMC v2,long,,,0.020785,,0.0203108770700265,0.0214961843949601,0.0222073687899203,962.232,20.0,,,,,
2026-09-25T18:40:05.683350+00:00,close,,LTCUSDT,ICT/SMC v2,short,,,69.59299999999999,70.83861148879498,,,,0.14369,,-0.1789819148249524,3121.6385568782202,SL,,
2026-09-25T18:40:39.813095+00:00,open,,MEMEUSDT,ICT/SMC v2,short,,,0.0006345,,0.0006431293827079,0.000621555925938,0.0006086118518761,31520.8,20.0,,,,,
2026-09-25T18:54:04.959729+00:00,close,,IOUSDT,ICT/SMC v2,long,,,0.16105,0.1651379867836661,,,,62.09,,0.2538230993978294,3121.892379977618,TP1,,
2026-09-25T18:54:20.267168+00:00,close,,JUPUSDT,ICT/SMC v2,long,,,0.3188999999999999,0.3311622786127764,,,,31.3,,0.3838093205799031,3122.276189298198,TP1,,
2026-09-25T18:54:33.818790+00:00,close,,LDOUSDT,ICT/SMC v2,short,,,0.4657,0.4784741939349375,,,,21.473,,-0.2743002663649142,3122.001889031833,SL,,
2026-09-25T18:54:34.230394+00:00,close,,LDOUSDT,ICT/SMC v2,short,,,0.4657,0.4784741939349375,,,,21.4731,,-0.2743015437843077,3121.7275874880484,SL,,
2026-09-25T18:56:35.650416+00:00,close,,PEOPLEUSDT,ICT/SMC v2,long,,,0.00927,0.0095095862542925,,,,1078.748,,0.2584531926455765,3121.986040680694,TP1,,
2026-09-25T18:57:28.966277+00:00,close,,RPLUSDT,ICT/SMC v2,long,,,2.03,2.084165598193988,,,,4.9261,,0.2668251532634016,3122.252865833957,TP1,,
2026-09-25T19:00:00.366213+00:00,close,,ZROUSDT,ICT/SMC v2,long,,,1.403,1.6197060859208354,,,,7.13,,1.5451143926155564,3123.7979802265727,TP2,,
2026-09-25T19:12:17.429422+00:00,close,,PORTALUSDT,ICT/SMC v2,long,,,0.0180099999999999,0.0184334948949377,,,,555.2,,0.2351243656694324,3124.033104592242,TP1,,
2026-09-25T19:12:51.250277+00:00,close,,ROSEUSDT,Supertrend+ADX,long,,,0.007945,0.0083201887415382,,,,1887.9,,0.7083188251500481,3124.741423417392,TP1,,
2026-09-25T19:19:17.914073+00:00,close,,APTUSDT,Supertrend+ADX,long,,,0.82325,0.8663171628622122,,,,18.2204,,0.7847009342146499,3125.5261243516065,TP1,,
2026-09-25T19:19:38.722690+00:00,close,,ARPAUSDT,ICT/SMC v2,long,,,0.011115,0.011115,,,,899.68,,0.0,3125.5261243516065,SL,,
2026-09-25T19:20:13.103836+00:00,close,,BCHUSDT,Supertrend+ADX,short,,,330.47,341.58604206990606,,,,0.04538,,-0.5044459891323356,3125.021678362474,SL,,
2026-09-25T19:20:13.586676+00:00,close,,BCHUSDT,Supertrend+ADX,short,,,330.47,341.58604206990606,,,,0.04539,,-0.5045571495530347,3124.5171212129208,SL,,
2026-09-25T19:22:08.220357+00:00,close,,EIGENUSDT,Supertrend+ADX,short,,,0.2387,0.2550837340984996,,,,62.84,,-1.0295538507497155,3123.487567362172,SL,,
2026-09-25T19:22:11.834142+00:00,close,,EIGENUSDT,ICT/SMC v2,long,,,0.24255,0.2516998254166073,,,,41.22,,0.3771558036725553,3123.8647231658438,TP1,,
2026-09-25T19:23:25.251249+00:00,open,,GTCUSDT,ICT/SMC v2,long,,,0.0920499999999999,,0.090797011604071,0.0939294825938933,0.0958089651877867,217.2732,20.0,,,,,
2026-09-25T19:26:14.023760+00:00,close,,OGNUSDT,ICT/SMC v2,long,,,0.020785,0.0214961843949601,,,,481.116,,0.3421621913656515,3124.2068853572096,TP1,,
2026-09-25T19:30:14.934045+00:00,open,,ZROUSDT,ICT/SMC v2,long,,,1.569,,1.515266711672687,1.6495999324909691,1.7301998649819386,12.74,20.0,,,,,
2026-09-25T19:33:56.652146+00:00,close,,ALTUSDT,ICT/SMC v2,long,,,0.00762,0.0079606876844549,,,,1312.3,,0.4470844483102199,3124.65396980552,TP2,,
2026-09-25T19:34:36.215319+00:00,close,,ASTERUSDT,ICT/SMC v2,long,,,0.7204999999999999,0.7375345809810483,,,,13.8792,,0.2364263563521666,3124.890396161872,TP1,,
2026-09-25T19:40:46.083750+00:00,close,,OGNUSDT,ICT/SMC v2,long,,,0.020785,0.0222073687899203,,,,481.116,,0.6843243827313048,3125.574720544603,TP2,,
2026-09-25T19:51:06.298909+00:00,open,,CETUSUSDT,ICT/SMC v2,long,,,0.028815,,0.0275742733503046,0.0306760899745429,0.0325371799490859,694.082,20.0,,,,,
2026-09-25T19:56:35.323007+00:00,close,,OPUSDT,ICT/SMC v2,long,,,0.1372999999999999,0.1425243098925387,,,,72.83,,0.380486489473597,3125.9552070340774,TP1,,
2026-09-25T19:57:45.187572+00:00,close,,RLCUSDT,ICT/SMC v2,long,,,0.33705,0.3495087820169578,,,,29.6691,,0.3696408495393234,3126.3248478836163,TP2,,
2026-09-25T19:57:51.346381+00:00,close,,ROSEUSDT,ICT/SMC v2,long,,,0.00791,0.0083715651897785,,,,1264.2,,0.5835107129180882,3126.9083585965345,TP2,,
2026-09-25T20:00:25.154563+00:00,close,,WLDUSDT,ICT/SMC v2,long,,,0.4538,0.4691860762167731,,,,22.0,,0.3384936767690087,3127.2468522733034,TP1,,
2026-09-25T20:07:24.413495+00:00,close,,EIGENUSDT,ICT/SMC v2,long,,,0.24255,0.2608496508332146,,,,41.23,,0.7544946038534406,3128.0013468771567,TP2,,
2026-09-25T20:09:34.595219+00:00,close,,KSMUSDT,ICT/SMC v2,long,,,4.695,4.800766450879639,,,,2.129925,,0.2252746078898141,3128.2266214850465,TP1,,
2026-09-25T20:09:35.369900+00:00,close,,KSMUSDT,ICT/SMC v2,long,,,4.695,4.906532901759279,,,,2.129925,,0.450549215779632,3128.677170700826,TP2,,
2026-09-25T20:10:51.947885+00:00,close,,METISUSDT,ICT/SMC v2,long,,,3.495,3.4339638485178114,,,,2.861,,-0.1746244293905417,3128.5025462714357,SL,,
2026-09-25T20:11:25.747898+00:00,close,,NOTUSDT,ICT/SMC v2,long,,,0.00048175,0.0004916619720233,,,,20757.6,,0.2057487504721999,3128.708295021908,TP1,,
2026-09-25T20:13:15.703190+00:00,close,,SEIUSDT,ICT/SMC v2,long,,,0.06675,0.0726227541052076,,,,149.8,,0.8797385649601007,3129.588033586868,TP2,,
2026-09-25T20:19:44.908135+00:00,close,,AVNTUSDT,ICT/SMC v2,long,,,0.1169149999999999,0.1229798724172489,,,,85.532,,0.5187406675921378,3130.10677425446,TP2,,
2026-09-25T20:20:20.190547+00:00,close,,BERAUSDT,ICT/SMC v2,long,,,0.22805,0.2342087938516742,,,,43.85,,0.2700631103959161,3130.376837364856,TP1,,
2026-09-25T20:23:10.222958+00:00,close,,GMTUSDT,ICT/SMC v2,long,,,0.00874,0.0089304901786495,,,,1144.1,,0.2179398133929776,3130.594777178249,TP1,,
2026-09-25T20:24:20.916342+00:00,close,,LAYERUSDT,ICT/SMC v2,long,,,0.07675,0.0793547303102435,,,,130.2931,,0.3393783867855906,3130.9341555650344,TP2,,
2026-09-25T20:24:54.044485+00:00,close,,MANTAUSDT,ICT/SMC v2,long,,,0.0703,0.0714132138779222,,,,142.2,,0.158299013440544,3131.092454578475,TP1,,
2026-09-25T20:25:03.599399+00:00,close,,MEMEUSDT,ICT/SMC v2,short,,,0.0006345,0.0006431293827079,,,,15760.4,,-0.1360025232301647,3130.956452055245,SL,,
2026-09-25T20:25:27.806905+00:00,close,,MTLUSDT,ICT/SMC v2,long,,,0.3419,0.3482140221207871,,,,29.2483,,0.1846744131954199,3131.1411264684402,TP1,,
2026-09-25T20:25:37.074211+00:00,close,,NEWTUSDT,ICT/SMC v2,long,,,0.05005,0.0508561617015876,,,,199.8,,0.1610711079772136,3131.3021975764173,TP1,,
2026-09-25T20:26:04.591119+00:00,close,,ORDIUSDT,ICT/SMC v2,long,,,4.640000000000001,4.731256085732477,,,,2.155,,0.1966568647534872,3131.498854441171,TP1,,
2026-09-25T20:29:02.426022+00:00,close,,UMAUSDT,ICT/SMC v2,long,,,0.405,0.4106594746752381,,,,24.6913,,0.1397397870487075,3131.6385942282195,TP1,,
2026-09-25T20:29:19.325730+00:00,close,,WUSDT,ICT/SMC v2,long,,,0.01195,0.0122180330436863,,,,836.8,,0.2242900509567569,3131.8628842791763,TP1,,
2026-09-25T20:36:07.009759+00:00,close,,CRVUSDT,ICT/SMC v2,short,,,0.3423,0.3498705467113837,,,,29.2,,-0.221059963972402,3131.641824315204,SL,,
2026-09-25T20:36:15.187829+00:00,close,,CYBERUSDT,ICT/SMC v2,long,,,0.3425,0.3504240253081945,,,,29.197,,0.2313577669233539,3131.873182082127,TP1,,
2026-09-25T20:37:19.677779+00:00,close,,FIDAUSDT,ICT/SMC v2,long,,,0.021565,0.0219701868849484,,,,463.714,,0.1878908311669902,3132.061072913294,TP1,,
2026-09-25T20:37:46.375201+00:00,close,,GALAUSDT,ICT/SMC v2,long,,,0.0020775,0.0021959096780504,,,,4813.5,,0.5699649852959928,3132.6310378985904,TP2,,
2026-09-25T20:37:57.007356+00:00,close,,GRTUSDT,Supertrend+ADX,long,,,0.025695,0.0286409297156076,,,,583.8,,1.7198337679717537,3134.3508716665624,TP2,,
2026-09-25T20:38:51.327678+00:00,close,,JTOUSDT,ICT/SMC v2,long,,,0.5441,0.5667694831886764,,,,18.3,,0.4148515423527771,3134.7657232089146,TP1,,
2026-09-25T20:40:45.481056+00:00,open,,OGNUSDT,ICT/SMC v2,long,,,0.02073,,0.019742425256268,0.0222113621155978,0.0236927242311957,964.785,20.0,,,,,
2026-09-25T20:42:56.995398+00:00,close,,STGUSDT,ICT/SMC v2,long,,,0.1291999999999999,0.1393451847859445,,,,77.3993,,0.7852302008027545,3135.5509534097173,TP1,,
2026-09-25T20:43:36.248358+00:00,close,,TAOUSDT,ICT/SMC v2,long,,,292.765,314.1728087630998,,,,0.0342,,0.7321470596980135,3136.2831004694153,TP2,,
2026-09-25T20:44:30.678980+00:00,close,,VETUSDT,ICT/SMC v2,long,,,0.0092448,0.0095911165263244,,,,1081.6,,0.374575954872516,3136.6576764242877,TP1,,
2026-09-25T20:44:47.366512+00:00,close,,WLDUSDT,ICT/SMC v2,long,,,0.4538,0.484572152433546,,,,22.0,,0.6769873535380139,3137.334663777826,TP2,,
2026-09-25T20:45:08.117139+00:00,close,,ZROUSDT,Supertrend+ADX,long,,,1.459,1.6357902737242245,,,,10.28,,1.8174040138850245,3139.152067791711,TP2,,
2026-09-25T20:50:06.268696+00:00,open,,AVNTUSDT,ICT/SMC v2,long,,,0.123015,,0.1201036929201014,0.1273819606198478,0.1317489212396956,162.581,20.0,,,,,
2026-09-25T20:59:27.161151+00:00,open,,PROMUSDT,ICT/SMC v2,long,,,5.9265,,5.717577218847959,6.239884171728061,6.553268343456122,3.37,20.0,,,,,
2026-09-25T21:02:33.626726+00:00,open,,WLDUSDT,ICT/SMC v2,long,,,0.4767,,0.4646744057958797,0.4947383913061805,0.5127767826123609,41.9,20.0,,,,,
2026-09-25T21:03:55.608718+00:00,open,,ALTUSDT,ICT/SMC v2,long,,,0.0079849999999999,,0.0078889296258051,0.0081291055612922,0.0082732111225844,2504.6,20.0,,,,,
2026-09-25T21:10:38.343146+00:00,close,,PORTALUSDT,ICT/SMC v2,long,,,0.0180099999999999,0.0180099999999999,,,,555.2,,0.0,3139.152067791711,SL,,
2026-09-25T21:11:04.578275+00:00,open,,RLCUSDT,ICT/SMC v2,long,,,0.3546,,0.3414488816945642,0.3743266774581537,0.3940533549163074,56.4015,20.0,,,,,
2026-09-25T21:24:40.363397+00:00,open,,LAYERUSDT,ICT/SMC v2,long,,,0.0789,,0.0782881953327871,0.0798177070008192,0.0807354140016385,253.4854,20.0,,,,,
2026-09-25T21:24:54.240304+00:00,open,,LQTYUSDT,ICT/SMC v2,long,,,0.23975,,0.2374868971259961,0.2431446543110058,0.2465393086220115,83.42,20.0,,,,,
2026-09-25T21:28:23.867971+00:00,open,,THETAUSDT,ICT/SMC v2,long,,,0.2326,,0.2285486067068635,0.2386770899397046,0.2447541798794093,85.9,20.0,,,,,
2026-09-25T21:33:55.899275+00:00,close,,ALICEUSDT,ICT/SMC v2,long,,,0.15465,0.1605653722743515,,,,64.66,,0.3824879712595672,3139.5345557629707,TP1,,
2026-09-25T21:34:14.103784+00:00,open,,APTUSDT,ICT/SMC v2,long,,,0.85345,,0.8323166219899145,0.8851500670151283,0.9168501340302568,23.4342,20.0,,,,,
2026-09-25T21:38:42.034784+00:00,open,,KNCUSDT,ICT/SMC v2,long,,,0.14465,,0.1435638725251009,0.1462791912123485,0.1479083824246971,138.2647,20.0,,,,,
2026-09-25T21:39:48.138999+00:00,close,,NEARUSDT,ICT/SMC v2,long,,,5.07895,4.917733006939853,,,,1.9,,-0.3063122868142785,3139.2282434761564,SL,,
2026-09-25T21:39:48.527931+00:00,close,,NEARUSDT,ICT/SMC v2,long,,,5.07895,4.917733006939853,,,,2.0,,-0.3224339861202931,3138.905809490036,SL,,
2026-09-25T21:41:19.782386+00:00,open,,ROSEUSDT,ICT/SMC v2,long,,,0.00836,,0.0082006074392568,0.0085990888411146,0.0088381776822293,2392.3,20.0,,,,,
2026-09-25T21:51:00.727218+00:00,close,,CATIUSDT,ICT/SMC v2,long,,,0.063115,0.0642901616972497,,,,158.4,,0.1861456128443607,3139.0919551028805,TP1,,
2026-09-25T21:53:17.420196+00:00,open,,GMXUSDT,Supertrend+ADX,short,,,8.1501,,8.308658900806847,7.9122616487897295,7.67442329757946,3.6809,30.0,,,,,
2026-09-25T21:53:20.520259+00:00,open,,GRAMUSDT,ICT/SMC v2,long,,,1.4275,,1.4128827889916478,1.4494258165125284,1.471351633025057,14.0105,20.0,,,,,
2026-09-25T21:57:56.241078+00:00,open,,SUIUSDT,ICT/SMC v2,long,,,1.1605,,1.131068299817238,1.2046475502741427,1.248795100548286,17.2339,20.0,,,,,
2026-09-25T22:08:17.579355+00:00,open,,JASMYUSDT,ICT/SMC v2,short,,,0.0046305,,0.0047017285144268,0.0045236572283597,0.0044168144567195,4319.1,20.0,,,,,
2026-09-25T22:12:08.857411+00:00,open,,SSVUSDT,ICT/SMC v2,short,,,3.1285,,3.1646605089471143,3.0742592365793286,3.020018473158658,6.3928,20.0,,,,,
2026-09-25T22:20:51.985966+00:00,open,,CRVUSDT,ICT/SMC v2,long,,,0.34925,,0.3434823150040859,0.3579015274938711,0.3665530549877423,57.2,20.0,,,,,
2026-09-25T22:23:29.622061+00:00,close,,LQTYUSDT,ICT/SMC v2,long,,,0.23975,0.2431446543110058,,,,41.71,,0.1415910313120519,3139.2335461341927,TP1,,
2026-09-25T22:24:10.224913+00:00,open,,METISUSDT,ICT/SMC v2,short,,,3.39,,3.44381849194213,3.3092722620868047,3.2285445241736097,5.899,20.0,,,,,
2026-09-25T22:26:10.648044+00:00,close,,POLUSDT,ICT/SMC v2,long,,,0.11345,0.1162581350773383,,,,88.1445,,0.2475216623244475,3139.481067796517,TP1,,
2026-09-25T22:27:54.690829+00:00,close,,SUPERUSDT,Supertrend+ADX,long,,,0.1748,0.183570131432531,,,,85.8,,0.752477276911162,3140.2335450734276,TP1,,
2026-09-25T22:34:33.691761+00:00,open,,AXLUSDT,Supertrend+ADX,long,,,0.0534,,0.052104811000025,0.0553427834999623,0.0572855669999247,561.79,30.0,,,,,
2026-09-25T22:35:10.772369+00:00,close,,BLURUSDT,ICT/SMC v2,long,,,0.02,0.0208261161958036,,,,500.0,,0.4130580979018212,3140.64660317133,TP2,,
2026-09-25T22:38:51.786998+00:00,open,,LTCUSDT,Supertrend+ADX,long,,,73.7695,,71.07769503124574,77.80720745313137,81.84491490626274,0.40667,30.0,,,,,
2026-09-25T22:41:51.686012+00:00,close,,ROSEUSDT,ICT/SMC v2,long,,,0.00836,0.0085990888411146,,,,1196.1,,0.2859741628572373,3140.932577334187,TP1,,
2026-09-25T22:43:54.637969+00:00,close,,WIFUSDT,ICT/SMC v2,long,,,0.24225,0.2509811024765754,,,,41.27,,0.3603325992082694,3141.292909933395,TP1,,
2026-09-25T22:48:43.241501+00:00,close,,AGLDUSDT,ICT/SMC v2,long,,,0.21965,0.2275324232641509,,,,45.527,,0.3588630839470003,3141.6517730173427,TP2,,
2026-09-25T22:49:15.528752+00:00,close,,ARBUSDT,ICT/SMC v2,long,,,0.217,0.2291968408275089,,,,46.0829,,0.5620657961700128,3142.2138388135118,TP2,,
2026-09-25T22:49:19.127312+00:00,close,,ARKUSDT,ICT/SMC v2,long,,,0.2139,0.2611390044998619,,,,46.8,,2.210785410593536,3144.4246242241056,TP2,,
2026-09-25T22:49:35.133499+00:00,close,,AVAXUSDT,ICT/SMC v2,short,,,10.407,10.640905944328685,,,,0.96,,-0.2245497065555355,3144.20007451755,SL,,
2026-09-25T22:49:54.105795+00:00,close,,BANDUSDT,ICT/SMC v2,long,,,0.217,0.2239771317601093,,,,46.08295,,0.3215268140445304,3144.5216013315944,TP2,,
2026-09-25T22:50:58.363249+00:00,close,,CHZUSDT,ICT/SMC v2,long,,,0.0163649999999999,0.0167387913587401,,,,611.0,,0.2283865201902086,3144.7499878517847,TP1,,
2026-09-25T22:51:21.850875+00:00,close,,DOGEUSDT,ICT/SMC v2,long,,,0.09743305,0.099398120552184,,,,102.6,,0.201616238654079,3144.9516040904387,TP1,,
2026-09-25T22:51:27.234970+00:00,close,,DOGSUSDT,Supertrend+ADX,short,,,4.8e-05,4.89792923351307e-05,,,,312500.0,,-0.3060288547283428,3144.64557523571,SL,,
2026-09-25T22:51:32.739426+00:00,close,,DOTUSDT,ICT/SMC v2,long,,,1.1827,1.2194705766407918,,,,8.45,,0.3107113726146903,3144.9562866083243,TP1,,
2026-09-25T22:52:58.923554+00:00,close,,IDUSDT,ICT/SMC v2,long,,,0.0384,0.0390390936251379,,,,260.41,,0.1664263709221642,3145.122712979247,TP1,,
2026-09-25T22:53:25.826829+00:00,close,,JUPUSDT,ICT/SMC v2,long,,,0.3188999999999999,0.3434245572255527,,,,31.4,,0.7700710968823579,3145.892784076129,TP2,,
2026-09-25T22:53:29.645048+00:00,close,,KERNELUSDT,ICT/SMC v2,short,,,0.0542,0.0553365673257629,,,,184.5018,,-0.2096987174244543,3145.6830853587044,SL,,
2026-09-25T22:53:34.166640+00:00,close,,KNCUSDT,ICT/SMC v2,long,,,0.14465,0.1462791912123485,,,,69.1323,,0.1126297356494441,3145.795715094354,TP1,,
2026-09-25T22:53:51.032638+00:00,close,,LPTUSDT,ICT/SMC v2,short,,,1.6995,1.6995,,,,5.8841,,-0.0,3145.795715094354,SL,,
2026-09-25T22:55:14.904056+00:00,open,,ONDOUSDT,Supertrend+ADX,long,,,0.55145,,0.5328811232398987,0.5793033151401521,0.607156630280304,54.4,30.0,,,,,
2026-09-25T22:56:32.065660+00:00,close,,RUNEUSDT,ICT/SMC v2,long,,,0.62845,0.6546807645278812,,,,15.9,,0.4170691559933111,3146.2127842503473,TP2,,
2026-09-25T22:56:48.652110+00:00,close,,SATSUSDT,ICT/SMC v2,long,,,1.185e-08,1.2159480888367853e-08,,,,843881856.5,,0.2611653066271315,3146.4739495569743,TP1,,
2026-09-25T23:03:58.405663+00:00,close,,API3USDT,ICT/SMC v2,long,,,0.2683999999999999,0.2803084880202811,,,,37.2578,,0.4436840649620314,3146.917633621936,TP2,,
2026-09-25T23:05:31.004568+00:00,close,,CELOUSDT,ICT/SMC v2,long,,,0.09335,0.0947630903605462,,,,107.12,,0.1513702394217144,3147.069003861358,TP1,,
2026-09-25T23:06:19.813510+00:00,open,,DUSKUSDT,ICT/SMC v2,short,,,0.091545,,0.0930505332228769,0.0892867001656845,0.0870284003313691,218.4,20.0,,,,,
2026-09-25T23:07:25.772043+00:00,close,,GRAMUSDT,ICT/SMC v2,long,,,1.4275,1.4494258165125284,,,,7.00525,,0.1535958261243899,3147.222599687482,TP1,,
2026-09-25T23:11:56.245142+00:00,close,,SSVUSDT,ICT/SMC v2,short,,,3.1285,3.1646605089471143,,,,3.1964,,-0.1155834507985565,3147.1070162366836,SL,,
2026-09-25T23:12:13.025639+00:00,close,,SUIUSDT,ICT/SMC v2,long,,,1.1605,1.2046475502741427,,,,8.6169,,0.3804150259572615,3147.487431262641,TP1,,
2026-09-25T23:13:08.839597+00:00,close,,WUSDT,Supertrend+ADX,long,,,0.0119,0.0123860591122443,,,,1260.5,,0.6126775109839809,3148.1001087736245,TP1,,
2026-09-25T23:13:17.615742+00:00,close,,WLDUSDT,ICT/SMC v2,long,,,0.4767,0.4947383913061805,,,,20.9,,0.3770023782991726,3148.4771111519235,TP1,,
2026-09-25T23:18:32.130458+00:00,open,,1INCHUSDT,Supertrend+ADX,long,,,0.1033,,0.1015838087263767,0.1058742869104348,0.1084485738208697,290.41,30.0,,,,,
2026-09-25T23:19:11.435656+00:00,close,,ARKMUSDT,Supertrend+ADX,long,,,0.13085,0.1374999773994012,,,,114.6,,0.7620874099713816,3149.2391985618947,TP1,,
2026-09-25T23:21:21.156216+00:00,open,,EIGENUSDT,ICT/SMC v2,long,,,0.2643999999999999,,0.2575603070992586,0.274659539351112,0.2849190787022241,75.64,20.0,,,,,
2026-09-25T23:22:13.572999+00:00,open,,HBARUSDT,ICT/SMC v2,long,,,0.0955999999999999,,0.0942922016339682,0.0975616975490476,0.0995233950980952,209.2,20.0,,,,,
2026-09-25T23:22:59.958498+00:00,close,,LAYERUSDT,ICT/SMC v2,long,,,0.0789,0.0798177070008192,,,,126.7427,,0.1163126630927358,3149.3555112249874,TP1,,
2026-09-25T23:23:17.222920+00:00,close,,LUNAUSDT,ICT/SMC v2,long,,,0.05335,0.0542581646434889,,,,187.44,,0.1702263807755653,3149.525737605763,TP1,,
2026-09-25T23:24:17.706310+00:00,open,,NEWTUSDT,Supertrend+ADX,long,,,0.05129,,0.0506050880814175,0.0523173678778737,0.0533447357557475,584.909,30.0,,,,,
2026-09-25T23:24:39.463894+00:00,close,,OPUSDT,ICT/SMC v2,long,,,0.1372999999999999,0.1477486197850774,,,,72.83,,0.760972978947194,3150.2867105847104,TP2,,
2026-09-25T23:25:29.822928+00:00,open,,RENDERUSDT,ICT/SMC v2,long,,,1.956,,1.9300176538538327,1.9949735192192504,2.0339470384385008,10.22,20.0,,,,,
2026-09-25T23:25:42.948769+00:00,close,,RSRUSDT,ICT/SMC v2,long,,,0.0017185,0.0017885479230524,,,,5819.02,,0.4076102652007923,3150.694320849911,TP2,,
2026-09-25T23:25:58.092822+00:00,close,,SUSDT,ICT/SMC v2,long,,,0.0409999999999999,0.0422243502880102,,,,243.9,,0.2986190352457009,3150.992939885157,TP1,,
2026-09-25T23:26:29.886756+00:00,close,,STRKUSDT,ICT/SMC v2,short,,,0.0401,0.041037063769546,,,,249.37,,-0.2336755922116873,3150.7592642929453,SL,,
2026-09-25T23:26:30.334112+00:00,close,,STRKUSDT,ICT/SMC v2,short,,,0.0401,0.041037063769546,,,,249.38,,-0.2336849628493827,3150.5255793300958,SL,,
2026-09-25T23:26:33.604625+00:00,open,,STRKUSDT,ICT/SMC v2,short,,,0.0412,,0.0418646662251693,0.0402030006622459,0.0392060013244918,485.43,20.0,,,,,
2026-09-25T23:26:43.150270+00:00,open,,SUNUSDT,Supertrend+ADX,long,,,0.01725,,0.0171807962700568,0.0173538055949147,0.0174576111898295,1739.1,30.0,,,,,
2026-09-25T23:34:34.190088+00:00,open,,BANANAUSDT,Supertrend+ADX,long,,,4.12,,4.066358139841667,4.2004627902374985,4.280925580474997,7.2815,30.0,,,,,
2026-09-25T23:35:11.905615+00:00,open,,BTCUSDT,ICT/SMC v2,long,,,84080.245,,83762.82047862012,84556.38178206982,85032.51856413961,0.000237,20.0,,,,,
2026-09-25T23:36:22.574256+00:00,open,,ENAUSDT,ICT/SMC v2,long,,,0.2681,,0.2607132327053393,0.279180150941991,0.2902603018839821,74.59,20.0,,,,,
2026-09-25T23:37:56.359717+00:00,close,,LAYERUSDT,Supertrend+ADX,long,,,0.0781999999999999,0.0801515169709432,,,,191.8158,,0.3743317889950548,3150.899911119091,TP1,,
2026-09-25T23:39:32.346483+00:00,open,,ONDOUSDT,ICT/SMC v2,long,,,0.551145,,0.5405065387961047,0.567102691805843,0.583060383611686,36.28,20.0,,,,,
2026-09-25T23:40:44.737740+00:00,close,,SUSDT,ICT/SMC v2,long,,,0.0409999999999999,0.0409999999999999,,,,243.9,,0.0,3150.899911119091,SL,,
2026-09-25T23:40:59.924053+00:00,open,,SHIBUSDT,Supertrend+ADX,long,,,5.965e-06,,5.820155029444303e-06,6.182267455833545e-06,6.39953491166709e-06,5029337.8,30.0,,,,,
2026-09-25T23:48:49.314424+00:00,open,,AGLDUSDT,ICT/SMC v2,long,,,0.22865,,0.2266390971445452,0.2316663542831822,0.2346827085663644,87.4699,20.0,,,,,
2026-09-25T23:50:55.805706+00:00,close,,CRVUSDT,Supertrend+ADX,short,,,0.3395,0.3548971781906738,,,,44.1,,-0.6790155582087131,3150.220895560882,SL,,
2026-09-25T23:51:02.180663+00:00,close,,CTSIUSDT,ICT/SMC v2,long,,,0.0292,0.0300107368351156,,,,342.4657,,0.277649557753681,3150.4985451186353,TP1,,
2026-09-25T23:52:44.121184+00:00,open,,INITUSDT,ICT/SMC v2,long,,,0.09945,,0.0985885931184681,0.1007421103222978,0.1020342206445956,201.106,20.0,,,,,
2026-09-25T23:52:50.684570+00:00,close,,IOTAUSDT,ICT/SMC v2,long,,,0.04935,0.0508131717281681,,,,202.63,,0.2964824872787094,3150.7950276059146,TP1,,
2026-09-25T23:53:05.943527+00:00,open,,KERNELUSDT,ICT/SMC v2,long,,,0.05515,,0.054726125363006,0.0557858119554909,0.0564216239109819,362.6473,20.0,,,,,
2026-09-25T23:53:39.605347+00:00,close,,MANAUSDT,ICT/SMC v2,long,,,0.09052,0.0929568946969516,,,,110.4,,0.2690331745434661,3151.0640607804585,TP1,,
2026-09-25T23:55:14.115737+00:00,close,,POLYXUSDT,ICT/SMC v2,long,,,0.0436499999999999,0.0455495989338802,,,,229.1,,0.4351981157519707,3151.4992588962104,TP2,,
2026-09-25T23:57:22.610246+00:00,open,,TAOUSDT,ICT/SMC v2,long,,,317.995,,311.22693078293474,328.14710382559787,338.2992076511957,0.0628,20.0,,,,,
2026-09-26T00:03:57.534239+00:00,close,,APEUSDT,ICT/SMC v2,long,,,0.15265,0.1560588035457234,,,,65.5,,0.2232766322448862,3151.722535528455,TP1,,
2026-09-26T00:05:21.149337+00:00,close,,CELOUSDT,Supertrend+ADX,long,,,0.09305,0.0956752280210394,,,,161.2,,0.4231867569915624,3152.1457222854465,TP1,,
2026-09-26T00:05:37.794379+00:00,close,,CKBUSDT,ICT/SMC v2,long,,,0.0014135,0.0014431088756718,,,,7074.63,,0.2094718400940433,3152.3551941255405,TP1,,
2026-09-26T00:06:32.599479+00:00,close,,FETUSDT,ICT/SMC v2,long,,,0.22715,0.2454481552592626,,,,44.023,,0.8055396889785197,3153.160733814519,TP2,,
2026-09-26T00:08:28.798426+00:00,close,,MASKUSDT,ICT/SMC v2,long,,,0.465,0.4734704777218038,,,,21.50537,,0.1821607574841481,3153.3428945720034,TP1,,
2026-09-26T00:09:05.688746+00:00,close,,MTLUSDT,ICT/SMC v2,long,,,0.3419,0.3545280442415743,,,,29.2483,,0.3693488263908382,3153.712243398394,TP2,,
2026-09-26T00:09:10.967434+00:00,close,,NEOUSDT,ICT/SMC v2,long,,,2.65715,2.706716645038763,,,,3.763,,0.1865192852808662,3153.898762683675,TP1,,
2026-09-26T00:10:36.187955+00:00,close,,RPLUSDT,ICT/SMC v2,long,,,2.03,2.138331196387976,,,,4.9261,,0.5336503065268078,3154.4324129902025,TP2,,
2026-09-26T00:10:47.787699+00:00,open,,RUNEUSDT,ICT/SMC v2,long,,,0.65505,,0.6457184773318171,0.6690472840022744,0.6830445680045488,30.5,20.0,,,,,
2026-09-26T00:12:29.750940+00:00,close,,WUSDT,ICT/SMC v2,long,,,0.01195,0.0124860660873727,,,,836.8,,0.4485801019135125,3154.8809930921157,TP2,,
2026-09-26T00:12:40.321543+00:00,close,,WOOUSDT,Supertrend+ADX,long,,,0.012875,0.0133220340329185,,,,1165.048,,0.520816105983744,3155.4018091980993,TP1,,
2026-09-26T00:19:14.789052+00:00,close,,ARKMUSDT,ICT/SMC v2,long,,,0.1301,0.138637116265691,,,,76.8,,0.6556505292050715,3156.0574597273044,TP2,,
2026-09-26T00:19:31.218733+00:00,close,,AXLUSDT,ICT/SMC v2,long,,,0.0516999999999999,0.0536760765285162,,,,193.42,,0.3822127221456201,3156.4396724494504,TP2,,
2026-09-26T00:19:43.972252+00:00,close,,BANDUSDT,Supertrend+ADX,long,,,0.2195,0.2254129545003093,,,,68.33712,,0.4040742812421799,3156.843746730692,TP1,,
2026-09-26T00:20:10.017079+00:00,close,,BLURUSDT,Supertrend+ADX,long,,,0.02045,0.0210973645077029,,,,733.4963,,0.4748394711514303,3157.3185862018436,TP1,,
2026-09-26T00:20:36.162442+00:00,close,,CELOUSDT,ICT/SMC v2,long,,,0.09335,0.0961761807210924,,,,107.12,,0.3027404788434274,3157.621326680687,TP2,,
2026-09-26T00:20:47.281906+00:00,open,,CFXUSDT,ICT/SMC v2,long,,,0.0562105,,0.055617086161888,0.0571006207571678,0.0579907415143357,355.8,20.0,,,,,
2026-09-26T00:20:54.076493+00:00,close,,CKBUSDT,Supertrend+ADX,long,,,0.001339,0.0014512373435879,,,,11202.39,,1.2573264954361985,3158.8786531761234,TP2,,
2026-09-26T00:21:24.469067+00:00,close,,DYMUSDT,ICT/SMC v2,long,,,0.0202,0.021018605998546,,,,495.0,,0.405209969280292,3159.2838631454033,TP1,,
2026-09-26T00:22:54.867841+00:00,close,,JASMYUSDT,ICT/SMC v2,short,,,0.0046305,0.0047017285144268,,,,2159.5,,-0.1538179769046938,3159.1300451684992,SL,,
2026-09-26T00:22:55.305426+00:00,close,,JASMYUSDT,ICT/SMC v2,short,,,0.0046305,0.0047017285144268,,,,2159.6,,-0.1538250997561364,3158.9762200687433,SL,,
2026-09-26T00:23:06.700601+00:00,open,,JUPUSDT,ICT/SMC v2,long,,,0.3412,,0.3338040808230655,0.3522938787654016,0.3633877575308032,58.6,20.0,,,,,
2026-09-26T00:24:27.911448+00:00,open,,MTLUSDT,ICT/SMC v2,long,,,0.3514,,0.3457112215517818,0.3599331676723272,0.3684663353446545,56.9151,20.0,,,,,
2026-09-26T00:24:43.301817+00:00,close,,NOTUSDT,Supertrend+ADX,short,,,0.000483,0.0004970973763498,,,,31055.9,,-0.4378067101841843,3158.538413358559,SL,,
2026-09-26T00:25:01.500954+00:00,close,,ORDIUSDT,Supertrend+ADX,long,,,4.629,4.8292307151771015,,,,3.24,,0.6487475171738102,3159.187160875733,TP1,,
2026-09-26T00:25:03.964542+00:00,close,,ORDIUSDT,ICT/SMC v2,long,,,4.640000000000001,4.822512171464953,,,,2.155,,0.3933137295069725,3159.58047460524,TP2,,
2026-09-26T00:25:06.773536+00:00,open,,ORDIUSDT,ICT/SMC v2,long,,,4.8425,,4.77017468006976,4.950987979895359,5.059475959790719,4.13,20.0,,,,,
2026-09-26T00:26:06.748623+00:00,close,,RSRUSDT,Supertrend+ADX,long,,,0.001658,0.0018133863600568,,,,9047.04,,1.4057866148885358,3160.9862612201287,TP1,,
2026-09-26T00:26:09.426678+00:00,open,,RSRUSDT,ICT/SMC v2,long,,,0.001807,,0.0017865566955901,0.0018376649566148,0.0018683299132296,11068.06,20.0,,,,,
2026-09-26T00:26:16.962408+00:00,open,,RVNUSDT,ICT/SMC v2,long,,,0.00277,,0.002746741181091,0.0028048882283634,0.0028397764567268,7220.2,20.0,,,,,
2026-09-26T00:27:17.743968+00:00,close,,THETAUSDT,ICT/SMC v2,long,,,0.2326,0.2386770899397046,,,,42.9,,0.2607071584133285,3161.246968378542,TP1,,
2026-09-26T00:27:59.026932+00:00,open,,WUSDT,ICT/SMC v2,long,,,0.01245,,0.0122558173864015,0.0127412739203976,0.0130325478407953,1606.4,20.0,,,,,
2026-09-26T00:33:38.445265+00:00,close,,AGLDUSDT,ICT/SMC v2,long,,,0.22865,0.2266390971445452,,,,43.7349,,-0.0879466352930301,3161.159021743249,SL,,
2026-09-26T00:38:05.827351+00:00,close,,KERNELUSDT,ICT/SMC v2,long,,,0.05515,0.0557858119554909,,,,181.3236,,0.1152877126926601,3161.274309455942,TP1,,
2026-09-26T00:40:35.824530+00:00,open,,RAYUSDT,ICT/SMC v2,long,,,2.04725,,2.0052635108034638,2.1102297337948057,2.1732094675896105,9.7,20.0,,,,,
2026-09-26T00:40:44.868312+00:00,close,,RENDERUSDT,ICT/SMC v2,long,,,1.956,1.9300176538538327,,,,5.11,,-0.1327697888069123,3161.1415396671355,SL,,
2026-09-26T00:41:05.941380+00:00,close,,RVNUSDT,ICT/SMC v2,long,,,0.00277,0.0028048882283634,,,,3610.1,,0.1259499932148499,3161.2674896603503,TP1,,
2026-09-26T00:49:14.591447+00:00,open,,AEROUSDT,ICT/SMC v2,long,,,0.83465,,0.8114159130139506,0.8695011304790741,0.9043522609581484,23.96,20.0,,,,,
2026-09-26T00:49:59.696659+00:00,open,,AVAXUSDT,ICT/SMC v2,long,,,10.61,,10.45689989334556,10.83965015998166,11.06930031996332,1.88,20.0,,,,,
2026-09-26T00:50:07.028017+00:00,close,,AXSUSDT,ICT/SMC v2,long,,,1.13545,1.2209200639266196,,,,8.8,,0.7521365625542515,3162.019626222904,TP2,,
2026-09-26T00:50:18.785316+00:00,open,,BANDUSDT,ICT/SMC v2,long,,,0.2235,,0.2219946737991823,0.2257579893012265,0.2280159786024531,89.48545,20.0,,,,,
2026-09-26T00:52:35.771840+00:00,open,,GALAUSDT,ICT/SMC v2,long,,,0.0021634999999999,,0.0021215148155585,0.0022264777766621,0.0022894555533242,9244.2,20.0,,,,,
2026-09-26T00:53:10.315817+00:00,close,,INITUSDT,ICT/SMC v2,long,,,0.09945,0.0985885931184681,,,,100.553,,-0.0866170461586755,3161.9330091767456,SL,,
2026-09-26T00:53:51.190400+00:00,open,,LPTUSDT,ICT/SMC v2,long,,,1.6997,,1.671598559264745,1.7418521611028823,1.784004322205765,11.7667,20.0,,,,,
2026-09-26T00:55:49.805266+00:00,open,,POLYXUSDT,ICT/SMC v2,long,,,0.04575,,0.0450415945634554,0.0468126081548169,0.0478752163096338,437.1,20.0,,,,,
2026-09-26T00:56:58.564554+00:00,open,,SSVUSDT,ICT/SMC v2,long,,,3.1705,,3.125459931487484,3.2380601027687743,3.30562020553755,6.3081,20.0,,,,,
2026-09-26T00:58:10.211666+00:00,close,,WUSDT,ICT/SMC v2,long,,,0.01245,0.0122558173864015,,,,803.2,,-0.155967475242273,3161.7770417015035,SL,,
2026-09-26T01:05:06.847602+00:00,close,,BIGTIMEUSDT,ICT/SMC v2,long,,,0.008545,0.0088054438492449,,,,1170.27,,0.3047896234558424,3162.0818313249592,TP1,,
2026-09-26T01:05:35.013946+00:00,close,,CELOUSDT,Supertrend+ADX,long,,,0.09305,0.0983004560420789,,,,161.2,,0.8463735139831225,3162.9282048389423,TP2,,
2026-09-26T01:08:14.871597+00:00,close,,KERNELUSDT,ICT/SMC v2,long,,,0.05515,0.05515,,,,181.3236,,0.0,3162.9282048389423,SL,,
2026-09-26T01:11:29.199868+00:00,close,,RSRUSDT,ICT/SMC v2,long,,,0.001807,0.0017865566955901,,,,5534.03,,-0.1131338599033979,3162.8150709790393,SL,,
2026-09-26T01:19:32.664637+00:00,open,,AXSUSDT,ICT/SMC v2,long,,,1.18305,,1.1531621452272,1.2278817821592,1.2727135643183995,16.9,20.0,,,,,
2026-09-26T01:22:32.375537+00:00,open,,INITUSDT,ICT/SMC v2,long,,,0.09895,,0.0979496732233385,0.1004504901649922,0.1019509803299844,202.1222,20.0,,,,,
2026-09-26T01:26:19.799303+00:00,open,,STXUSDT,Supertrend+ADX,long,,,0.33145,,0.3224940782936618,0.3448838825595073,0.3583177651190146,90.5,30.0,,,,,
2026-09-26T01:33:30.820609+00:00,close,,ADAUSDT,ICT/SMC v2,long,,,0.2458495,0.2600673689496406,,,,40.6,,0.5772454793554088,3163.392316458395,TP2,,
2026-09-26T01:34:21.941141+00:00,close,,AVAXUSDT,Supertrend+ADX,short,,,10.7775,10.7775,,,,1.39,,-0.0,3163.392316458395,SL,,
2026-09-26T01:34:57.963367+00:00,open,,BEAMXUSDT,ICT/SMC v2,short,,,0.0021219999999999,,0.00215574963407,0.0020713755488949,0.0020207510977898,9425.0,20.0,,,,,
2026-09-26T01:38:04.854840+00:00,open,,JASMYUSDT,ICT/SMC v2,long,,,0.004715,,0.0046316315752842,0.0048400526370735,0.0049651052741471,4241.7,20.0,,,,,
2026-09-26T01:41:06.655800+00:00,open,,RPLUSDT,ICT/SMC v2,long,,,2.153,,2.1156005551682737,2.209099167247589,2.2651983344951776,9.2893,20.0,,,,,
2026-09-26T01:49:09.160045+00:00,open,,API3USDT,ICT/SMC v2,long,,,0.27995,,0.2762099557238613,0.285560066414208,0.291170132828416,71.4413,20.0,,,,,
2026-09-26T01:49:30.809230+00:00,open,,ATOMUSDT,Supertrend+ADX,long,,,1.81545,,1.7718230759538132,1.8808903860692805,1.9463307721385608,16.524,30.0,,,,,
2026-09-26T01:49:33.025059+00:00,close,,AVAXUSDT,ICT/SMC v2,long,,,10.61,10.83965015998166,,,,0.94,,0.2158711503827614,3163.608187608777,TP1,,
2026-09-26T01:51:48.231237+00:00,open,,ETCUSDT,Supertrend+ADX,long,,,9.52875,,9.310470021715073,9.85616996742739,10.18358993485478,3.14,30.0,,,,,
2026-09-26T01:56:29.666173+00:00,close,,SHIBUSDT,ICT/SMC v2,long,,,5.87e-06,6.00472931357824e-06,,,,1703577.5,,0.2295218272023346,3163.8377094359794,TP1,,
2026-09-26T02:04:14.053601+00:00,open,,ARKUSDT,ICT/SMC v2,long,,,0.24895,,0.232626937888963,0.2734345931665554,0.2979191863331108,80.3,20.0,,,,,
2026-09-26T02:09:44.525123+00:00,close,,NMRUSDT,ICT/SMC v2,short,,,9.6715,9.790302696966371,,,,1.0339,,-0.1228301083935313,3163.714879327586,SL,,
2026-09-26T02:10:44.397854+00:00,close,,RAYUSDT,ICT/SMC v2,long,,,2.04725,2.0052635108034638,,,,4.8,,-0.2015351481433761,3163.5133441794433,SL,,
2026-09-26T02:18:33.936800+00:00,open,,1INCHUSDT,ICT/SMC v2,long,,,0.1030099999999999,,0.1019791983985027,0.1045562024022458,0.1061024048044917,194.15,20.0,,,,,
2026-09-26T02:19:15.085912+00:00,open,,ARBUSDT,ICT/SMC v2,long,,,0.22385,,0.2194055516417378,0.2305166725373932,0.2371833450747864,89.3455,20.0,,,,,
2026-09-26T02:20:32.678057+00:00,open,,CELOUSDT,ICT/SMC v2,long,,,0.10055,,0.0989316598342134,0.1029775102486798,0.1054050204973597,198.9,20.0,,,,,
2026-09-26T02:21:43.575856+00:00,open,,FETUSDT,ICT/SMC v2,long,,,0.24145,,0.2366402331423284,0.2486646502865072,0.2558793005730145,82.832,20.0,,,,,
2026-09-26T02:22:42.855147+00:00,open,,IMXUSDT,ICT/SMC v2,long,,,0.1609,,0.1584690662801325,0.1645464005798012,0.1681928011596024,124.3008,20.0,,,,,
2026-09-26T02:23:16.162229+00:00,open,,LDOUSDT,ICT/SMC v2,long,,,0.4871499999999999,,0.4739105036927996,0.5070092444608005,0.526868488921601,41.0551,20.0,,,,,
2026-09-26T02:25:47.185924+00:00,open,,RSRUSDT,ICT/SMC v2,long,,,0.0017929999999999,,0.0017707187859826,0.001826421821026,0.0018598436420521,11154.48,20.0,,,,,
2026-09-26T02:26:12.205951+00:00,open,,SKLUSDT,ICT/SMC v2,long,,,0.00458,,0.0045447630590502,0.0046328554114246,0.0046857108228493,4366.812,20.0,,,,,
2026-09-26T02:26:48.696783+00:00,close,,SUNUSDT,Supertrend+ADX,long,,,0.01725,0.0173538055949147,,,,869.5,,0.0902589647783823,3163.603603144222,TP1,,
2026-09-26T02:27:47.715570+00:00,open,,WUSDT,ICT/SMC v2,long,,,0.01225,,0.0120457277595996,0.0125564083606005,0.012862816721201,1632.6,20.0,,,,,
2026-09-26T02:27:59.856381+00:00,open,,WOOUSDT,ICT/SMC v2,long,,,0.01345,,0.0133241529592931,0.0136387705610603,0.0138275411221206,1486.988,20.0,,,,,
2026-09-26T02:33:40.312986+00:00,close,,AEROUSDT,ICT/SMC v2,long,,,0.83465,0.8695011304790741,,,,11.98,,0.4175165431393073,3164.0211196873606,TP1,,
2026-09-26T02:39:40.976636+00:00,close,,ONDOUSDT,ICT/SMC v2,long,,,0.551145,0.5405065387961047,,,,18.14,,-0.1929816862386613,3163.8281380011226,SL,,
2026-09-26T02:40:38.929945+00:00,close,,ROSEUSDT,Supertrend+ADX,long,,,0.007945,0.0086953774830764,,,,1888.0,,1.4167126880484038,3165.2448506891715,TP2,,
2026-09-26T02:41:49.249900+00:00,close,,SUNUSDT,Supertrend+ADX,long,,,0.01725,0.01725,,,,869.5,,0.0,3165.2448506891715,SL,,
2026-09-26T02:48:48.433512+00:00,close,,ALGOUSDT,ICT/SMC v2,long,,,0.11465,0.1179570723058709,,,,87.2,,0.2883767050719418,3165.533227394243,TP1,,
2026-09-26T02:54:59.998611+00:00,close,,ORDIUSDT,ICT/SMC v2,long,,,4.8425,4.77017468006976,,,,2.065,,-0.1493517856559452,3165.383875608587,SL,,
2026-09-26T02:57:16.134436+00:00,close,,THETAUSDT,ICT/SMC v2,long,,,0.2326,0.2326,,,,43.0,,0.0,3165.383875608587,SL,,
2026-09-26T03:05:26.779195+00:00,close,,CELOUSDT,ICT/SMC v2,long,,,0.10055,0.0989316598342134,,,,99.45,,-0.1609439294874735,3165.2229316790995,SL,,
2026-09-26T03:05:36.327517+00:00,close,,CFXUSDT,ICT/SMC v2,long,,,0.0562105,0.055617086161888,,,,177.9,,-0.1055683218001107,3165.1173633572994,SL,,
2026-09-26T03:10:15.299671+00:00,open,,PORTALUSDT,ICT/SMC v2,long,,,0.01842,,0.0181971649037263,0.0187542526444104,0.0190885052888209,1085.7,20.0,,,,,
2026-09-26T03:12:46.574324+00:00,close,,WOOUSDT,ICT/SMC v2,long,,,0.01345,0.0133241529592931,,,,743.494,,-0.0935665196833176,3165.023796837616,SL,,
2026-09-26T03:13:05.487145+00:00,open,,ZRXUSDT,ICT/SMC v2,long,,,0.1261,,0.1249336909493816,0.1278494635759274,0.1295989271518549,158.604,20.0,,,,,
2026-09-26T03:19:40.381001+00:00,close,,BANDUSDT,ICT/SMC v2,long,,,0.2235,0.2219946737991823,,,,44.74272,,-0.06735238871185,3164.956444448904,SL,,
2026-09-26T03:19:40.775203+00:00,close,,BANDUSDT,ICT/SMC v2,long,,,0.2235,0.2219946737991823,,,,44.74273,,-0.067352403765112,3164.889092045139,SL,,
2026-09-26T03:21:03.162263+00:00,close,,DUSKUSDT,ICT/SMC v2,short,,,0.091545,0.0892867001656845,,,,109.2,,0.2466063419072431,3165.1356983870464,TP1,,
2026-09-26T03:22:46.365227+00:00,close,,JASMYUSDT,ICT/SMC v2,long,,,0.004715,0.0046316315752842,,,,2120.8,,-0.1768077551370887,3164.958890631909,SL,,
2026-09-26T03:24:20.725766+00:00,open,,NEARUSDT,ICT/SMC v2,short,,,4.897349999999999,,5.013697517139045,4.722828724291431,4.548307448582862,4.0,20.0,,,,,
2026-09-26T03:24:24.634377+00:00,close,,NEWTUSDT,Supertrend+ADX,long,,,0.05129,0.0506050880814175,,,,292.454,,-0.2003052302371238,3164.7585854016725,SL,,
2026-09-26T03:24:25.008458+00:00,close,,NEWTUSDT,Supertrend+ADX,long,,,0.05129,0.0506050880814175,,,,292.455,,-0.2003059151490424,3164.5582794865236,SL,,
2026-09-26T03:25:09.373084+00:00,close,,POLYXUSDT,ICT/SMC v2,long,,,0.04575,0.0450415945634554,,,,218.5,,-0.1547865878849953,3164.403492898638,SL,,
2026-09-26T03:25:09.745622+00:00,close,,POLYXUSDT,ICT/SMC v2,long,,,0.04575,0.0450415945634554,,,,218.6,,-0.1548574284286498,3164.2486354702096,SL,,
2026-09-26T03:25:13.234035+00:00,close,,PORTALUSDT,ICT/SMC v2,long,,,0.01842,0.0181971649037263,,,,542.8,,-0.1209548902573352,3164.127680579952,SL,,
2026-09-26T03:25:13.577694+00:00,close,,PORTALUSDT,ICT/SMC v2,long,,,0.01842,0.0181971649037263,,,,542.9,,-0.1209771737669626,3164.006703406185,SL,,
2026-09-26T03:25:49.123905+00:00,close,,RSRUSDT,ICT/SMC v2,long,,,0.0017929999999999,0.0017707187859826,,,,5577.24,,-0.124267678066398,3163.8824357281187,SL,,
2026-09-26T03:25:55.420004+00:00,close,,RUNEUSDT,ICT/SMC v2,long,,,0.65505,0.6690472840022744,,,,15.2,,0.2127587168345709,3164.095194444954,TP1,,
2026-09-26T03:26:03.064606+00:00,close,,SAGAUSDT,ICT/SMC v2,short,,,0.03655,0.0323454583537432,,,,273.5,,1.1499421402512189,3165.2451365852053,TP1,,
2026-09-26T03:26:15.325979+00:00,close,,SKLUSDT,ICT/SMC v2,long,,,0.00458,0.0045447630590502,,,,2183.406,,-0.0769365482914067,3165.1682000369137,SL,,
2026-09-26T03:34:11.825171+00:00,close,,ARKUSDT,ICT/SMC v2,long,,,0.24895,0.2734345931665554,,,,40.1,,0.981832185978873,3166.150032222892,TP1,,
2026-09-26T03:34:18.400002+00:00,open,,ARPAUSDT,ICT/SMC v2,long,,,0.0113935,,0.0113139293136351,0.0115128560295472,0.0116322120590944,1755.38,20.0,,,,,
2026-09-26T03:37:04.555262+00:00,close,,GTCUSDT,ICT/SMC v2,long,,,0.0920499999999999,0.090797011604071,,,,108.6366,,-0.1361203991731722,3166.013911823719,SL,,
2026-09-26T03:40:33.185382+00:00,close,,RUNEUSDT,Supertrend+ADX,long,,,0.6422,0.6709310355463859,,,,23.3,,0.6694331282307914,3166.6833449519495,TP1,,
2026-09-26T03:40:43.943955+00:00,close,,SAGAUSDT,ICT/SMC v2,short,,,0.03655,0.03655,,,,273.6,,-0.0,3166.6833449519495,SL,,
2026-09-26T03:40:47.271643+00:00,open,,SAGAUSDT,ICT/SMC v2,long,,,0.03955,,0.0370112794610185,0.0433580808084721,0.0471661616169442,505.6,20.0,,,,,
2026-09-26T03:49:53.994799+00:00,open,,BCHUSDT,Supertrend+ADX,short,,,337.14,,345.28382510695536,324.9242623395669,312.70852467913386,0.08898,30.0,,,,,
2026-09-26T03:50:27.122780+00:00,open,,BONKUSDT,Supertrend+ADX,short,,,3.644e-06,,3.758391487809139e-06,3.472412768286292e-06,3.300825536572584e-06,8232711.3,30.0,,,,,
2026-09-26T03:50:48.439736+00:00,open,,CFXUSDT,ICT/SMC v2,short,,,0.0555445,,0.0561158482617112,0.054687477607433,0.0538304552148661,360.07,20.0,,,,,
2026-09-26T03:52:25.848867+00:00,close,,HBARUSDT,ICT/SMC v2,long,,,0.0955999999999999,0.0942922016339682,,,,104.6,,-0.136795709086922,3166.5465492428625,SL,,
2026-09-26T03:54:55.422006+00:00,open,,ORDIUSDT,ICT/SMC v2,long,,,4.7255,,4.646820105000493,4.843519842499262,4.961539684998524,4.232,20.0,,,,,
2026-09-26T04:03:38.557099+00:00,open,,ADAUSDT,ICT/SMC v2,long,,,0.25685,,0.2530284204685677,0.2625823692971485,0.268314738594297,77.8,20.0,,,,,
2026-09-26T04:04:35.337032+00:00,close,,AVNTUSDT,ICT/SMC v2,long,,,0.123015,0.1273819606198478,,,,81.29,,0.3549902287874278,3166.90153947165,TP1,,
2026-09-26T04:10:37.503783+00:00,close,,POLUSDT,ICT/SMC v2,long,,,0.11345,0.1190662701546766,,,,88.1446,,0.4950438862759092,3167.396583357926,TP2,,
2026-09-26T04:13:23.801489+00:00,open,,XLMUSDT,ICT/SMC v2,long,,,0.2191725,,0.2165113865047581,0.2231641702428626,0.2271558404857254,91.2,20.0,,,,,
2026-09-26T04:19:32.624046+00:00,close,,AVNTUSDT,ICT/SMC v2,long,,,0.123015,0.1317489212396956,,,,81.29,,0.7099804575748544,3168.106563815501,TP2,,
2026-09-26T04:19:45.173629+00:00,close,,BANANAUSDT,ICT/SMC v2,long,,,4.02,4.1404617269518855,,,,2.4876,,0.2996605919655115,3168.4062244074667,TP2,,
2026-09-26T04:20:43.977302+00:00,open,,CELOUSDT,ICT/SMC v2,long,,,0.09865,,0.0970023912374878,0.1011214131437682,0.1035928262875364,202.73,20.0,,,,,
2026-09-26T04:25:44.359890+00:00,close,,PROMUSDT,Supertrend+ADX,long,,,5.5425,6.533713599213105,,,,2.71,,2.6861888538675123,3171.092413261334,TP2,,
2026-09-26T04:25:46.851190+00:00,close,,PROMUSDT,ICT/SMC v2,long,,,5.9265,6.239884171728061,,,,1.68,,0.5264854085031428,3171.618898669837,TP1,,
2026-09-26T04:34:41.711565+00:00,open,,BANDUSDT,ICT/SMC v2,short,,,0.2225,,0.2239433881184603,0.2203349178223095,0.2181698356446191,89.88764,20.0,,,,,
2026-09-26T04:35:00.597261+00:00,close,,BICOUSDT,ICT/SMC v2,long,,,0.0225,0.0220780381160777,,,,444.44444,,-0.1875386132011477,3171.431360056636,SL,,
2026-09-26T04:38:53.347623+00:00,open,,MEMEUSDT,ICT/SMC v2,short,,,0.000642,,0.0006483721086378,0.0006324418370431,0.0006228836740863,31152.6,20.0,,,,,
2026-09-26T04:40:22.010399+00:00,close,,PROMUSDT,ICT/SMC v2,long,,,5.9265,6.553268343456122,,,,1.69,,1.0592385004408469,3172.490598557077,TP2,,
2026-09-26T04:40:58.471529+00:00,open,,RSRUSDT,ICT/SMC v2,short,,,0.0017845,,0.0018072499834508,0.0017503750248237,0.0017162500496474,11207.62,20.0,,,,,
2026-09-26T04:41:15.854989+00:00,close,,SAGAUSDT,ICT/SMC v2,long,,,0.03955,0.0370112794610185,,,,252.8,,-0.641788552254502,3171.848810004822,SL,,
2026-09-26T04:41:31.620401+00:00,open,,SKLUSDT,ICT/SMC v2,short,,,0.00456,,0.004595633526528,0.0045065497102079,0.0044530994204158,4385.964,20.0,,,,,
2026-09-26T04:49:30.914869+00:00,open,,AVNTUSDT,ICT/SMC v2,long,,,0.129825,,0.1252547349091431,0.1366803976362853,0.1435357952725707,154.053,20.0,,,,,
2026-09-26T04:49:43.978353+00:00,open,,BANANAUSDT,ICT/SMC v2,long,,,4.140000000000001,,4.10382571144289,4.194261432835666,4.248522865671331,4.8309,20.0,,,,,
2026-09-26T04:51:43.755346+00:00,open,,ETCUSDT,ICT/SMC v2,long,,,9.43715,,9.32832772253187,9.600383416202192,9.763616832404384,2.11,20.0,,,,,
2026-09-26T04:51:47.668692+00:00,open,,ETHUSDT,ICT/SMC v2,long,,,2687.96,,2679.0753604704296,2701.286959294356,2714.613918588712,0.00744,20.0,,,,,
2026-09-26T04:55:30.045542+00:00,open,,PROMUSDT,ICT/SMC v2,long,,,6.241,,5.97387199961727,6.641692000574095,7.042384001148189,3.2,20.0,,,,,
2026-09-26T05:06:37.958127+00:00,close,,ENAUSDT,ICT/SMC v2,long,,,0.2681,0.279180150941991,,,,37.29,,0.4131788286268442,3172.261988833449,TP1,,
2026-09-26T05:10:15.190507+00:00,open,,OGNUSDT,Supertrend+ADX,long,,,0.0215749999999999,,0.0207690936290797,0.0227838595563803,0.0239927191127606,1390.498,30.0,,,,,
2026-09-26T05:11:52.413264+00:00,open,,SEIUSDT,ICT/SMC v2,short,,,0.07425,,0.0760984771187434,0.0714772843218848,0.0687045686437696,269.3,20.0,,,,,
2026-09-26T05:12:25.788488+00:00,close,,SUIUSDT,ICT/SMC v2,long,,,1.1605,1.1605,,,,8.6169,,0.0,3172.261988833449,SL,,
2026-09-26T05:21:53.082484+00:00,close,,DYMUSDT,ICT/SMC v2,long,,,0.0202,0.0202,,,,495.0,,0.0,3172.261988833449,SL,,
2026-09-26T05:23:46.435151+00:00,close,,IOUSDT,ICT/SMC v2,long,,,0.16105,0.1692259735673322,,,,62.09,,0.5076461987956588,3172.7696350322444,TP2,,
2026-09-26T05:23:49.419265+00:00,open,,IOUSDT,Supertrend+ADX,long,,,0.16945,,0.1620997709918581,0.1804753435122127,0.1915006870244255,177.04,30.0,,,,,
2026-09-26T05:28:23.989025+00:00,close,,TAOUSDT,ICT/SMC v2,long,,,317.995,311.22693078293474,,,,0.0314,,-0.2125173734158491,3172.5571176588287,SL,,
2026-09-26T05:34:10.900603+00:00,close,,ARUSDT,ICT/SMC v2,long,,,4.6545000000000005,4.517516572572955,,,,2.14,,-0.2931445346938776,3172.2639731241347,SL,,
2026-09-26T05:34:11.284575+00:00,close,,ARUSDT,ICT/SMC v2,long,,,4.6545000000000005,4.517516572572955,,,,2.15,,-0.294514368968148,3171.9694587551667,SL,,
2026-09-26T05:36:13.246051+00:00,close,,DOGEUSDT,ICT/SMC v2,long,,,0.09743305,0.09743305,,,,102.6,,0.0,3171.9694587551667,SL,,
2026-09-26T05:38:28.889253+00:00,close,,LAYERUSDT,ICT/SMC v2,long,,,0.0789,0.0807354140016385,,,,126.7427,,0.2326253261854699,3172.202084081352,TP2,,
2026-09-26T05:40:14.481271+00:00,open,,ONDOUSDT,ICT/SMC v2,long,,,0.543945,,0.5355734123945549,0.5565023814081675,0.5690597628163352,36.76,20.0,,,,,
2026-09-26T05:49:55.182142+00:00,close,,BANDUSDT,ICT/SMC v2,short,,,0.2225,0.2239433881184603,,,,44.94382,,-0.064871375786219,3172.1372127055656,SL,,
2026-09-26T05:52:04.379188+00:00,close,,ETHFIUSDT,ICT/SMC v2,long,,,0.70025,0.7235389744805544,,,,14.2,,0.3307034376238715,3172.46791614319,TP1,,
2026-09-26T05:52:39.855584+00:00,close,,GMXUSDT,Supertrend+ADX,short,,,8.1501,8.308658900806847,,,,1.8404,,-0.2918118010449214,3172.1761043421448,SL,,
2026-09-26T05:52:42.678059+00:00,close,,GMXUSDT,ICT/SMC v2,long,,,8.17505,8.325128691465972,,,,1.2232,,0.1835762554011761,3172.359680597546,TP1,,
2026-09-26T05:52:43.534024+00:00,close,,GMXUSDT,ICT/SMC v2,long,,,8.17505,8.475207382931943,,,,1.2232,,0.3671525108023522,3172.726833108348,TP2,,
2026-09-26T05:56:40.994136+00:00,open,,SUSDT,ICT/SMC v2,short,,,0.0409,,0.0414316792156429,0.0401024811765355,0.039304962353071,488.9,20.0,,,,,
2026-09-26T05:56:57.196140+00:00,close,,SKLUSDT,ICT/SMC v2,short,,,0.00456,0.004595633526528,,,,2192.982,,-0.0781436822724992,3172.6486894260756,SL,,
2026-09-26T06:04:24.650422+00:00,close,,AVAXUSDT,ICT/SMC v2,long,,,10.61,10.61,,,,0.94,,0.0,3172.6486894260756,SL,,
2026-09-26T06:11:46.243576+00:00,open,,SKLUSDT,Supertrend+ADX,long,,,0.00464,,0.0045673706608477,0.0047489440087283,0.0048578880174567,6465.517,30.0,,,,,
2026-09-26T06:12:20.771598+00:00,open,,SUNUSDT,Supertrend+ADX,long,,,0.01722005,,0.0171561065534515,0.0173159651698227,0.0174118803396454,1742.1,30.0,,,,,
2026-09-26T06:18:43.213541+00:00,close,,AEROUSDT,ICT/SMC v2,long,,,0.83465,0.9043522609581484,,,,11.98,,0.8350330862786173,3173.4837225123542,TP2,,
2026-09-26T06:19:23.450311+00:00,close,,ARPAUSDT,ICT/SMC v2,long,,,0.0113935,0.0115128560295472,,,,877.69,,0.1047575935733055,3173.5884801059274,TP1,,
2026-09-26T06:21:51.999024+00:00,close,,ENAUSDT,ICT/SMC v2,long,,,0.2681,0.2681,,,,37.3,,0.0,3173.5884801059274,SL,,
2026-09-26T06:22:24.909333+00:00,close,,FILUSDT,ICT/SMC v2,long,,,0.9954,1.0642780016622615,,,,10.05,,0.6922239167057275,3174.280704022633,TP2,,
2026-09-26T06:24:50.675309+00:00,close,,MAGICUSDT,ICT/SMC v2,long,,,0.05,0.0508772777808297,,,,200.0,,0.1754555561659418,3174.4561595787995,TP1,,
2026-09-26T06:27:04.633146+00:00,open,,RAREUSDT,Supertrend+ADX,long,,,0.018015,,0.0165736971395002,0.0201769542907496,0.0223389085814993,1665.2,30.0,,,,,
2026-09-26T06:29:02.736052+00:00,open,,TAOUSDT,ICT/SMC v2,long,,,310.265,,305.6527351807445,317.1833972288832,324.1017944577664,0.0644,20.0,,,,,
2026-09-26T06:29:58.896653+00:00,close,,XRPUSDT,ICT/SMC v2,long,,,1.58095,1.5489108681294566,,,,6.3,,-0.2018465307844242,3174.254313048015,SL,,
2026-09-26T06:36:35.629427+00:00,open,,ERAUSDT,Supertrend+ADX,long,,,0.07085,,0.0688437106299382,0.0738594340550926,0.0768688681101852,423.4297,30.0,,,,,
2026-09-26T06:36:49.895942+00:00,close,,FIDAUSDT,Supertrend+ADX,short,,,0.0210899999999999,0.0221875562735826,,,,711.237,,-0.7806226313541371,3173.4736904166607,SL,,
2026-09-26T06:40:39.772941+00:00,close,,RAREUSDT,Supertrend+ADX,long,,,0.018015,0.0201769542907496,,,,832.6,,1.8000431424781882,3175.2737335591387,TP1,,
2026-09-26T06:40:40.703961+00:00,close,,RAREUSDT,Supertrend+ADX,long,,,0.018015,0.018015,,,,832.6,,0.0,3175.2737335591387,SL,,
2026-09-26T06:42:10.333308+00:00,open,,SUNUSDT,ICT/SMC v2,long,,,0.01722505,,0.0171911069254751,0.0172759646117873,0.0173268792235746,1161.0,20.0,,,,,
2026-09-26T06:49:12.738472+00:00,open,,ARUSDT,ICT/SMC v2,short,,,4.536,,4.596959198172135,4.444561202741797,4.353122405483595,4.4,20.0,,,,,
2026-09-26T06:50:13.048742+00:00,open,,BERAUSDT,Supertrend+ADX,long,,,0.2377,,0.2324152485951983,0.2456271271072024,0.2535542542144049,126.2095,30.0,,,,,
2026-09-26T06:51:31.734317+00:00,close,,DOGSUSDT,ICT/SMC v2,long,,,4.82e-05,4.904209042502081e-05,,,,207468.8,,0.1747074899705581,3175.4484410491095,TP1,,
2026-09-26T06:51:34.498228+00:00,open,,DOGSUSDT,Supertrend+ADX,long,,,4.91e-05,,4.791239903072741e-05,5.08814014539089e-05,5.26628029078178e-05,610997.9,30.0,,,,,
2026-09-26T06:52:23.710466+00:00,close,,FILUSDT,Supertrend+ADX,long,,,1.0166,1.0651247453791164,,,,14.75,,0.7157399943419676,3176.1641810434508,TP1,,
2026-09-26T06:53:14.393518+00:00,close,,ILVUSDT,ICT/SMC v2,long,,,3.7685,3.963900759481394,,,,2.6536,,0.5185154553598271,3176.682696498811,TP2,,
2026-09-26T06:55:17.243320+00:00,close,,NOTUSDT,ICT/SMC v2,long,,,0.00048175,0.0005015739440467,,,,20757.7,,0.4114994833388091,3177.09419598215,TP2,,
2026-09-26T06:58:48.875391+00:00,open,,UMAUSDT,Supertrend+ADX,long,,,0.415,,0.4097494095862165,0.4228758856206751,0.4307517712413504,72.2891,30.0,,,,,
2026-09-26T07:04:43.999846+00:00,close,,BANANAUSDT,ICT/SMC v2,long,,,4.140000000000001,4.194261432835666,,,,2.4154,,0.1310630648712662,3177.225259047021,TP1,,
2026-09-26T07:05:01.894941+00:00,close,,BEAMXUSDT,ICT/SMC v2,short,,,0.0021219999999999,0.00215574963407,,,,4712.5,,-0.1590451505551512,3177.066213896466,SL,,
2026-09-26T07:08:41.992283+00:00,close,,JUPUSDT,ICT/SMC v2,long,,,0.3412,0.3522938787654016,,,,29.3,,0.3250506478262678,3177.391264544292,TP1,,
2026-09-26T07:09:06.440512+00:00,close,,LPTUSDT,ICT/SMC v2,long,,,1.6997,1.7418521611028823,,,,5.8833,,0.2479938094165889,3177.6392583537086,TP1,,
2026-09-26T07:10:19.937682+00:00,open,,MOVRUSDT,Supertrend+ADX,long,,,0.9995,,0.9620784942455792,1.0556322586316311,1.1117645172632624,30.015,30.0,,,,,
2026-09-26T07:19:04.257370+00:00,close,,AMPUSDT,Supertrend+ADX,long,,,0.0004965,0.0005142211474371,,,,30211.4,,0.5353806736829462,3178.1746390273915,TP1,,
2026-09-26T07:19:21.184204+00:00,open,,ARUSDT,Supertrend+ADX,long,,,4.58,,4.451223920551233,4.77316411917315,4.9663282383463,6.55,30.0,,,,,
2026-09-26T07:19:31.041990+00:00,open,,ARKMUSDT,ICT/SMC v2,long,,,0.13865,,0.1363354149788156,0.1421218775317765,0.1455937550635531,144.2,20.0,,,,,
2026-09-26T07:19:33.010506+00:00,close,,ARPAUSDT,ICT/SMC v2,long,,,0.0113935,0.0116322120590944,,,,877.69,,0.2095151871466125,3178.3841542145383,TP2,,
2026-09-26T07:21:17.907577+00:00,close,,CFXUSDT,ICT/SMC v2,short,,,0.0555445,0.0561158482617112,,,,180.03,,-0.1028598275558824,3178.281294386982,SL,,
2026-09-26T07:21:18.327659+00:00,close,,CFXUSDT,ICT/SMC v2,short,,,0.0555445,0.0561158482617112,,,,180.04,,-0.1028655410384995,3178.178428845944,SL,,
2026-09-26T07:21:44.284654+00:00,close,,CYBERUSDT,ICT/SMC v2,long,,,0.3425,0.3583480506163889,,,,29.197,,0.4627155338467063,3178.64114437979,TP2,,
2026-09-26T07:25:35.367304+00:00,open,,NEWTUSDT,Supertrend+ADX,long,,,0.05111,,0.0504974855835617,0.0520287716246573,0.0529475432493146,586.969,30.0,,,,,
2026-09-26T07:27:04.718286+00:00,close,,RUNEUSDT,ICT/SMC v2,long,,,0.65505,0.6830445680045488,,,,15.3,,0.4283168904695967,3179.06946127026,TP2,,
2026-09-26T07:27:33.216116+00:00,open,,SLPUSDT,Supertrend+ADX,long,,,0.000707,,0.0006921766234124,0.0007292350648813,0.0007514701297627,42432.8,30.0,,,,,
2026-09-26T07:27:51.279243+00:00,close,,STXUSDT,Supertrend+ADX,long,,,0.33145,0.3448838825595073,,,,45.2,,0.6072114916897317,3179.6766727619497,TP1,,
2026-09-26T07:27:55.134069+00:00,close,,STXUSDT,ICT/SMC v2,long,,,0.32365,0.3341026287450508,,,,30.8,,0.3219409653475652,3179.998613727297,TP1,,
2026-09-26T07:27:55.932272+00:00,close,,STXUSDT,ICT/SMC v2,long,,,0.32365,0.3445552574901016,,,,30.9,,0.6459724564441388,3180.6445861837415,TP2,,
2026-09-26T07:28:00.981031+00:00,open,,SUIUSDT,ICT/SMC v2,long,,,1.1592,,1.1423340997119569,1.1844988504320648,1.20979770086413,17.2532,20.0,,,,,
2026-09-26T07:29:09.602249+00:00,close,,WUSDT,ICT/SMC v2,long,,,0.01225,0.0125564083606005,,,,816.3,,0.2501211447582152,3180.8947073285,TP1,,
2026-09-26T07:33:39.949457+00:00,open,,AEROUSDT,ICT/SMC v2,long,,,0.8924000000000001,,0.8653471497673182,0.9329792753490228,0.973558550698046,22.41,20.0,,,,,
2026-09-26T07:34:56.962331+00:00,close,,BBUSDT,ICT/SMC v2,long,,,0.0103,0.0106777452843117,,,,970.8,,0.3667151220098603,3181.2614224505096,TP1,,
2026-09-26T07:37:37.610935+00:00,open,,FLOWUSDT,Supertrend+ADX,long,,,0.0316,,0.0305318054419944,0.0332022918370083,0.0348045836740166,949.36,30.0,,,,,
2026-09-26T07:38:18.146602+00:00,close,,IMXUSDT,ICT/SMC v2,long,,,0.1609,0.1645464005798012,,,,62.1504,,0.2266252545948765,3181.488047705105,TP1,,
2026-09-26T07:38:40.008519+00:00,open,,JASMYUSDT,Supertrend+ADX,long,,,0.0047675,,0.0046356554239874,0.0049652668640188,0.0051630337280377,6292.6,30.0,,,,,
2026-09-26T07:38:58.872915+00:00,open,,KSMUSDT,ICT/SMC v2,long,,,4.75,,4.70167157220477,4.822492641692845,4.89498528338569,4.210526,20.0,,,,,
2026-09-26T07:44:07.327037+00:00,close,,UMAUSDT,ICT/SMC v2,long,,,0.405,0.4163189493504762,,,,24.6914,,0.2794807059923473,3181.767528411097,TP2,,
2026-09-26T07:50:05.291193+00:00,close,,BERAUSDT,ICT/SMC v2,long,,,0.22805,0.2403675877033485,,,,43.85,,0.5401262207918334,3182.307654631889,TP2,,
2026-09-26T07:50:10.333629+00:00,open,,BICOUSDT,ICT/SMC v2,short,,,0.0225,,0.022756095278046,0.0221158570829309,0.0217317141658619,888.88888,20.0,,,,,
2026-09-26T07:53:39.061242+00:00,close,,KNCUSDT,ICT/SMC v2,long,,,0.14465,0.1479083824246971,,,,69.1324,,0.2252597971371308,3182.532914429026,TP2,,
2026-09-26T07:54:14.509564+00:00,close,,MAGICUSDT,ICT/SMC v2,long,,,0.05,0.0517545555616594,,,,200.0,,0.3509111123318836,3182.8838255413575,TP2,,
2026-09-26T08:04:08.721658+00:00,open,,AMPUSDT,ICT/SMC v2,long,,,0.00051,,0.0005007889774404,0.0005238165338393,0.0005376330676786,39215.6,20.0,,,,,
2026-09-26T08:08:16.048039+00:00,open,,GTCUSDT,ICT/SMC v2,long,,,0.0909,,0.089977517247344,0.0922837241289839,0.0936674482579679,220.022,20.0,,,,,
2026-09-26T08:09:33.613454+00:00,open,,LQTYUSDT,Supertrend+ADX,long,,,0.2437,,0.2409082634102737,0.2478876048845893,0.2520752097691787,123.102,30.0,,,,,
2026-09-26T08:11:37.285570+00:00,open,,POLYXUSDT,ICT/SMC v2,long,,,0.0457,,0.0452915768390679,0.0463126347413981,0.0469252694827963,437.6,20.0,,,,,
2026-09-26T08:14:04.677110+00:00,open,,UNIUSDT,ICT/SMC v2,long,,,9.68075,,9.523222254316114,9.917041618525827,10.153333237051656,2.06,20.0,,,,,
2026-09-26T08:23:32.610372+00:00,open,,JASMYUSDT,ICT/SMC v2,long,,,0.0047209999999999,,0.0046378009103115,0.0048457986345327,0.0049705972690654,4236.3,20.0,,,,,
2026-09-26T08:23:48.422471+00:00,open,,KNCUSDT,ICT/SMC v2,long,,,0.1473999999999999,,0.1464534574564147,0.1488198138153778,0.1502396276307557,135.6852,20.0,,,,,
2026-09-26T08:24:05.648575+00:00,close,,LQTYUSDT,Supertrend+ADX,long,,,0.2437,0.2409082634102737,,,,61.551,,-0.1718341788342408,3182.7119913625233,SL,,
2026-09-26T08:24:08.188388+00:00,close,,LQTYUSDT,ICT/SMC v2,long,,,0.23975,0.23975,,,,41.71,,0.0,3182.7119913625233,SL,,
2026-09-26T08:24:11.058875+00:00,open,,LQTYUSDT,ICT/SMC v2,short,,,0.2397,,0.2419439448450396,0.2363340827324404,0.2329681654648808,83.437,20.0,,,,,
2026-09-26T08:24:15.011072+00:00,open,,LTCUSDT,ICT/SMC v2,long,,,73.385,,72.3379518506896,74.95557222396559,76.52614444793119,0.27253,20.0,,,,,
2026-09-26T08:26:02.564159+00:00,open,,POLYXUSDT,Supertrend+ADX,long,,,0.0456499999999999,,0.044885259365312,0.0467971109520319,0.0479442219040638,657.1,30.0,,,,,
2026-09-26T08:29:04.816485+00:00,close,,ZRXUSDT,ICT/SMC v2,long,,,0.1261,0.1278494635759274,,,,79.302,,0.1387359604982009,3182.8507273230216,TP1,,
2026-09-26T08:34:30.618132+00:00,close,,ARUSDT,ICT/SMC v2,short,,,4.536,4.596959198172135,,,,2.2,,-0.1341102359786973,3182.716617087043,SL,,
2026-09-26T08:41:25.315233+00:00,open,,PORTALUSDT,ICT/SMC v2,long,,,0.0182249999999999,,0.0180472472242126,0.018491629163681,0.018758258327362,1097.3,20.0,,,,,
2026-09-26T08:41:37.227942+00:00,open,,RAREUSDT,ICT/SMC v2,long,,,0.021505,,0.0192380541410038,0.0249054187884942,0.0283058375769884,930.0,20.0,,,,,
2026-09-26T08:42:42.557806+00:00,close,,SSVUSDT,ICT/SMC v2,long,,,3.1705,3.2380601027687743,,,,3.154,,0.2130845641327139,3182.9297016511755,TP1,,
2026-09-26T08:44:20.842273+00:00,open,,WOOUSDT,ICT/SMC v2,long,,,0.013395,,0.0132850636668448,0.0135599044997327,0.0137248089994654,1493.094,20.0,,,,,
2026-09-26T08:50:40.048703+00:00,close,,BICOUSDT,ICT/SMC v2,short,,,0.0225,0.022756095278046,,,,444.44444,,-0.1138201224378098,3182.815881528738,SL,,
2026-09-26T08:51:12.679632+00:00,open,,BTCUSDT,Supertrend+ADX,long,,,84193.58499999999,,83800.32846351403,84783.46980472894,85373.35460945788,0.000356,30.0,,,,,
2026-09-26T08:51:44.573071+00:00,open,,CFXUSDT,Supertrend+ADX,long,,,0.056855,,0.0556958473245365,0.0585937290131951,0.0603324580263903,527.65,30.0,,,,,
2026-09-26T08:55:06.597330+00:00,close,,KNCUSDT,Supertrend+ADX,short,,,0.1447,0.1481858221879282,,,,103.6627,,-0.3613497397205504,3182.4545317890165,SL,,
2026-09-26T08:55:07.079922+00:00,close,,KNCUSDT,Supertrend+ADX,short,,,0.1447,0.1481858221879282,,,,103.6628,,-0.3613500883027692,3182.0931817007136,SL,,
2026-09-26T08:58:25.801886+00:00,close,,SUSDT,ICT/SMC v2,short,,,0.0409,0.0414316792156429,,,,244.4,,-0.1299424003031467,3181.9632393004104,SL,,
2026-09-26T08:58:34.404967+00:00,open,,SANDUSDT,Supertrend+ADX,long,,,0.0458299999999999,,0.0448354781992484,0.0473217827011272,0.0488135654022545,654.5,30.0,,,,,
2026-09-26T09:09:52.748693+00:00,close,,MASKUSDT,ICT/SMC v2,long,,,0.465,0.4819409554436076,,,,21.50538,,0.3643216843778494,3182.3275609847883,TP2,,
2026-09-26T09:12:03.126479+00:00,close,,PYTHUSDT,ICT/SMC v2,long,,,0.072335,0.0749257687764506,,,,138.24,,0.3581478756565375,3182.6857088604447,TP1,,
2026-09-26T09:12:40.216718+00:00,close,,RUNEUSDT,Supertrend+ADX,long,,,0.6422,0.6996620710927717,,,,23.4,,1.3446124635708574,3184.0303213240154,TP2,,
2026-09-26T09:13:03.561182+00:00,close,,SHIBUSDT,ICT/SMC v2,long,,,5.87e-06,5.87e-06,,,,1703577.5,,0.0,3184.0303213240154,SL,,
2026-09-26T09:14:04.695147+00:00,close,,TAOUSDT,ICT/SMC v2,long,,,310.265,317.1833972288832,,,,0.0322,,0.2227723907700402,3184.2530937147853,TP1,,
2026-09-26T09:15:04.800640+00:00,close,,XLMUSDT,ICT/SMC v2,long,,,0.2191725,0.2165113865047581,,,,45.6,,-0.1213467753830266,3184.131746939402,SL,,
2026-09-26T09:18:36.416935+00:00,close,,ADAUSDT,ICT/SMC v2,long,,,0.25685,0.2530284204685677,,,,38.9,,-0.1486594437727167,3183.983087495629,SL,,
2026-09-26T09:18:48.107845+00:00,close,,AIUSDT,ICT/SMC v2,short,,,0.01985,0.0203178925074197,,,,503.7,,-0.2356774559873435,3183.747410039641,SL,,
2026-09-26T09:18:48.528537+00:00,close,,AIUSDT,ICT/SMC v2,short,,,0.01985,0.0203178925074197,,,,503.8,,-0.2357242452380855,3183.511685794403,SL,,
2026-09-26T09:18:56.453495+00:00,open,,AIUSDT,ICT/SMC v2,long,,,0.02065,,0.0202840929980845,0.0211988605028731,0.0217477210057462,968.5,20.0,,,,,
2026-09-26T09:19:25.429851+00:00,close,,ARBUSDT,ICT/SMC v2,long,,,0.22385,0.2194055516417378,,,,44.6727,,-0.1985455081741379,3183.313140286229,SL,,
2026-09-26T09:19:26.009253+00:00,close,,ARBUSDT,ICT/SMC v2,long,,,0.22385,0.2194055516417378,,,,44.6728,,-0.1985459526189738,3183.11459433361,SL,,
2026-09-26T09:20:23.679675+00:00,open,,BICOUSDT,ICT/SMC v2,long,,,0.0225,,0.022222110843112,0.0229168337353319,0.0233336674706638,888.88888,20.0,,,,,
2026-09-26T09:22:51.708571+00:00,close,,GMTUSDT,ICT/SMC v2,long,,,0.00874,0.00874,,,,1144.2,,0.0,3183.11459433361,SL,,
2026-09-26T09:23:47.188682+00:00,close,,JUPUSDT,ICT/SMC v2,long,,,0.3412,0.3412,,,,29.3,,0.0,3183.11459433361,SL,,
2026-09-26T09:23:55.964418+00:00,close,,KSMUSDT,ICT/SMC v2,long,,,4.75,4.70167157220477,,,,2.105263,,-0.1017440508854694,3183.0128502827247,SL,,
2026-09-26T09:24:25.500139+00:00,open,,MAGICUSDT,ICT/SMC v2,long,,,0.051,,0.0505433793453581,0.0516849309819628,0.0523698619639256,392.15686,20.0,,,,,
2026-09-26T09:25:51.987246+00:00,close,,PENDLEUSDT,ICT/SMC v2,long,,,2.55675,2.49970404843975,,,,3.9,,-0.2224792110849756,3182.79037107164,SL,,
2026-09-26T09:25:55.334321+00:00,open,,PENDLEUSDT,Supertrend+ADX,short,,,2.50095,,2.6012307332032494,2.3505289001951266,2.200107800390253,11.9,30.0,,,,,
2026-09-26T09:25:57.733149+00:00,close,,PEOPLEUSDT,ICT/SMC v2,long,,,0.00927,0.00927,,,,1078.748,,0.0,3182.7903710716396,SL,,
2026-09-26T09:26:18.115776+00:00,open,,PORTALUSDT,Supertrend+ADX,short,,,0.0180999999999999,,0.0185331266509108,0.0174503100236337,0.0168006200472674,1657.4,30.0,,,,,
2026-09-26T09:28:27.309844+00:00,open,,TRBUSDT,Supertrend+ADX,short,,,20.01,,20.30169883513634,19.57245174729549,19.134903494590983,1.4992,30.0,,,,,
2026-09-26T09:29:01.460476+00:00,close,,WLDUSDT,ICT/SMC v2,long,,,0.4767,0.4767,,,,21.0,,0.0,3182.7903710716396,SL,,
2026-09-26T09:33:44.389401+00:00,close,,ALGOUSDT,ICT/SMC v2,long,,,0.11465,0.11465,,,,87.2,,0.0,3182.7903710716396,SL,,
2026-09-26T09:35:00.302606+00:00,open,,BANDUSDT,ICT/SMC v2,long,,,0.224,,0.2223585222991283,0.2264622165513075,0.228924433102615,89.28571,20.0,,,,,
2026-09-26T09:35:20.690811+00:00,close,,BICOUSDT,ICT/SMC v2,long,,,0.0225,0.022222110843112,,,,444.44444,,-0.1235062907151419,3182.6668647809242,SL,,
2026-09-26T09:38:33.257291+00:00,close,,ILVUSDT,Supertrend+ADX,long,,,3.7895,3.9914155733699865,,,,3.9583,,0.7992424140704164,3183.4661071949945,TP1,,
2026-09-26T09:41:54.898199+00:00,close,,PORTALUSDT,ICT/SMC v2,long,,,0.0182249999999999,0.0180472472242126,,,,548.6,,-0.0975151727969368,3183.3685920221974,SL,,
2026-09-26T09:43:37.064483+00:00,open,,STXUSDT,ICT/SMC v2,long,,,0.3422,,0.334113252471215,0.3543301212931776,0.3664602425863551,58.4,20.0,,,,,
2026-09-26T09:45:19.980159+00:00,close,,WOOUSDT,ICT/SMC v2,long,,,0.013395,0.0132850636668448,,,,746.547,,-0.0820726397079666,3183.286519382489,SL,,
2026-09-26T09:49:20.099330+00:00,close,,API3USDT,ICT/SMC v2,long,,,0.27995,0.285560066414208,,,,35.7206,,0.2003949383553591,3183.486914320845,TP1,,
2026-09-26T09:53:43.789330+00:00,close,,IMXUSDT,ICT/SMC v2,long,,,0.1609,0.1681928011596024,,,,62.1504,,0.4532505091897548,3183.940164830034,TP2,,
2026-09-26T09:54:26.064476+00:00,close,,LAYERUSDT,Supertrend+ADX,long,,,0.0781999999999999,0.0821030339418864,,,,191.8159,,0.7486639682935012,3184.688828798328,TP2,,
2026-09-26T09:56:05.185100+00:00,close,,OGNUSDT,ICT/SMC v2,long,,,0.02073,0.0222113621155978,,,,482.392,,0.7145972336674851,3185.4034260319954,TP1,,
2026-09-26T10:03:57.177393+00:00,close,,ALTUSDT,ICT/SMC v2,long,,,0.0079849999999999,0.0081291055612922,,,,1252.3,,0.18046339440624,3185.5838894264016,TP1,,
2026-09-26T10:04:02.748757+00:00,close,,AMPUSDT,Supertrend+ADX,long,,,0.0004965,0.0005319422948743,,,,30211.5,,1.0707648915953765,3186.6546543179975,TP2,,
2026-09-26T10:04:04.215881+00:00,close,,AMPUSDT,ICT/SMC v2,long,,,0.00051,0.0005238165338393,,,,19607.8,,0.2709118322144681,3186.9255661502116,TP1,,
2026-09-26T10:04:24.803982+00:00,open,,ARUSDT,ICT/SMC v2,short,,,4.606,,4.668388041044778,4.512417938432833,4.418835876865665,4.34,20.0,,,,,
2026-09-26T10:05:17.326969+00:00,close,,BANANAUSDT,Supertrend+ADX,long,,,4.12,4.2004627902374985,,,,3.6407,,0.2929408804176602,3187.218507030629,TP1,,
2026-09-26T10:05:25.216148+00:00,close,,BANDUSDT,ICT/SMC v2,long,,,0.224,0.2264622165513075,,,,44.64285,,0.1099203641675387,3187.328427394797,TP1,,
2026-09-26T10:05:41.083505+00:00,open,,BEAMXUSDT,ICT/SMC v2,long,,,0.0021975,,0.0021607223639606,0.0022526664540589,0.0023078329081179,9101.2,20.0,,,,,
2026-09-26T10:07:36.007519+00:00,open,,EGLDUSDT,ICT/SMC v2,long,,,4.605,,4.556210861100148,4.67818370834978,4.751367416699559,4.343,20.0,,,,,
2026-09-26T10:08:57.871465+00:00,open,,GTCUSDT,Supertrend+ADX,long,,,0.09175,,0.0900813029561545,0.0942530455657681,0.0967560911315363,326.9754,30.0,,,,,
2026-09-26T10:19:04.212665+00:00,close,,AMPUSDT,ICT/SMC v2,long,,,0.00051,0.0005376330676786,,,,19607.8,,0.5418236644289383,3187.8702510592257,TP2,,
2026-09-26T10:19:26.725779+00:00,open,,ARBUSDT,ICT/SMC v2,short,,,0.22325,,0.2265486298965002,0.2183020551552497,0.2133541103104994,89.5856,20.0,,,,,
2026-09-26T10:22:56.747393+00:00,close,,FIDAUSDT,ICT/SMC v2,long,,,0.021565,0.0223753737698969,,,,463.714,,0.375781662333982,3188.2460327215595,TP2,,
2026-09-26T10:25:13.759979+00:00,close,,MEMEUSDT,ICT/SMC v2,short,,,0.000642,0.0006483721086378,,,,15576.3,,-0.0992538757762488,3188.146778845783,SL,,
2026-09-26T10:26:20.131057+00:00,close,,ONDOUSDT,ICT/SMC v2,long,,,0.543945,0.5565023814081675,,,,18.38,,0.2308046702821192,3188.377583516065,TP1,,
2026-09-26T10:28:29.221998+00:00,close,,STRKUSDT,Supertrend+ADX,long,,,0.03975,0.0415576438055484,,,,377.35,,0.6821143900237006,3189.0596979060883,TP1,,
2026-09-26T10:28:42.227998+00:00,close,,SUIUSDT,ICT/SMC v2,long,,,1.1592,1.1844988504320648,,,,8.6266,,0.2182430631372503,3189.2779409692257,TP1,,
2026-09-26T10:33:45.322649+00:00,close,,AIUSDT,ICT/SMC v2,long,,,0.02065,0.0202840929980845,,,,484.2,,-0.177172170327447,3189.100768798898,SL,,
2026-09-26T10:33:45.779030+00:00,close,,AIUSDT,ICT/SMC v2,long,,,0.02065,0.0202840929980845,,,,484.3,,-0.1772087610276385,3188.9235600378706,SL,,
2026-09-26T10:33:55.183629+00:00,close,,ALTUSDT,ICT/SMC v2,long,,,0.0079849999999999,0.0082732111225844,,,,1252.3,,0.3609267888124801,3189.284486826683,TP2,,
2026-09-26T10:34:44.411821+00:00,open,,AVAXUSDT,ICT/SMC v2,short,,,10.7745,,10.910079280905244,10.571131078642132,10.367762157284265,1.85,20.0,,,,,
2026-09-26T10:34:59.381724+00:00,close,,BANANAUSDT,ICT/SMC v2,long,,,4.140000000000001,4.248522865671331,,,,2.4154,,0.2621261297425325,3189.5466129564256,TP2,,
2026-09-26T10:36:16.541747+00:00,open,,CFXUSDT,ICT/SMC v2,long,,,0.056844,,0.0561314837356658,0.0579127743965012,0.0589815487930024,351.84,20.0,,,,,
2026-09-26T10:37:58.849435+00:00,close,,FLOWUSDT,ICT/SMC v2,short,,,0.03155,0.0323059659402831,,,,316.95,,-0.2396034047727479,3189.3070095516528,SL,,
2026-09-26T10:37:59.309444+00:00,close,,FLOWUSDT,ICT/SMC v2,short,,,0.03155,0.0323059659402831,,,,316.96,,-0.2396109644321507,3189.0673985872204,SL,,
2026-09-26T10:39:45.817253+00:00,close,,LUNCUSDT,ICT/SMC v2,long,,,5.4635e-05,5.59837479123316e-05,,,,183032.8,,0.2468651068882077,3189.3142636941084,TP1,,
2026-09-26T10:43:33.768024+00:00,close,,STRKUSDT,ICT/SMC v2,short,,,0.0412,0.0418646662251693,,,,242.71,,-0.1613211395108596,3189.1529425545973,SL,,
2026-09-26T10:43:34.318741+00:00,close,,STRKUSDT,ICT/SMC v2,short,,,0.0412,0.0418646662251693,,,,242.72,,-0.1613277861731113,3188.9916147684244,SL,,
2026-09-26T10:45:17.143610+00:00,open,,XLMUSDT,ICT/SMC v2,short,,,0.218417,,0.2202700913116393,0.2156373630325409,0.2128577260650819,91.5,20.0,,,,,
2026-09-26T10:49:02.751191+00:00,open,,AIUSDT,ICT/SMC v2,long,,,0.02025,,0.019838146601684,0.0208677800974739,0.0214855601949479,987.6,20.0,,,,,
2026-09-26T10:50:25.706480+00:00,close,,BANANAUSDT,Supertrend+ADX,long,,,4.12,4.280925580474997,,,,3.6408,,0.5858978533933681,3189.5775126218177,TP2,,
2026-09-26T10:53:50.599462+00:00,close,,GALAUSDT,ICT/SMC v2,long,,,0.0021634999999999,0.0022264777766621,,,,4622.1,,0.2910895815099794,3189.8686022033276,TP1,,
2026-09-26T10:54:23.523486+00:00,close,,IDUSDT,ICT/SMC v2,long,,,0.0384,0.0396781872502758,,,,260.42,,0.3328655237168311,3190.2014677270445,TP2,,
2026-09-26T10:57:57.956453+00:00,close,,RLCUSDT,ICT/SMC v2,long,,,0.3546,0.3743266774581537,,,,28.2007,,0.5563061129941553,3190.757773840038,TP1,,
2026-09-26T10:58:49.761905+00:00,open,,SLPUSDT,ICT/SMC v2,long,,,0.000717,,0.0007080964499139,0.000730355325129,0.0007437106502581,27894.0,20.0,,,,,
2026-09-26T11:05:23.516766+00:00,close,,BERAUSDT,Supertrend+ADX,long,,,0.2377,0.2456271271072024,,,,63.1047,,0.5002389779618783,3191.2580128180007,TP1,,
2026-09-26T11:05:45.066736+00:00,open,,BLURUSDT,ICT/SMC v2,long,,,0.0214,,0.0211127275212974,0.0218309087180538,0.0222618174361077,934.5794,20.0,,,,,
2026-09-26T11:07:06.217669+00:00,close,,DOGSUSDT,ICT/SMC v2,long,,,4.82e-05,4.9884180850041626e-05,,,,207468.9,,0.3494151483592013,3191.60742796636,TP2,,
2026-09-26T11:07:13.424689+00:00,open,,DOTUSDT,Supertrend+ADX,long,,,1.2303,,1.196140335575739,1.281539496636391,1.3327789932727827,24.38,30.0,,,,,
2026-09-26T11:09:07.532107+00:00,close,,HMSTRUSDT,Supertrend+ADX,short,,,0.0001768,0.0001818813463575,,,,84841.6,,-0.4311095551313376,3191.1763184112287,SL,,
2026-09-26T11:09:13.921373+00:00,close,,HMSTRUSDT,ICT/SMC v2,short,,,0.0001789,0.0001819452291683,,,,55897.1,,-0.1702194793485514,3191.006098931881,SL,,
2026-09-26T11:11:26.491152+00:00,close,,MINAUSDT,ICT/SMC v2,short,,,0.141095,0.1439216502534374,,,,70.8,,-0.2001268379433676,3190.8059720939373,SL,,
2026-09-26T11:12:21.595925+00:00,open,,OPUSDT,Supertrend+ADX,long,,,0.147,,0.1419107440022364,0.1546338839966454,0.1622677679932907,204.08,30.0,,,,,
2026-09-26T11:13:35.410053+00:00,close,,RSRUSDT,ICT/SMC v2,short,,,0.0017845,0.0018072499834508,,,,5603.81,,-0.1274865847616562,3190.6784855091755,SL,,
2026-09-26T11:15:23.922230+00:00,close,,UMAUSDT,Supertrend+ADX,long,,,0.415,0.4228758856206751,,,,36.1445,,0.2846699478164929,3190.9631554569914,TP1,,
2026-09-26T11:15:40.081618+00:00,close,,WUSDT,Supertrend+ADX,long,,,0.0119,0.0128721182244886,,,,1260.5,,1.225355021967964,3192.18851047896,TP2,,
2026-09-26T11:15:42.712042+00:00,close,,WUSDT,ICT/SMC v2,long,,,0.01225,0.012862816721201,,,,816.3,,0.500242289516429,3192.6887527684758,TP2,,
2026-09-26T11:49:24.324601+00:00,close,,ARUSDT,ICT/SMC v2,short,,,4.606,4.668388041044778,,,,2.17,,-0.1353820490671675,3192.553370719409,SL,,
2026-09-26T11:49:41.784794+00:00,open,,ARPAUSDT,ICT/SMC v2,long,,,0.0116405,,0.0115477573290893,0.011779614006366,0.011918728012732,1718.13,20.0,,,,,
2026-09-26T11:49:53.509392+00:00,close,,AVAXUSDT,ICT/SMC v2,short,,,10.7745,10.910079280905244,,,,0.92,,-0.1247329384328259,3192.428637780976,SL,,
2026-09-26T11:49:53.997120+00:00,close,,AVAXUSDT,ICT/SMC v2,short,,,10.7745,10.910079280905244,,,,0.93,,-0.1260887312418784,3192.302549049734,SL,,
2026-09-26T11:52:17.883342+00:00,close,,DYDXUSDT,ICT/SMC v2,long,,,0.1338,0.1383206013114515,,,,74.73,,0.3378245360047718,3192.640373585739,TP1,,
2026-09-26T11:52:52.187136+00:00,close,,ETCUSDT,ICT/SMC v2,long,,,9.43715,9.600383416202192,,,,1.05,,0.1713950870123023,3192.811768672751,TP1,,
2026-09-26T11:53:15.107031+00:00,open,,FIDAUSDT,ICT/SMC v2,long,,,0.022295,,0.0221047264526615,0.0225804103210077,0.0228658206420154,897.062,20.0,,,,,
2026-09-26T11:54:46.074768+00:00,close,,JTOUSDT,ICT/SMC v2,long,,,0.5441,0.5894389663773528,,,,18.4,,0.8342369813432914,3193.646005654094,TP2,,
2026-09-26T11:55:07.264530+00:00,close,,LINKUSDT,ICT/SMC v2,long,,,13.82185,14.309286393021898,,,,0.72,,0.3509542029757668,3193.9969598570697,TP1,,
2026-09-26T11:57:29.409733+00:00,close,,PROMUSDT,ICT/SMC v2,long,,,6.241,6.641692000574095,,,,1.6,,0.6411072009185532,3194.6380670579883,TP1,,
2026-09-26T11:57:36.317070+00:00,close,,PYTHUSDT,ICT/SMC v2,long,,,0.072335,0.0775165375529012,,,,138.25,,0.716347566688602,3195.3544146246772,TP2,,
2026-09-26T11:58:37.872668+00:00,open,,RSRUSDT,ICT/SMC v2,long,,,0.001808,,0.0017873233262376,0.0018390150106434,0.0018700300212869,11061.94,20.0,,,,,
2026-09-26T12:00:13.825287+00:00,close,,TAOUSDT,ICT/SMC v2,long,,,310.265,324.1017944577664,,,,0.0322,,0.4455447815400786,3195.7999594062167,TP2,,
2026-09-26T12:01:11.873665+00:00,close,,XLMUSDT,ICT/SMC v2,short,,,0.218417,0.2202700913116393,,,,45.7,,-0.0846862729419185,3195.715273133275,SL,,
2026-09-26T12:01:12.372801+00:00,close,,XLMUSDT,ICT/SMC v2,short,,,0.218417,0.2202700913116393,,,,45.8,,-0.0848715820730824,3195.630401551202,SL,,
2026-09-26T12:03:39.448402+00:00,close,,AEROUSDT,ICT/SMC v2,long,,,0.8924000000000001,0.9329792753490228,,,,11.2,,0.4544878839090557,3196.084889435111,TP1,,
2026-09-26T12:04:39.815204+00:00,open,,AXLUSDT,ICT/SMC v2,long,,,0.0535,,0.0531204407647888,0.0540693388528167,0.0546386777056335,373.83,20.0,,,,,
2026-09-26T12:04:48.031198+00:00,open,,BANANAUSDT,ICT/SMC v2,long,,,4.33,,4.282008058421805,4.401987912367293,4.473975824734584,4.6189,20.0,,,,,
2026-09-26T12:04:51.264473+00:00,close,,BANDUSDT,ICT/SMC v2,long,,,0.224,0.228924433102615,,,,44.64285,,0.2198407283350775,3196.304730163446,TP2,,
2026-09-26T12:05:20.882661+00:00,open,,BERAUSDT,ICT/SMC v2,long,,,0.2406,,0.2371391441245757,0.2457912838131364,0.2509825676262727,83.1255,20.0,,,,,
2026-09-26T12:08:55.874354+00:00,open,,ILVUSDT,ICT/SMC v2,long,,,4.0555,,3.995672639169344,4.145241041245986,4.234982082491969,4.9315,20.0,,,,,
2026-09-26T12:14:22.251251+00:00,open,,STRKUSDT,ICT/SMC v2,long,,,0.04205,,0.0413541698112796,0.0430937452830805,0.044137490566161,475.62,20.0,,,,,
2026-09-26T12:15:49.589013+00:00,open,,WLDUSDT,Supertrend+ADX,long,,,0.48945,,0.4729318270126632,0.5142272594810052,0.5390045189620104,61.2,30.0,,,,,
2026-09-26T12:21:51.672736+00:00,open,,CYBERUSDT,ICT/SMC v2,long,,,0.363,,0.3586261027033283,0.3695608459450075,0.3761216918900149,55.096,20.0,,,,,
2026-09-26T12:27:32.819194+00:00,close,,PENDLEUSDT,Supertrend+ADX,short,,,2.50095,2.6012307332032494,,,,5.9,,-0.5916563258991714,3195.7130738375463,SL,,
2026-09-26T12:27:33.419185+00:00,close,,PENDLEUSDT,Supertrend+ADX,short,,,2.50095,2.6012307332032494,,,,6.0,,-0.6016843992194962,3195.111389438327,SL,,
2026-09-26T12:31:03.623743+00:00,close,,UMAUSDT,Supertrend+ADX,long,,,0.415,0.4307517712413504,,,,36.1446,,0.569341470810114,3195.6807309091373,TP2,,
2026-09-26T12:34:11.650584+00:00,close,,ARUSDT,Supertrend+ADX,long,,,4.58,4.77316411917315,,,,3.27,,0.6316466696962002,3196.3123775788335,TP1,,
2026-09-26T12:34:46.087615+00:00,close,,BANANAUSDT,ICT/SMC v2,long,,,4.33,4.282008058421805,,,,2.3094,,-0.1108325898806827,3196.2015449889527,SL,,
2026-09-26T12:34:46.601439+00:00,close,,BANANAUSDT,ICT/SMC v2,long,,,4.33,4.282008058421805,,,,2.3095,,-0.1108373890748405,3196.090707599878,SL,,
2026-09-26T12:35:58.404237+00:00,close,,CFXUSDT,ICT/SMC v2,long,,,0.056844,0.0561314837356658,,,,175.92,,-0.1253458612216645,3195.965361738656,SL,,
2026-09-26T12:36:04.407774+00:00,open,,CHRUSDT,Supertrend+ADX,long,,,0.022149,,0.0217215878923317,0.0227901181615024,0.0234312363230048,1354.46,30.0,,,,,
2026-09-26T12:37:59.490062+00:00,open,,HBARUSDT,ICT/SMC v2,short,,,0.0937699999999999,,0.0945473641967067,0.0926039537049398,0.0914379074098796,213.2,20.0,,,,,
2026-09-26T12:39:26.241752+00:00,open,,MASKUSDT,ICT/SMC v2,long,,,0.479,,0.47438568198177,0.4859214770273449,0.4928429540546897,41.75365,20.0,,,,,
2026-09-26T12:43:57.446888+00:00,close,,UNIUSDT,ICT/SMC v2,long,,,9.68075,9.523222254316114,,,,1.03,,-0.1622535780544027,3195.803108160602,SL,,
2026-09-26T12:49:03.044112+00:00,open,,AMPUSDT,ICT/SMC v2,long,,,0.000707,,0.0006455381920482,0.0007991927119276,0.0008913854238552,28288.5,20.0,,,,,
2026-09-26T12:49:26.154430+00:00,close,,ARPAUSDT,ICT/SMC v2,long,,,0.0116405,0.0115477573290893,,,,859.06,,-0.0796715188725177,3195.723436641729,SL,,
2026-09-26T12:49:26.499695+00:00,close,,ARPAUSDT,ICT/SMC v2,long,,,0.0116405,0.0115477573290893,,,,859.07,,-0.0796724462992268,3195.64376419543,SL,,
2026-09-26T12:50:16.730357+00:00,open,,BICOUSDT,ICT/SMC v2,long,,,0.0225,,0.0222780224089252,0.0228329663866121,0.0231659327732242,888.88888,20.0,,,,,
2026-09-26T12:50:24.532632+00:00,close,,BLURUSDT,ICT/SMC v2,long,,,0.0214,0.0211127275212974,,,,467.2897,,-0.1342394703911862,3195.509524725039,SL,,
2026-09-26T12:50:55.680992+00:00,close,,CELOUSDT,ICT/SMC v2,long,,,0.09865,0.0970023912374878,,,,101.36,,-0.1670016241682296,3195.3425231008705,SL,,
2026-09-26T12:52:14.811015+00:00,open,,ENAUSDT,ICT/SMC v2,long,,,0.2812,,0.2732583091429894,0.2931125362855158,0.3050250725710318,71.12,20.0,,,,,
2026-09-26T12:54:28.777136+00:00,close,,LQTYUSDT,ICT/SMC v2,short,,,0.2397,0.2363340827324404,,,,41.718,,0.1404193365680494,3195.4829424374384,TP1,,
2026-09-26T12:54:45.011669+00:00,close,,MAGICUSDT,ICT/SMC v2,long,,,0.051,0.0516849309819628,,,,196.07843,,0.1343001916016301,3195.61724262904,TP1,,
2026-09-26T12:56:46.483359+00:00,open,,PYTHUSDT,ICT/SMC v2,long,,,0.077225,,0.0757075982735083,0.0795011025897374,0.0817772051794749,258.98,20.0,,,,,
2026-09-26T12:57:15.576785+00:00,close,,RSRUSDT,ICT/SMC v2,long,,,0.001808,0.0017873233262376,,,,5530.97,,-0.1143620622792383,3195.5028805667607,SL,,
2026-09-26T12:59:00.411726+00:00,open,,UMAUSDT,ICT/SMC v2,long,,,0.426,,0.4188848002104475,0.4366727996843287,0.4473455993686575,46.9483,20.0,,,,,
2026-09-26T12:59:04.361365+00:00,open,,UNIUSDT,ICT/SMC v2,long,,,9.5659,,9.43019546644024,9.76945680033964,9.97301360067928,2.09,20.0,,,,,
2026-09-26T12:59:21.298743+00:00,open,,WLDUSDT,ICT/SMC v2,long,,,0.48635,,0.4768015280012496,0.5006727079981256,0.5149954159962512,41.1,20.0,,,,,
2026-09-26T13:04:39.179640+00:00,open,,AVAXUSDT,ICT/SMC v2,long,,,10.8265,,10.664537755992734,11.069443366010896,11.312386732021796,1.84,20.0,,,,,
2026-09-26T13:04:57.436051+00:00,open,,BANDUSDT,ICT/SMC v2,long,,,0.2285,,0.2261618720206532,0.2320071919690202,0.2355143839380403,87.52735,20.0,,,,,
2026-09-26T13:06:47.046014+00:00,open,,DOGSUSDT,ICT/SMC v2,long,,,4.96e-05,,4.904989008983772e-05,5.042516486524342e-05,5.1250329730486817e-05,403225.8,20.0,,,,,
2026-09-26T13:08:10.832183+00:00,close,,GRAMUSDT,ICT/SMC v2,long,,,1.4275,1.471351633025057,,,,7.00525,,0.3071916522487783,3195.8100722190097,TP2,,
2026-09-26T13:12:02.104068+00:00,open,,RAYUSDT,ICT/SMC v2,long,,,2.0532000000000004,,2.0157940145917443,2.109308978112384,2.1654179562247675,9.7,20.0,,,,,
2026-09-26T13:13:53.169320+00:00,open,,TAOUSDT,ICT/SMC v2,long,,,329.395,,322.71276656806424,339.4183501479036,349.44170029580715,0.0607,20.0,,,,,
2026-09-26T13:16:21.535822+00:00,open,,WOOUSDT,ICT/SMC v2,short,,,0.013395,,0.0134705764448352,0.013281635332747,0.0131682706654941,1493.094,20.0,,,,,
2026-09-26T13:16:27.555856+00:00,open,,XRPUSDT,ICT/SMC v2,short,,,1.540835,,1.5507061910047142,1.5260282134929282,1.5112214269858568,12.9,20.0,,,,,
2026-09-26T13:19:13.903221+00:00,open,,ALTUSDT,ICT/SMC v2,long,,,0.0082099999999999,,0.0080787225170362,0.0084069162244455,0.0086038324488911,2436.0,20.0,,,,,
2026-09-26T13:20:42.520155+00:00,close,,BANDUSDT,ICT/SMC v2,long,,,0.2285,0.2261618720206532,,,,43.76367,,-0.1023250613058986,3195.707747157704,SL,,
2026-09-26T13:20:42.950025+00:00,close,,BANDUSDT,ICT/SMC v2,long,,,0.2285,0.2261618720206532,,,,43.76368,,-0.1023250846871784,3195.605422073017,SL,,
2026-09-26T13:21:25.452554+00:00,open,,BLURUSDT,ICT/SMC v2,short,,,0.0212,,0.0214561479133793,0.0208157781299309,0.0204315562598619,943.3962,20.0,,,,,
2026-09-26T13:22:02.366030+00:00,close,,CFXUSDT,Supertrend+ADX,long,,,0.056855,0.0556958473245365,,,,263.82,,-0.305807658840768,3195.299614414176,SL,,
2026-09-26T13:22:02.796801+00:00,close,,CFXUSDT,Supertrend+ADX,long,,,0.056855,0.0556958473245365,,,,263.83,,-0.3058192503675226,3194.9937951638085,SL,,
2026-09-26T13:22:29.512565+00:00,close,,CYBERUSDT,ICT/SMC v2,long,,,0.363,0.3586261027033283,,,,27.548,,-0.1204921227287105,3194.87330304108,SL,,
2026-09-26T13:22:38.579382+00:00,open,,DOGEUSDT,ICT/SMC v2,short,,,0.0972186499999999,,0.0979483615148884,0.0961240827276672,0.0950295154553345,205.7,20.0,,,,,
2026-09-26T13:23:23.270295+00:00,close,,ETCUSDT,ICT/SMC v2,long,,,9.43715,9.43715,,,,1.05,,0.0,3194.873303041081,SL,,
2026-09-26T13:23:26.532601+00:00,open,,ETCUSDT,ICT/SMC v2,long,,,9.4094,,9.298518766573135,9.575721850140296,9.742043700280592,2.12,20.0,,,,,
2026-09-26T13:23:38.751928+00:00,close,,FIDAUSDT,ICT/SMC v2,long,,,0.022295,0.0221047264526615,,,,448.531,,-0.0853435844612779,3194.787959456619,SL,,
2026-09-26T13:23:42.195358+00:00,open,,FIDAUSDT,ICT/SMC v2,long,,,0.0221,,0.0219327320036983,0.0223509019944524,0.0226018039889049,904.977,20.0,,,,,
2026-09-26T13:25:37.460336+00:00,close,,LTCUSDT,ICT/SMC v2,long,,,73.385,72.3379518506896,,,,0.13626,,-0.1426707808250349,3194.645288675794,SL,,
2026-09-26T13:25:37.919094+00:00,close,,LTCUSDT,ICT/SMC v2,long,,,73.385,72.3379518506896,,,,0.13627,,-0.142681251306528,3194.502607424487,SL,,
2026-09-26T13:27:16.302100+00:00,open,,MINAUSDT,ICT/SMC v2,long,,,0.14309,,0.1404407221221566,0.1470639168167649,0.1510378336335299,139.7,20.0,,,,,
2026-09-26T13:27:57.433307+00:00,close,,ONDOUSDT,ICT/SMC v2,long,,,0.543945,0.543945,,,,18.38,,0.0,3194.502607424487,SL,,
2026-09-26T13:33:51.356841+00:00,close,,AEROUSDT,ICT/SMC v2,long,,,0.8924000000000001,0.8924000000000001,,,,11.21,,0.0,3194.502607424487,SL,,
2026-09-26T13:33:58.987721+00:00,open,,AEROUSDT,ICT/SMC v2,long,,,0.89845,,0.8747927969527012,0.9339358045709482,0.969421609141896,22.26,20.0,,,,,
2026-09-26T13:35:36.823010+00:00,close,,AXLUSDT,ICT/SMC v2,long,,,0.0535,0.0531204407647888,,,,186.91,,-0.0709434166533213,3194.4316640078337,SL,,
2026-09-26T13:35:37.261604+00:00,close,,AXLUSDT,ICT/SMC v2,long,,,0.0535,0.0531204407647888,,,,186.92,,-0.0709472122456734,3194.360716795588,SL,,
2026-09-26T13:36:14.993966+00:00,close,,BEAMXUSDT,ICT/SMC v2,long,,,0.0021975,0.0021607223639606,,,,4550.6,,-0.1673603105605125,3194.1933564850274,SL,,
2026-09-26T13:36:34.999629+00:00,close,,BERAUSDT,Supertrend+ADX,long,,,0.2377,0.2377,,,,63.1048,,0.0,3194.1933564850274,SL,,
2026-09-26T13:36:42.686067+00:00,close,,BERAUSDT,ICT/SMC v2,long,,,0.2406,0.2371391441245757,,,,41.5627,,-0.1438425144934953,3194.0495139705345,SL,,
2026-09-26T13:36:43.243977+00:00,close,,BERAUSDT,ICT/SMC v2,long,,,0.2406,0.2371391441245757,,,,41.5628,,-0.1438428605790828,3193.9056711099547,SL,,
2026-09-26T13:39:19.021087+00:00,open,,EDUUSDT,ICT/SMC v2,long,,,0.05245,,0.0518743367409805,0.0533134948885291,0.0541769897770582,381.31,20.0,,,,,
2026-09-26T13:40:35.694797+00:00,open,,GMTUSDT,ICT/SMC v2,long,,,0.00879,,0.0087059096107042,0.0089161355839436,0.0090422711678872,2275.3,20.0,,,,,
2026-09-26T13:40:43.627033+00:00,open,,GRTUSDT,ICT/SMC v2,long,,,0.027975,,0.0275649335998748,0.0285900996001876,0.0292051992003753,714.9,20.0,,,,,
2026-09-26T13:42:48.494593+00:00,open,,MEMEUSDT,ICT/SMC v2,long,,,0.0006425,,0.0006363630512076,0.0006517054231885,0.000660910846377,31128.4,20.0,,,,,
2026-09-26T13:51:07.902656+00:00,close,,CHRUSDT,ICT/SMC v2,long,,,0.0212865,0.02235004265961,,,,469.78,,0.4996310706315952,3194.4053021805867,TP2,,
2026-09-26T13:51:52.439626+00:00,close,,EGLDUSDT,ICT/SMC v2,long,,,4.605,4.67818370834978,,,,2.171,,0.1588818308273703,3194.5641840114135,TP1,,
2026-09-26T13:51:55.163664+00:00,close,,EIGENUSDT,ICT/SMC v2,long,,,0.2643999999999999,0.274659539351112,,,,37.82,,0.3880157782590563,3194.9521997896727,TP1,,
2026-09-26T13:54:07.291471+00:00,close,,LQTYUSDT,ICT/SMC v2,short,,,0.2397,0.2329681654648808,,,,41.718,,0.2808386731361001,3195.233038462809,TP2,,
2026-09-26T14:03:53.970151+00:00,close,,AMPUSDT,ICT/SMC v2,long,,,0.000707,0.0006455381920482,,,,14144.2,,-0.8693281040309377,3194.3637103587785,SL,,
2026-09-26T14:03:54.333941+00:00,close,,AMPUSDT,ICT/SMC v2,long,,,0.000707,0.0006455381920482,,,,14144.3,,-0.8693342502117328,3193.4943761085665,SL,,
2026-09-26T14:04:56.852621+00:00,close,,BBUSDT,ICT/SMC v2,long,,,0.0103,0.0110554905686235,,,,970.9,,0.7335057930765848,3194.2278819016433,TP2,,
2026-09-26T14:08:00.799988+00:00,open,,FLOWUSDT,ICT/SMC v2,long,,,0.03245,,0.0318580864039587,0.0333378703940618,0.0342257407881236,616.33,20.0,,,,,
2026-09-26T14:09:53.897565+00:00,open,,LQTYUSDT,ICT/SMC v2,short,,,0.22885,,0.2326364769508689,0.2231702845736965,0.2174905691473931,87.393,20.0,,,,,
2026-09-26T14:12:26.940579+00:00,close,,RAREUSDT,ICT/SMC v2,long,,,0.021505,0.0249054187884942,,,,465.0,,1.581194736649819,3195.809076638293,TP1,,
2026-09-26T14:37:52.735998+00:00,close,,ETHFIUSDT,ICT/SMC v2,long,,,0.70025,0.7468279489611087,,,,14.3,,0.6660646701438541,3196.475141308437,TP2,,
2026-09-26T14:38:06.167935+00:00,close,,FILUSDT,Supertrend+ADX,long,,,1.0166,1.1136494907582326,,,,14.76,,1.432450483591514,3197.9075917920277,TP2,,
2026-09-26T14:41:27.027810+00:00,open,,NMRUSDT,ICT/SMC v2,long,,,9.687,,9.62756771310086,9.776148430348712,9.865296860697423,2.0646,20.0,,,,,
2026-09-26T14:43:05.628420+00:00,open,,SAGAUSDT,ICT/SMC v2,short,,,0.0332,,0.0345266796752867,0.0312099804870699,0.0292199609741398,602.4,20.0,,,,,
2026-09-26T14:43:45.326793+00:00,open,,STGUSDT,Supertrend+ADX,long,,,0.13855,,0.134604488352432,0.1444682674713519,0.1503865349427039,216.5283,30.0,,,,,
2026-09-26T14:43:53.619945+00:00,close,,STRKUSDT,ICT/SMC v2,long,,,0.04205,0.0430937452830805,,,,237.81,,0.2482130657693725,3198.1558048577976,TP1,,
2026-09-26T14:45:12.004301+00:00,close,,WLDUSDT,ICT/SMC v2,long,,,0.48635,0.5006727079981256,,,,20.5,,0.2936155139615742,3198.449420371759,TP1,,
2026-09-26T14:45:35.437797+00:00,open,,ZROUSDT,Supertrend+ADX,long,,,1.6265,,1.5527406806938495,1.7371389789592253,1.8477779579184508,18.44,30.0,,,,,
2026-09-26T14:49:55.124236+00:00,close,,AVAXUSDT,ICT/SMC v2,long,,,10.8265,11.069443366010896,,,,0.92,,0.2235078967300248,3198.672928268489,TP1,,
2026-09-26T14:52:52.844130+00:00,close,,FETUSDT,ICT/SMC v2,long,,,0.24145,0.2486646502865072,,,,41.416,,0.2988019562659854,3198.971730224755,TP1,,
2026-09-26T14:53:57.455536+00:00,close,,INITUSDT,ICT/SMC v2,long,,,0.09895,0.0979496732233385,,,,101.0611,,-0.1010941244088649,3198.870636100346,SL,,
2026-09-26T14:55:06.111530+00:00,close,,MAGICUSDT,ICT/SMC v2,long,,,0.051,0.051,,,,196.07843,,0.0,3198.870636100346,SL,,
2026-09-26T14:57:36.289098+00:00,close,,ROSEUSDT,ICT/SMC v2,long,,,0.00836,0.0088381776822293,,,,1196.2,,0.5719961434826957,3199.442632243829,TP2,,
2026-09-26T14:57:48.957668+00:00,open,,RUNEUSDT,ICT/SMC v2,long,,,0.74745,,0.7234638496411048,0.7834292255383427,0.8194084510766856,26.7,20.0,,,,,
2026-09-26T14:59:41.369582+00:00,close,,TRBUSDT,Supertrend+ADX,short,,,20.01,20.30169883513634,,,,0.7496,,-0.218657446818201,3199.2239747970107,SL,,
2026-09-26T14:59:53.287144+00:00,open,,TRXUSDT,ICT/SMC v2,short,,,0.3364325,,0.336886630791582,0.3357513038126269,0.3350701076252539,59.4,20.0,,,,,
2026-09-26T15:01:05.496240+00:00,close,,ZROUSDT,ICT/SMC v2,long,,,1.569,1.6495999324909691,,,,6.37,,0.5134215699674738,3199.737396366978,TP1,,
2026-09-26T15:04:23.151042+00:00,close,,ARBUSDT,ICT/SMC v2,short,,,0.22325,0.2265486298965002,,,,44.7928,,-0.1477548692279543,3199.58964149775,SL,,
2026-09-26T15:04:43.328029+00:00,close,,ATOMUSDT,ICT/SMC v2,long,,,1.7533,1.8486836137209155,,,,5.704,,0.5440681326641015,3200.133709630414,TP2,,
2026-09-26T15:06:27.794575+00:00,close,,COMPUSDT,ICT/SMC v2,long,,,23.775,24.327037011740437,,,,0.4206,,0.2321867671380268,3200.365896397552,TP1,,
2026-09-26T15:06:51.818739+00:00,close,,DOTUSDT,ICT/SMC v2,long,,,1.1827,1.2562411532815836,,,,8.46,,0.6221581567621965,3200.988054554314,TP2,,
2026-09-26T15:06:59.722419+00:00,close,,DYDXUSDT,ICT/SMC v2,long,,,0.1338,0.142841202622903,,,,74.74,,0.6757394840357747,3201.66379403835,TP2,,
2026-09-26T15:07:08.537049+00:00,close,,EGLDUSDT,Supertrend+ADX,long,,,4.449,4.753795340173634,,,,3.371,,1.027465091725322,3202.6912591300747,TP1,,
2026-09-26T15:07:10.615321+00:00,close,,EGLDUSDT,ICT/SMC v2,long,,,4.605,4.751367416699559,,,,2.172,,0.3179100290714421,3203.0091691591465,TP2,,
2026-09-26T15:07:14.164912+00:00,close,,EIGENUSDT,ICT/SMC v2,long,,,0.2643999999999999,0.2849190787022241,,,,37.82,,0.7760315565181168,3203.785200715665,TP2,,
2026-09-26T15:09:21.774459+00:00,open,,JOEUSDT,Supertrend+ADX,long,,,0.041,,0.0398124814010087,0.0427812778984869,0.0445625557969738,731.70731,30.0,,,,,
2026-09-26T15:10:46.556737+00:00,close,,METISUSDT,ICT/SMC v2,short,,,3.39,3.44381849194213,,,,2.949,,-0.1587107327373422,3203.6264899829275,SL,,
2026-09-26T15:10:47.016852+00:00,close,,METISUSDT,ICT/SMC v2,short,,,3.39,3.44381849194213,,,,2.95,,-0.1587645512292843,3203.4677254316985,SL,,
2026-09-26T15:12:26.597617+00:00,close,,ORDIUSDT,ICT/SMC v2,long,,,4.7255,4.843519842499262,,,,2.116,,0.2497299867284379,3203.717455418427,TP1,,
2026-09-26T15:13:59.202142+00:00,close,,SATSUSDT,ICT/SMC v2,long,,,1.185e-08,1.2468961776735704e-08,,,,843881856.5,,0.522330613254263,3204.239786031682,TP2,,
2026-09-26T15:14:22.266076+00:00,close,,SSVUSDT,Supertrend+ADX,long,,,3.1515,3.282809647511823,,,,4.7596,,0.6249813982972735,3204.8647674299787,TP1,,
2026-09-26T15:14:34.503409+00:00,close,,STRKUSDT,Supertrend+ADX,long,,,0.03975,0.0433652876110968,,,,377.36,,1.364264932923512,3206.229032362902,TP2,,
2026-09-26T15:14:52.021789+00:00,close,,SUPERUSDT,Supertrend+ADX,long,,,0.1748,0.192340262865062,,,,85.8,,1.504954553822324,3207.7339869167245,TP2,,
2026-09-26T15:14:53.676785+00:00,close,,SUPERUSDT,ICT/SMC v2,short,,,0.1825999999999999,0.1920254644760518,,,,54.7,,-0.5155729068400352,3207.218414009884,SL,,
2026-09-26T15:14:54.075630+00:00,close,,SUPERUSDT,ICT/SMC v2,short,,,0.1825999999999999,0.1920254644760518,,,,54.8,,-0.5165154532876404,3206.7018985565965,SL,,
2026-09-26T15:15:23.438408+00:00,close,,TIAUSDT,ICT/SMC v2,long,,,0.4898,0.5079670210695799,,,,20.4164,,0.3709051689649711,3207.0728037255612,TP1,,
2026-09-26T15:15:37.054414+00:00,close,,TRXUSDT,ICT/SMC v2,short,,,0.3364325,0.336886630791582,,,,29.7,,-0.0134876845099859,3207.0593160410513,SL,,
2026-09-26T15:16:05.362449+00:00,close,,WLDUSDT,Supertrend+ADX,long,,,0.48945,0.5142272594810052,,,,30.6,,0.7581841401187601,3207.81750018117,TP1,,
2026-09-26T15:16:09.860140+00:00,close,,WLDUSDT,ICT/SMC v2,long,,,0.48635,0.5149954159962512,,,,20.6,,0.5900955695227748,3208.407595750693,TP2,,
2026-09-26T15:16:24.615360+00:00,close,,YGGUSDT,ICT/SMC v2,long,,,0.02685,0.0283209590683016,,,,372.4395,,0.5478432599187336,3208.955439010612,TP2,,
2026-09-26T15:19:31.000475+00:00,close,,ARKMUSDT,ICT/SMC v2,long,,,0.13865,0.1421218775317765,,,,72.1,,0.2503223700410873,3209.205761380653,TP1,,
2026-09-26T15:20:20.948063+00:00,close,,BICOUSDT,ICT/SMC v2,long,,,0.0225,0.0222780224089252,,,,444.44444,,-0.0986567061577723,3209.107104674495,SL,,
2026-09-26T15:22:01.954901+00:00,close,,DOGEUSDT,ICT/SMC v2,short,,,0.0972186499999999,0.0979483615148884,,,,102.8,,-0.075014343730535,3209.032090330765,SL,,
2026-09-26T15:22:54.876024+00:00,open,,ETHFIUSDT,ICT/SMC v2,long,,,0.7443,,0.7319555079103052,0.7628167381345423,0.7813334762690846,26.8,20.0,,,,,
2026-09-26T15:22:56.964994+00:00,close,,FETUSDT,ICT/SMC v2,long,,,0.24145,0.2558793005730145,,,,41.416,,0.5976039125319709,3209.629694243297,TP2,,
2026-09-26T15:23:07.257112+00:00,close,,FLOKIUSDT,Supertrend+ADX,short,,,2.832505e-05,2.9108664937100227e-05,,,,529566.5,,-0.4149762195878868,3209.214718023709,SL,,
2026-09-26T15:23:07.597916+00:00,close,,FLOKIUSDT,Supertrend+ADX,short,,,2.832505e-05,2.9108664937100227e-05,,,,529566.6,,-0.4149762979493804,3208.7997417257598,SL,,
2026-09-26T15:23:36.936144+00:00,close,,HBARUSDT,ICT/SMC v2,short,,,0.0937699999999999,0.0945473641967067,,,,106.6,,-0.082867023368944,3208.71687470239,SL,,
2026-09-26T15:25:01.682896+00:00,open,,MAGICUSDT,ICT/SMC v2,long,,,0.052,,0.0515468966858873,0.0526796549711689,0.0533593099423379,384.61538,20.0,,,,,
2026-09-26T15:25:18.200966+00:00,close,,MEMEUSDT,ICT/SMC v2,long,,,0.0006425,0.0006517054231885,,,,15564.2,,0.1432750475908897,3208.8601497499812,TP1,,
2026-09-26T15:28:09.130541+00:00,open,,SKLUSDT,ICT/SMC v2,long,,,0.004725,,0.0046740726474175,0.0048013910288736,0.0048777820577473,4232.804,20.0,,,,,
2026-09-26T15:29:33.998091+00:00,close,,TURBOUSDT,ICT/SMC v2,long,,,0.0010534,0.0010847919869351,,,,9493.0,,0.2980041319751947,3209.158153881957,TP1,,
2026-09-26T15:29:37.002495+00:00,close,,UMAUSDT,ICT/SMC v2,long,,,0.426,0.4366727996843287,,,,23.4741,,0.250534367069902,3209.4086882490265,TP1,,
2026-09-26T15:30:03.180893+00:00,close,,WOOUSDT,ICT/SMC v2,short,,,0.013395,0.0134705764448352,,,,746.547,,-0.0564213681624441,3209.3522668808646,SL,,
2026-09-26T15:33:41.660407+00:00,open,,ADAUSDT,Supertrend+ADX,long,,,0.25985,,0.25371772692152,0.2690484096177201,0.2782468192354401,115.4,30.0,,,,,
2026-09-26T15:34:18.975894+00:00,close,,ARUSDT,Supertrend+ADX,long,,,4.58,4.9663282383463,,,,3.28,,1.2671566217758634,3210.61942350264,TP2,,
2026-09-26T15:34:37.119614+00:00,close,,ATOMUSDT,Supertrend+ADX,long,,,1.81545,1.8808903860692805,,,,8.262,,0.5406684697043935,3211.160091972344,TP1,,
2026-09-26T15:35:53.689923+00:00,close,,BONKUSDT,Supertrend+ADX,short,,,3.644e-06,3.758391487809139e-06,,,,4116355.6,,-0.4708760414354796,3210.689215930909,SL,,
2026-09-26T15:36:13.586030+00:00,open,,CELOUSDT,Supertrend+ADX,long,,,0.09885,,0.0967175334629983,0.1020486998055024,0.1052473996110049,303.49,30.0,,,,,
2026-09-26T15:36:51.156235+00:00,open,,CRVUSDT,Supertrend+ADX,long,,,0.35605,,0.3472384871987353,0.3692672692018969,0.3824845384037939,84.2,30.0,,,,,
2026-09-26T15:37:38.342329+00:00,open,,ENSUSDT,Supertrend+ADX,long,,,7.178,,7.078466138414703,7.327300792377946,7.476601584755891,4.1794,30.0,,,,,
2026-09-26T15:37:53.868948+00:00,close,,ETHFIUSDT,ICT/SMC v2,long,,,0.7443,0.7628167381345423,,,,13.4,,0.2481242910028675,3210.937340221912,TP1,,
2026-09-26T15:37:58.838475+00:00,close,,FIDAUSDT,ICT/SMC v2,long,,,0.0221,0.0223509019944524,,,,452.488,,0.1135301416658027,3211.050870363578,TP1,,
2026-09-26T15:38:05.721521+00:00,close,,FLOKIUSDT,ICT/SMC v2,long,,,2.827e-05,2.9126350656343807e-05,,,,353731.8,,0.3029184590996768,3211.3537888226774,TP1,,
2026-09-26T15:38:21.631782+00:00,close,,GMTUSDT,ICT/SMC v2,long,,,0.00879,0.0089161355839436,,,,1137.6,,0.1434918402942664,3211.4972806629717,TP1,,
2026-09-26T15:38:34.419698+00:00,close,,GTCUSDT,ICT/SMC v2,long,,,0.0909,0.0922837241289839,,,,110.011,,0.152224875153655,3211.649505538125,TP1,,
2026-09-26T15:38:39.064312+00:00,open,,HBARUSDT,Supertrend+ADX,long,,,0.0949,,0.0933209478268021,0.0972685782597968,0.0996371565195937,316.1,30.0,,,,,
2026-09-26T15:39:31.018243+00:00,open,,JTOUSDT,ICT/SMC v2,long,,,0.6094999999999999,,0.5959383588085682,0.6298424617871476,0.6501849235742954,32.8,20.0,,,,,
2026-09-26T15:39:54.403989+00:00,close,,LPTUSDT,ICT/SMC v2,long,,,1.6997,1.784004322205765,,,,5.8834,,0.4959960492653985,3212.1455015873908,TP2,,
2026-09-26T15:40:31.922140+00:00,close,,MASKUSDT,ICT/SMC v2,long,,,0.479,0.4859214770273449,,,,20.87682,,0.1444984300340148,3212.290000017425,TP1,,
2026-09-26T15:40:54.696789+00:00,close,,MINAUSDT,ICT/SMC v2,long,,,0.14309,0.1470639168167649,,,,69.8,,0.2773793938101958,3212.5673794112354,TP1,,
2026-09-26T15:41:59.614343+00:00,close,,POLYXUSDT,ICT/SMC v2,long,,,0.0457,0.0463126347413981,,,,218.8,,0.1340444814179172,3212.701423892653,TP1,,
2026-09-26T15:42:05.608108+00:00,close,,PROMUSDT,ICT/SMC v2,long,,,6.241,6.241,,,,1.6,,0.0,3212.701423892653,SL,,
2026-09-26T15:44:52.262745+00:00,close,,WLDUSDT,Supertrend+ADX,long,,,0.48945,0.5390045189620104,,,,30.6,,1.5163682802375185,3214.2177921728908,TP2,,
2026-09-26T15:45:12.444041+00:00,close,,XRPUSDT,ICT/SMC v2,short,,,1.540835,1.5507061910047142,,,,6.4,,-0.063175622430171,3214.1546165504606,SL,,
2026-09-26T15:45:12.851422+00:00,close,,XRPUSDT,ICT/SMC v2,short,,,1.540835,1.5507061910047142,,,,6.5,,-0.0641627415306425,3214.09045380893,SL,,
2026-09-26T15:51:11.501807+00:00,close,,COMPUSDT,Supertrend+ADX,long,,,23.825,24.528010242448048,,,,0.62959,,0.4426082185428666,3214.5330620274726,TP1,,
2026-09-26T15:53:12.673325+00:00,close,,ILVUSDT,ICT/SMC v2,long,,,4.0555,4.145241041245986,,,,2.4657,,0.2212744854002261,3214.7543365128727,TP1,,
2026-09-26T15:54:21.593955+00:00,close,,MAGICUSDT,ICT/SMC v2,long,,,0.052,0.0515468966858873,,,,192.30769,,-0.0871352516683479,3214.6672012612044,SL,,
2026-09-26T15:54:33.243169+00:00,open,,MASKUSDT,Supertrend+ADX,long,,,0.487,,0.4775821179493377,0.5011268230759933,0.5152536461519867,61.60164,30.0,,,,,
2026-09-26T15:55:05.545434+00:00,open,,MTLUSDT,Supertrend+ADX,long,,,0.3543,,0.3502115110787182,0.3604327333819228,0.3665654667638455,84.674,30.0,,,,,
2026-09-26T15:55:57.151446+00:00,open,,PEOPLEUSDT,ICT/SMC v2,long,,,0.009645,,0.0095252991910222,0.0098245512134666,0.0100041024269332,2073.613,20.0,,,,,
2026-09-26T15:58:48.088981+00:00,close,,TAOUSDT,ICT/SMC v2,long,,,329.395,339.4183501479036,,,,0.0303,,0.3037075094814795,3214.970908770686,TP1,,
2026-09-26T15:58:54.595442+00:00,open,,THETAUSDT,Supertrend+ADX,long,,,0.23795,,0.231408296241345,0.2477625556379823,0.2575751112759647,126.0,30.0,,,,,
2026-09-26T16:06:29.650112+00:00,close,,DOTUSDT,Supertrend+ADX,long,,,1.2303,1.281539496636391,,,,12.19,,0.6246094639976109,3215.595518234684,TP1,,
2026-09-26T16:07:05.513870+00:00,close,,ETCUSDT,ICT/SMC v2,long,,,9.4094,9.575721850140296,,,,1.06,,0.1763011611487136,3215.7718193958326,TP1,,
2026-09-26T16:07:24.617904+00:00,open,,FILUSDT,ICT/SMC v2,long,,,1.2004,,1.1609509654984724,1.2595735517522917,1.3187471035045837,16.66,20.0,,,,,
2026-09-26T16:07:31.652372+00:00,close,,FLOWUSDT,Supertrend+ADX,long,,,0.0316,0.0332022918370083,,,,474.68,,0.7605758891911006,3216.5323952850235,TP1,,
2026-09-26T16:07:35.135183+00:00,close,,FLOWUSDT,ICT/SMC v2,long,,,0.03245,0.0333378703940618,,,,308.16,,0.2736061406340895,3216.8060014256575,TP1,,
2026-09-26T16:09:11.574221+00:00,close,,LQTYUSDT,ICT/SMC v2,short,,,0.22885,0.2326364769508689,,,,43.696,,-0.1654538968451696,3216.640547528812,SL,,
2026-09-26T16:09:12.081246+00:00,close,,LQTYUSDT,ICT/SMC v2,short,,,0.22885,0.2326364769508689,,,,43.697,,-0.1654576833221205,3216.4750898454904,SL,,
2026-09-26T16:10:37.280000+00:00,close,,ORDIUSDT,Supertrend+ADX,long,,,4.629,5.029461430354203,,,,3.24,,1.2974950343476204,3217.772584879838,TP2,,
2026-09-26T16:10:40.061452+00:00,close,,ORDIUSDT,ICT/SMC v2,long,,,4.7255,4.961539684998524,,,,2.116,,0.4994599734568758,3218.272044853295,TP2,,
2026-09-26T16:10:50.657653+00:00,close,,PEOPLEUSDT,ICT/SMC v2,long,,,0.009645,0.0098245512134666,,,,1036.806,,0.1861597754294844,3218.4582046287246,TP1,,
2026-09-26T16:14:16.343643+00:00,close,,SSVUSDT,ICT/SMC v2,long,,,3.1705,3.30562020553755,,,,3.154,,0.4261691282654319,3218.88437375699,TP2,,
2026-09-26T16:19:07.152808+00:00,open,,ALGOUSDT,ICT/SMC v2,long,,,0.12135,,0.1193221117753973,0.124391832336904,0.1274336646738081,164.8,20.0,,,,,
2026-09-26T16:19:44.690432+00:00,close,,ARKMUSDT,Supertrend+ADX,long,,,0.13085,0.1441499547988024,,,,114.6,,1.52417481994276,3220.408548576933,TP2,,
2026-09-26T16:22:19.007412+00:00,close,,CRVUSDT,ICT/SMC v2,long,,,0.34925,0.3579015274938711,,,,28.6,,0.2474336863247151,3220.6559822632576,TP1,,
2026-09-26T16:22:54.829620+00:00,close,,EDUUSDT,ICT/SMC v2,long,,,0.05245,0.0533134948885291,,,,190.65,,0.1646253004980802,3220.820607563756,TP1,,
2026-09-26T16:24:00.315149+00:00,close,,GALAUSDT,ICT/SMC v2,long,,,0.0021634999999999,0.0022894555533242,,,,4622.1,,0.5821791630199609,3221.402786726776,TP2,,
2026-09-26T16:25:03.531893+00:00,close,,IOTAUSDT,ICT/SMC v2,long,,,0.04935,0.0522763434563362,,,,202.63,,0.5929649745574203,3221.9957517013336,TP2,,
2026-09-26T16:27:54.282339+00:00,open,,OPUSDT,ICT/SMC v2,long,,,0.1488,,0.1458938606572556,0.1531592090141165,0.157518418028233,134.4,20.0,,,,,
2026-09-26T16:28:55.006727+00:00,open,,ROSEUSDT,ICT/SMC v2,long,,,0.0089249999999999,,0.0087382061845552,0.009205190723167,0.0094853814463341,2240.8,20.0,,,,,
2026-09-26T16:29:48.908109+00:00,close,,SSVUSDT,Supertrend+ADX,long,,,3.1515,3.4141192950236463,,,,4.7596,,1.249962796594547,3223.245714497928,TP2,,
2026-09-26T16:31:02.108433+00:00,close,,TRBUSDT,ICT/SMC v2,long,,,20.0805,20.554342817054657,,,,0.4979,,0.2359263386115133,3223.4816408365396,TP1,,
2026-09-26T16:32:25.297688+00:00,close,,ZKUSDT,ICT/SMC v2,long,,,0.01248,0.0132212198805766,,,,801.3,,0.593939490306083,3224.0755803268457,TP2,,
2026-09-26T16:50:56.324485+00:00,open,,BANDUSDT,ICT/SMC v2,long,,,0.23,,0.2279288787880311,0.2331066818179533,0.2362133636359067,86.95652,20.0,,,,,
2026-09-26T16:51:48.770940+00:00,close,,CATIUSDT,ICT/SMC v2,long,,,0.063115,0.0654653233944995,,,,158.4,,0.3722912256887214,3224.4478715525343,TP2,,
2026-09-26T16:51:57.375832+00:00,open,,CELRUSDT,Supertrend+ADX,short,,,0.003015,,0.0030956742434065,0.0028939886348902,0.0027729772697804,9950.2,30.0,,,,,
2026-09-26T16:52:37.521445+00:00,close,,DOGSUSDT,Supertrend+ADX,long,,,4.91e-05,5.08814014539089e-05,,,,305498.9,,0.5442161846275705,3224.992087737162,TP1,,
2026-09-26T16:52:40.627658+00:00,close,,DOGSUSDT,ICT/SMC v2,long,,,4.96e-05,5.042516486524342e-05,,,,201612.9,,0.1663638814598348,3225.1584516186217,TP1,,
2026-09-26T16:53:04.782612+00:00,close,,ENAUSDT,ICT/SMC v2,long,,,0.2812,0.2732583091429894,,,,35.56,,-0.282406526875296,3224.876045091747,SL,,
2026-09-26T16:53:51.859680+00:00,close,,FLOWUSDT,ICT/SMC v2,long,,,0.03245,0.0342257407881236,,,,308.17,,0.5472300386760602,3225.423275130423,TP2,,
2026-09-26T16:56:27.579232+00:00,open,,MANAUSDT,Supertrend+ADX,long,,,0.0930199999999999,,0.0913121190935451,0.0955818213596822,0.0981436427193646,322.5,30.0,,,,,
2026-09-26T16:57:38.283072+00:00,close,,NEWTUSDT,ICT/SMC v2,long,,,0.05005,0.0516623234031753,,,,199.8,,0.3221422159544272,3225.7454173463775,TP2,,
2026-09-26T17:02:46.989207+00:00,close,,ZRXUSDT,ICT/SMC v2,long,,,0.1261,0.1295989271518549,,,,79.302,,0.2774719209964041,3226.022889267374,TP2,,
2026-09-26T17:19:44.020282+00:00,open,,ARBUSDT,ICT/SMC v2,long,,,0.2239,,0.2198196441284984,0.2300205338072523,0.2361410676145046,89.3255,20.0,,,,,
2026-09-26T17:20:00.058486+00:00,open,,ATOMUSDT,ICT/SMC v2,long,,,1.85555,,1.8289249206674476,1.895487618998829,1.9354252379976584,10.778,20.0,,,,,
2026-09-26T17:21:26.473784+00:00,open,,CELOUSDT,ICT/SMC v2,long,,,0.09845,,0.0974496834156744,0.0999504748764883,0.1014509497529766,203.14,20.0,,,,,
2026-09-26T17:28:00.726000+00:00,close,,PEOPLEUSDT,ICT/SMC v2,long,,,0.009645,0.009645,,,,1036.806,,0.0,3226.022889267374,SL,,
2026-09-26T17:29:21.050370+00:00,close,,RUNEUSDT,ICT/SMC v2,long,,,0.74745,0.7234638496411048,,,,13.3,,-0.3190157997733058,3225.7038734676007,SL,,
2026-09-26T17:30:50.859164+00:00,close,,SUSHIUSDT,ICT/SMC v2,long,,,0.25625,0.2714669057481602,,,,39.024,,0.5938245299162038,3226.297697997517,TP2,,
2026-09-26T17:32:26.393237+00:00,open,,XRPUSDT,ICT/SMC v2,long,,,1.537625,,1.5289158622438592,1.5506887066342114,1.5637524132684224,13.0,20.0,,,,,
2026-09-26T17:32:35.820173+00:00,open,,ZECUSDT,ICT/SMC v2,long,,,1561.2475,,1545.503641660894,1584.8632875086587,1608.4790750173172,0.01281,20.0,,,,,
2026-09-26T17:33:49.727292+00:00,open,,AGLDUSDT,ICT/SMC v2,long,,,0.2278,,0.2260885043137159,0.2303672435294261,0.2329344870588523,87.7963,20.0,,,,,
2026-09-26T17:34:35.989987+00:00,open,,AMPUSDT,ICT/SMC v2,long,,,0.0007199999999999,,0.0006440115926428,0.0008339826110357,0.0009479652220714,27777.7,20.0,,,,,
2026-09-26T17:37:04.242227+00:00,open,,CATIUSDT,ICT/SMC v2,long,,,0.065475,,0.0649742382841159,0.066226142573826,0.066977285147652,305.4,20.0,,,,,
2026-09-26T17:40:10.866433+00:00,open,,GALAUSDT,ICT/SMC v2,long,,,0.0023404999999999,,0.0022755700764447,0.0024378948853328,0.0025352897706656,8545.1,20.0,,,,,
2026-09-26T17:41:20.563052+00:00,open,,IOUSDT,ICT/SMC v2,long,,,0.1761,,0.1728484197895527,0.1809773703156708,0.1858547406313418,113.57,20.0,,,,,
2026-09-26T17:44:48.685935+00:00,close,,OPUSDT,ICT/SMC v2,long,,,0.1488,0.1458938606572556,,,,67.2,,-0.1952925638324193,3226.1024054336845,SL,,
2026-09-26T17:45:03.906298+00:00,open,,PEOPLEUSDT,ICT/SMC v2,long,,,0.009645,,0.0094884857480216,0.0098797713779675,0.0101145427559351,2073.613,20.0,,,,,
2026-09-26T17:47:05.527110+00:00,close,,STRKUSDT,ICT/SMC v2,long,,,0.04205,0.04205,,,,237.81,,0.0,3226.1024054336845,SL,,
2026-09-26T17:47:41.545342+00:00,open,,THETAUSDT,ICT/SMC v2,long,,,0.23635,,0.2335767840017647,0.2405098239973528,0.2446696479947057,84.6,20.0,,,,,
2026-09-26T17:48:47.419203+00:00,open,,ZRXUSDT,ICT/SMC v2,long,,,0.12995,,0.129096264915849,0.1312306026262264,0.1325112052524529,153.905,20.0,,,,,
2026-09-26T18:04:42.127102+00:00,close,,ALGOUSDT,ICT/SMC v2,long,,,0.12135,0.1193221117753973,,,,82.4,,-0.1670979897072627,3225.9353074439773,SL,,
2026-09-26T18:14:37.067317+00:00,open,,SSVUSDT,ICT/SMC v2,long,,,3.30215,,3.23132239119882,3.408391413201771,3.514632826403541,6.0566,20.0,,,,,
2026-09-26T18:15:12.231079+00:00,close,,TAOUSDT,ICT/SMC v2,long,,,329.395,329.395,,,,0.0303,,0.0,3225.9353074439773,SL,,
2026-09-26T18:16:06.609068+00:00,open,,WOOUSDT,ICT/SMC v2,long,,,0.01342,,0.0133326533391591,0.0135510199912612,0.0136820399825224,1490.312,20.0,,,,,
2026-09-26T18:19:57.820695+00:00,close,,BANDUSDT,ICT/SMC v2,long,,,0.23,0.2279288787880311,,,,43.47826,,-0.0900487465454999,3225.8452586974317,SL,,
2026-09-26T18:21:31.111263+00:00,close,,DOGSUSDT,ICT/SMC v2,long,,,4.96e-05,5.1250329730486817e-05,,,,201612.9,,0.3327277629196656,3226.1779864603513,TP2,,
2026-09-26T18:22:20.431233+00:00,close,,ETHFIUSDT,ICT/SMC v2,long,,,0.7443,0.7443,,,,13.4,,0.0,3226.1779864603513,SL,,
2026-09-26T18:23:13.417833+00:00,open,,HMSTRUSDT,ICT/SMC v2,long,,,0.0001810499999999,,0.0001795157512237,0.0001833513731644,0.0001856527463288,110466.7,20.0,,,,,
2026-09-26T18:25:33.018420+00:00,open,,ONDOUSDT,ICT/SMC v2,short,,,0.535175,,0.5432092486427375,0.5231236270358937,0.5110722540717875,37.37,20.0,,,,,
2026-09-26T18:35:23.381078+00:00,open,,BEAMXUSDT,ICT/SMC v2,long,,,0.0021915,,0.002159093664491,0.0022401095032634,0.0022887190065269,9126.1,20.0,,,,,
2026-09-26T18:38:06.965027+00:00,close,,FIDAUSDT,ICT/SMC v2,long,,,0.0221,0.0221,,,,452.489,,0.0,3226.1779864603513,SL,,
2026-09-26T18:38:10.604075+00:00,close,,FILUSDT,ICT/SMC v2,long,,,1.2004,1.1609509654984724,,,,8.33,,-0.3286104573977257,3225.8493760029537,SL,,
2026-09-26T18:38:38.602280+00:00,open,,GMXUSDT,ICT/SMC v2,long,,,8.31015,,8.246683603703232,8.405349594445152,8.500549188890306,2.4066,20.0,,,,,
2026-09-26T18:39:42.782979+00:00,close,,KNCUSDT,ICT/SMC v2,long,,,0.1473999999999999,0.1464534574564147,,,,67.8426,,-0.064215907167437,3225.785160095786,SL,,
2026-09-26T18:40:47.435446+00:00,close,,MEMEUSDT,ICT/SMC v2,long,,,0.0006425,0.0006425,,,,15564.2,,0.0,3225.7851600957865,SL,,
2026-09-26T18:41:10.790299+00:00,close,,MINAUSDT,ICT/SMC v2,long,,,0.14309,0.14309,,,,69.8,,0.0,3225.7851600957865,SL,,
2026-09-26T18:42:08.140052+00:00,close,,NMRUSDT,ICT/SMC v2,long,,,9.687,9.62756771310086,,,,1.0323,,-0.0613519497659823,3225.72380814602,SL,,
2026-09-26T18:43:40.210048+00:00,close,,ROSEUSDT,ICT/SMC v2,long,,,0.0089249999999999,0.0087382061845552,,,,1120.4,,-0.2092837908242465,3225.514524355195,SL,,
2026-09-26T18:44:27.937273+00:00,close,,SKLUSDT,ICT/SMC v2,long,,,0.004725,0.0046740726474175,,,,2116.402,,-0.1077827508602103,3225.406741604335,SL,,
2026-09-26T18:45:31.437581+00:00,open,,SUSHIUSDT,ICT/SMC v2,long,,,0.26955,,0.26543984461906,0.27571523307141,0.2818804661428199,74.197,20.0,,,,,
2026-09-26T18:45:45.875294+00:00,close,,THETAUSDT,ICT/SMC v2,long,,,0.23635,0.2335767840017647,,,,42.3,,-0.1173070367253506,3225.2894345676095,SL,,
2026-09-26T18:47:10.758044+00:00,close,,WOOUSDT,ICT/SMC v2,long,,,0.01342,0.0133326533391591,,,,745.156,,-0.0650868884054942,3225.224347679204,SL,,
2026-09-26T18:47:16.487864+00:00,close,,XRPUSDT,ICT/SMC v2,long,,,1.537625,1.5289158622438592,,,,6.5,,-0.0566093954149151,3225.1677382837893,SL,,
2026-09-26T18:47:51.515102+00:00,close,,ZRXUSDT,ICT/SMC v2,long,,,0.12995,0.129096264915849,,,,76.952,,-0.0656966221955845,3225.1020416615943,SL,,
2026-09-26T18:47:51.877848+00:00,close,,ZRXUSDT,ICT/SMC v2,long,,,0.12995,0.129096264915849,,,,76.953,,-0.0656974759306687,3225.036344185663,SL,,
2026-09-26T18:48:47.412880+00:00,close,,AEROUSDT,ICT/SMC v2,long,,,0.89845,0.8747927969527012,,,,11.13,,-0.2633046699164356,3224.7730395157464,SL,,
2026-09-26T18:48:55.466540+00:00,close,,AGLDUSDT,ICT/SMC v2,long,,,0.2278,0.2260885043137159,,,,43.8981,,-0.0751314087860677,3224.69790810696,SL,,
2026-09-26T18:48:55.833184+00:00,close,,AGLDUSDT,ICT/SMC v2,long,,,0.2278,0.2260885043137159,,,,43.8982,,-0.0751315799356363,3224.6227765270246,SL,,
2026-09-26T18:49:51.057641+00:00,close,,AVAXUSDT,ICT/SMC v2,long,,,10.8265,10.8265,,,,0.92,,0.0,3224.6227765270246,SL,,
2026-09-26T18:50:10.988058+00:00,open,,BANANAUSDT,ICT/SMC v2,long,,,4.305,,4.206648611579255,4.452527082631116,4.600054165262232,4.6457,20.0,,,,,
2026-09-26T18:51:35.209851+00:00,close,,CELOUSDT,ICT/SMC v2,long,,,0.09845,0.0974496834156744,,,,101.57,,-0.1016021554699444,3224.521174371555,SL,,
2026-09-26T18:52:37.513767+00:00,close,,CRVUSDT,ICT/SMC v2,long,,,0.34925,0.34925,,,,28.6,,0.0,3224.5211743715545,SL,,
2026-09-26T18:53:16.956410+00:00,close,,EDUUSDT,ICT/SMC v2,long,,,0.05245,0.05245,,,,190.66,,0.0,3224.5211743715545,SL,,
2026-09-26T18:53:28.129768+00:00,close,,ENSUSDT,Supertrend+ADX,long,,,7.178,7.078466138414703,,,,2.0897,,-0.207995910554796,3224.3131784609996,SL,,
2026-09-26T18:54:30.785550+00:00,close,,GTCUSDT,ICT/SMC v2,long,,,0.0909,0.0909,,,,110.011,,0.0,3224.3131784609996,SL,,
2026-09-26T18:55:08.501027+00:00,close,,IOUSDT,ICT/SMC v2,long,,,0.1761,0.1728484197895527,,,,56.78,,-0.1846247243491962,3224.12855373665,SL,,
2026-09-26T18:56:35.290982+00:00,close,,MASKUSDT,ICT/SMC v2,long,,,0.479,0.479,,,,20.87683,,0.0,3224.12855373665,SL,,
2026-09-26T18:56:47.483385+00:00,open,,MEMEUSDT,ICT/SMC v2,long,,,0.000642,,0.0006352361370778,0.0006521457943832,0.0006622915887664,31152.6,20.0,,,,,
2026-09-26T18:57:49.540488+00:00,close,,ONDOUSDT,Supertrend+ADX,long,,,0.55145,0.5328811232398987,,,,27.2,,-0.505073447874756,3223.623480288775,SL,,
2026-09-26T19:00:03.161608+00:00,close,,SLPUSDT,ICT/SMC v2,long,,,0.000717,0.0007080964499139,,,,13947.0,,-0.1241778130502731,3223.499302475725,SL,,
2026-09-26T19:00:36.217598+00:00,close,,SUIUSDT,ICT/SMC v2,long,,,1.1592,1.1592,,,,8.6266,,0.0,3223.499302475726,SL,,
2026-09-26T19:00:41.228614+00:00,open,,SUIUSDT,ICT/SMC v2,long,,,1.15895,,1.1446122403369614,1.1804566394945577,1.201963278989116,17.2569,20.0,,,,,
2026-09-26T19:01:57.775210+00:00,open,,WUSDT,ICT/SMC v2,long,,,0.0131,,0.0128181899102895,0.0135227151345656,0.0139454302691313,1526.7,20.0,,,,,
2026-09-26T19:07:41.818555+00:00,close,,DOGSUSDT,Supertrend+ADX,long,,,4.91e-05,5.26628029078178e-05,,,,305499.0,,1.0884327255354296,3224.587735201261,TP2,,
2026-09-26T19:08:12.006462+00:00,open,,ENSUSDT,Supertrend+ADX,short,,,7.0655,,7.165073036901997,6.916140444647006,6.766780889294012,4.2459,30.0,,,,,
2026-09-26T19:08:46.333761+00:00,open,,FLOWUSDT,ICT/SMC v2,long,,,0.0332999999999999,,0.032580405333741,0.0343793919993884,0.0354587839987768,600.6,20.0,,,,,
2026-09-26T19:13:17.112429+00:00,open,,PROMUSDT,ICT/SMC v2,long,,,6.2745,,6.132842739675645,6.486985890486532,6.699471780973063,3.18,20.0,,,,,
2026-09-26T19:14:14.306843+00:00,close,,SAGAUSDT,ICT/SMC v2,short,,,0.0332,0.0312099804870699,,,,301.2,,0.5993938772945462,3225.1871290785552,TP1,,
2026-09-26T19:15:18.214644+00:00,open,,SUPERUSDT,ICT/SMC v2,long,,,0.2,,0.195085850866999,0.2073712236995014,0.2147424473990029,100.0,20.0,,,,,
2026-09-26T19:23:58.850730+00:00,open,,GRAMUSDT,ICT/SMC v2,long,,,1.5545,,1.5153961150961377,1.6131558273557938,1.671811654711587,12.86587,20.0,,,,,
2026-09-26T19:24:41.790557+00:00,open,,IMXUSDT,ICT/SMC v2,short,,,0.1669,,0.1691061012693736,0.1635908480959394,0.1602816961918789,119.8322,20.0,,,,,
2026-09-26T19:27:20.284999+00:00,open,,NOTUSDT,ICT/SMC v2,long,,,0.0005134,,0.0005051094156846,0.000525835876473,0.0005382717529461,38955.9,20.0,,,,,
2026-09-26T19:30:17.449356+00:00,close,,TRBUSDT,ICT/SMC v2,long,,,20.0805,20.0805,,,,0.498,,0.0,3225.1871290785552,SL,,
2026-09-26T19:30:34.516845+00:00,close,,UMAUSDT,ICT/SMC v2,long,,,0.426,0.426,,,,23.4742,,0.0,3225.1871290785552,SL,,
2026-09-26T19:36:13.765461+00:00,open,,CFXUSDT,ICT/SMC v2,long,,,0.056152,,0.0555159716813065,0.0571060424780401,0.0580600849560802,356.17,20.0,,,,,
2026-09-26T19:38:09.509294+00:00,close,,GRTUSDT,ICT/SMC v2,long,,,0.027975,0.0275649335998748,,,,357.4,,-0.1465577314047121,3225.0405713471505,SL,,
2026-09-26T19:38:10.051746+00:00,close,,GRTUSDT,ICT/SMC v2,long,,,0.027975,0.0275649335998748,,,,357.5,,-0.1465987380447246,3224.8939726091057,SL,,
2026-09-26T19:38:29.474151+00:00,close,,HMSTRUSDT,ICT/SMC v2,long,,,0.0001810499999999,0.0001795157512237,,,,55233.3,,-0.0847416229355761,3224.80923098617,SL,,
2026-09-26T19:38:49.082760+00:00,close,,ILVUSDT,ICT/SMC v2,long,,,4.0555,4.0555,,,,2.4657,,0.0,3224.8092309861695,SL,,
2026-09-26T19:40:05.545092+00:00,close,,MASKUSDT,Supertrend+ADX,long,,,0.487,0.4775821179493377,,,,30.80082,,-0.2900784898236785,3224.5191524963457,SL,,
2026-09-26T19:44:05.146324+00:00,close,,SUNUSDT,ICT/SMC v2,long,,,0.01722505,0.0171911069254751,,,,580.5,,-0.0197039547616873,3224.499448541584,SL,,
2026-09-26T19:49:51.704388+00:00,open,,AXLUSDT,ICT/SMC v2,long,,,0.0537,,0.0532871459138499,0.054319281129225,0.0549385622584501,372.43,20.0,,,,,
2026-09-26T19:52:50.638308+00:00,close,,GALAUSDT,ICT/SMC v2,long,,,0.0023404999999999,0.0022755700764447,,,,4272.5,,-0.27741309838968,3224.2220354431947,SL,,
2026-09-26T19:52:51.154550+00:00,close,,GALAUSDT,ICT/SMC v2,long,,,0.0023404999999999,0.0022755700764447,,,,4272.6,,-0.2774195913820356,3223.9446158518117,SL,,
2026-09-26T19:53:16.487671+00:00,open,,HMSTRUSDT,ICT/SMC v2,long,,,0.00017925,,0.0001778471676429,0.0001813542485355,0.000183458497071,111576.0,20.0,,,,,
2026-09-26T19:55:58.201195+00:00,close,,PEOPLEUSDT,ICT/SMC v2,long,,,0.009645,0.0094884857480216,,,,1036.806,,-0.1622749155367043,3223.7823409362754,SL,,
2026-09-26T19:56:32.113822+00:00,close,,PYTHUSDT,ICT/SMC v2,long,,,0.077225,0.0795011025897374,,,,129.49,,0.2947325243451067,3224.0770734606203,TP1,,
2026-09-26T19:57:03.795040+00:00,close,,RPLUSDT,ICT/SMC v2,long,,,2.153,2.1156005551682737,,,,4.6446,,-0.1737054614654339,3223.903367999155,SL,,
2026-09-26T19:57:04.349706+00:00,close,,RPLUSDT,ICT/SMC v2,long,,,2.153,2.1156005551682737,,,,4.6447,,-0.1737092014099171,3223.7296587977444,SL,,
2026-09-26T20:03:58.684654+00:00,close,,ALICEUSDT,ICT/SMC v2,long,,,0.15465,0.15465,,,,64.66,,0.0,3223.7296587977444,SL,,
2026-09-26T20:04:16.521873+00:00,close,,API3USDT,ICT/SMC v2,long,,,0.27995,0.27995,,,,35.7207,,0.0,3223.7296587977444,SL,,
2026-09-26T20:04:44.167154+00:00,close,,ARKMUSDT,ICT/SMC v2,long,,,0.13865,0.13865,,,,72.1,,0.0,3223.7296587977444,SL,,
2026-09-26T20:07:28.394355+00:00,close,,ETCUSDT,ICT/SMC v2,long,,,9.4094,9.4094,,,,1.06,,0.0,3223.7296587977444,SL,,
2026-09-26T20:08:15.071733+00:00,close,,HBARUSDT,Supertrend+ADX,long,,,0.0949,0.0933209478268021,,,,158.0,,-0.2494902433652678,3223.4801685543794,SL,,
2026-09-26T20:08:15.414588+00:00,close,,HBARUSDT,Supertrend+ADX,long,,,0.0949,0.0933209478268021,,,,158.1,,-0.2496481485825876,3223.2305204057966,SL,,
2026-09-26T20:09:40.230659+00:00,close,,LUNCUSDT,ICT/SMC v2,long,,,5.4635e-05,5.4635e-05,,,,183032.9,,0.0,3223.2305204057966,SL,,
2026-09-26T20:09:46.044070+00:00,close,,MANAUSDT,Supertrend+ADX,long,,,0.0930199999999999,0.0913121190935451,,,,161.2,,-0.2753104021205241,3222.9552100036763,SL,,
2026-09-26T20:09:46.454601+00:00,close,,MANAUSDT,Supertrend+ADX,long,,,0.0930199999999999,0.0913121190935451,,,,161.3,,-0.2754811902111697,3222.6797288134644,SL,,
2026-09-26T20:10:02.049650+00:00,close,,MEMEUSDT,ICT/SMC v2,long,,,0.000642,0.0006352361370778,,,,15576.3,,-0.105355958034457,3222.5743728554303,SL,,
2026-09-26T20:10:26.866385+00:00,close,,MTLUSDT,Supertrend+ADX,long,,,0.3543,0.3502115110787182,,,,42.337,,-0.1730943554603088,3222.40127849997,SL,,
2026-09-26T20:12:15.377671+00:00,close,,RVNUSDT,ICT/SMC v2,long,,,0.00277,0.0028397764567268,,,,3610.1,,0.2518999864296984,3222.6531784863996,TP2,,
2026-09-26T20:12:29.734331+00:00,close,,SANDUSDT,Supertrend+ADX,long,,,0.0458299999999999,0.0448354781992484,,,,327.2,,-0.3254075332058924,3222.327770953194,SL,,
2026-09-26T20:12:30.099369+00:00,close,,SANDUSDT,Supertrend+ADX,long,,,0.0458299999999999,0.0448354781992484,,,,327.3,,-0.3255069853859676,3222.0022639678073,SL,,
2026-09-26T20:13:41.844641+00:00,close,,THETAUSDT,Supertrend+ADX,long,,,0.23795,0.231408296241345,,,,63.0,,-0.4121273367952603,3221.5901366310127,SL,,
2026-09-26T20:14:07.169182+00:00,close,,TURBOUSDT,ICT/SMC v2,long,,,0.0010534,0.0010534,,,,9493.0,,0.0,3221.5901366310127,SL,,
2026-09-26T20:18:40.706071+00:00,close,,ADAUSDT,Supertrend+ADX,long,,,0.25985,0.25371772692152,,,,57.7,,-0.3538321566282972,3221.2363044743843,SL,,
2026-09-26T20:19:09.029841+00:00,close,,AMPUSDT,ICT/SMC v2,long,,,0.0007199999999999,0.0008339826110357,,,,13888.8,,1.5830816881526393,3222.819386162537,TP1,,
2026-09-26T20:19:54.975168+00:00,close,,AXLUSDT,ICT/SMC v2,long,,,0.0537,0.0532871459138499,,,,186.21,,-0.076877559382002,3222.742508603155,SL,,
2026-09-26T20:19:55.462548+00:00,close,,AXLUSDT,ICT/SMC v2,long,,,0.0537,0.0532871459138499,,,,186.22,,-0.0768816879228635,3222.665626915232,SL,,
2026-09-26T20:20:59.849771+00:00,close,,CATIUSDT,ICT/SMC v2,long,,,0.065475,0.0649742382841159,,,,152.7,,-0.07646631401549,3222.589160601217,SL,,
2026-09-26T20:21:34.806022+00:00,close,,CRVUSDT,Supertrend+ADX,long,,,0.35605,0.3472384871987353,,,,42.1,,-0.370964688933241,3222.2181959122836,SL,,
2026-09-26T20:22:02.520219+00:00,open,,DOGSUSDT,ICT/SMC v2,long,,,5.0400000000000005e-05,,4.919920269151901e-05,5.220119596272149e-05,5.400239192544299e-05,396825.3,20.0,,,,,
2026-09-26T20:22:16.156469+00:00,open,,DYDXUSDT,ICT/SMC v2,long,,,0.14055,,0.1376489328842828,0.1449016006735758,0.1492532013471516,142.29,20.0,,,,,
2026-09-26T20:23:19.424394+00:00,close,,GMTUSDT,ICT/SMC v2,long,,,0.00879,0.00879,,,,1137.7,,0.0,3222.2181959122836,SL,,
2026-09-26T20:23:24.673951+00:00,open,,GMTUSDT,ICT/SMC v2,long,,,0.00878,,0.008696120406943,0.0089058193895853,0.0090316387791707,2277.9,20.0,,,,,
2026-09-26T20:23:27.652932+00:00,close,,GMXUSDT,ICT/SMC v2,long,,,8.31015,8.246683603703232,,,,1.2033,,-0.0763691146639007,3222.1418267976196,SL,,
2026-09-26T20:23:38.792874+00:00,close,,GTCUSDT,Supertrend+ADX,long,,,0.09175,0.0900813029561545,,,,163.4877,,-0.2728114416950898,3221.8690153559246,SL,,
2026-09-26T20:23:57.396769+00:00,open,,IDUSDT,ICT/SMC v2,long,,,0.03975,,0.0394576413670069,0.0401885379494895,0.0406270758989791,503.14,20.0,,,,,
2026-09-26T20:25:48.336778+00:00,open,,MINAUSDT,ICT/SMC v2,short,,,0.142765,,0.1451363048656686,0.1392080427014971,0.1356510854029942,140.0,20.0,,,,,
2026-09-26T20:26:31.996783+00:00,open,,OPUSDT,ICT/SMC v2,short,,,0.14395,,0.1459995014145707,0.1408757478781439,0.1378014957562879,138.93,20.0,,,,,
2026-09-26T20:36:20.315180+00:00,close,,CELOUSDT,Supertrend+ADX,long,,,0.09885,0.0967175334629983,,,,151.74,,-0.3235804723246305,3221.5454348836,SL,,
2026-09-26T20:36:20.729163+00:00,close,,CELOUSDT,Supertrend+ADX,long,,,0.09885,0.0967175334629983,,,,151.75,,-0.3236017969900005,3221.2218330866103,SL,,
2026-09-26T20:36:36.699528+00:00,close,,CHRUSDT,Supertrend+ADX,long,,,0.022149,0.0217215878923317,,,,677.23,,-0.289456301676191,3220.932376784934,SL,,
2026-09-26T20:39:58.148831+00:00,close,,LUNAUSDT,ICT/SMC v2,long,,,0.05335,0.05335,,,,187.44,,0.0,3220.932376784934,SL,,
2026-09-26T20:40:08.037255+00:00,close,,MANAUSDT,ICT/SMC v2,long,,,0.09052,0.09052,,,,110.5,,0.0,3220.932376784934,SL,,
2026-09-26T20:40:16.893493+00:00,close,,MANTAUSDT,ICT/SMC v2,long,,,0.0703,0.0703,,,,142.2,,0.0,3220.932376784934,SL,,
2026-09-26T20:40:53.813449+00:00,close,,NEOUSDT,ICT/SMC v2,long,,,2.65715,2.65715,,,,3.763,,0.0,3220.932376784934,SL,,
2026-09-26T20:40:58.157430+00:00,close,,NEWTUSDT,Supertrend+ADX,long,,,0.05111,0.0504974855835617,,,,293.484,,-0.1797631809939562,3220.75261360394,SL,,
2026-09-26T20:40:58.572495+00:00,close,,NEWTUSDT,Supertrend+ADX,long,,,0.05111,0.0504974855835617,,,,293.485,,-0.1797637935083726,3220.5728498104318,SL,,
2026-09-26T20:41:10.328636+00:00,close,,NOTUSDT,ICT/SMC v2,long,,,0.0005134,0.0005051094156846,,,,19477.9,,-0.1614831722363422,3220.4113666381954,SL,,
2026-09-26T20:41:10.779935+00:00,close,,NOTUSDT,ICT/SMC v2,long,,,0.0005134,0.0005051094156846,,,,19478.0,,-0.1614840012947737,3220.2498826369006,SL,,
2026-09-26T20:41:52.177232+00:00,close,,PEPEUSDT,ICT/SMC v2,long,,,4.4235e-06,4.31039768816659e-06,,,,2260653.3,,-0.2556851144838282,3219.994197522417,SL,,
2026-09-26T20:42:07.526856+00:00,close,,POLYXUSDT,ICT/SMC v2,long,,,0.0457,0.0457,,,,218.8,,0.0,3219.9941975224174,SL,,
2026-09-26T20:43:32.033457+00:00,close,,SEIUSDT,ICT/SMC v2,short,,,0.07425,0.0714772843218848,,,,134.6,,0.3732075302743056,3220.3674050526915,TP1,,
2026-09-26T20:43:36.471613+00:00,close,,SHIBUSDT,Supertrend+ADX,long,,,5.965e-06,5.820155029444303e-06,,,,2514668.9,,-0.3642371427778268,3220.003167909914,SL,,
2026-09-26T20:43:53.418037+00:00,close,,SSVUSDT,ICT/SMC v2,long,,,3.30215,3.23132239119882,,,,3.0283,,-0.2144872477326137,3219.7886806621814,SL,,
2026-09-26T20:44:15.454118+00:00,close,,STXUSDT,ICT/SMC v2,long,,,0.3422,0.334113252471215,,,,29.2,,-0.2361330278405226,3219.552547634341,SL,,
2026-09-26T20:44:22.667698+00:00,close,,SUIUSDT,ICT/SMC v2,long,,,1.15895,1.1446122403369614,,,,8.6284,,-0.1237119254765615,3219.4288357088644,SL,,
2026-09-26T20:44:23.105555+00:00,close,,SUIUSDT,ICT/SMC v2,long,,,1.15895,1.1446122403369614,,,,8.6285,,-0.1237133592525278,3219.3051223496122,SL,,
2026-09-26T20:44:27.484331+00:00,close,,SUNUSDT,Supertrend+ADX,long,,,0.01722005,0.0171561065534515,,,,871.0,,-0.0556947419437313,3219.249427607668,SL,,
2026-09-26T20:44:40.692409+00:00,close,,SUSHIUSDT,ICT/SMC v2,long,,,0.26955,0.26543984461906,,,,37.098,,-0.1524785443221102,3219.0969490633465,SL,,
2026-09-26T20:44:41.152129+00:00,close,,SUSHIUSDT,ICT/SMC v2,long,,,0.26955,0.26543984461906,,,,37.099,,-0.1524826544774912,3218.944466408869,SL,,
2026-09-26T20:44:59.286614+00:00,close,,TIAUSDT,ICT/SMC v2,long,,,0.4898,0.4898,,,,20.4165,,0.0,3218.944466408869,SL,,
2026-09-26T20:45:31.881493+00:00,close,,VETUSDT,ICT/SMC v2,long,,,0.0092448,0.0092448,,,,1081.7,,0.0,3218.944466408869,SL,,
2026-09-26T20:45:44.654300+00:00,close,,WUSDT,ICT/SMC v2,long,,,0.0131,0.0128181899102895,,,,763.3,,-0.2151056414759768,3218.7293607673932,SL,,
2026-09-26T20:45:45.096872+00:00,close,,WUSDT,ICT/SMC v2,long,,,0.0131,0.0128181899102895,,,,763.4,,-0.2151338224849479,3218.5142269449084,SL,,
2026-09-26T20:45:53.636952+00:00,close,,WIFUSDT,ICT/SMC v2,long,,,0.24225,0.24225,,,,41.27,,0.0,3218.5142269449084,SL,,
2026-09-26T20:48:38.736578+00:00,close,,1INCHUSDT,Supertrend+ADX,long,,,0.1033,0.1015838087263767,,,,145.2,,-0.2491909729300925,3218.2650359719783,SL,,
2026-09-26T20:48:39.282447+00:00,close,,1INCHUSDT,Supertrend+ADX,long,,,0.1033,0.1015838087263767,,,,145.21,,-0.2492081348428288,3218.0158278371355,SL,,
2026-09-26T20:48:43.227145+00:00,close,,1INCHUSDT,ICT/SMC v2,long,,,0.1030099999999999,0.1019791983985027,,,,97.07,,-0.1000599114573369,3217.915767925678,SL,,
2026-09-26T20:48:43.736926+00:00,close,,1INCHUSDT,ICT/SMC v2,long,,,0.1030099999999999,0.1019791983985027,,,,97.08,,-0.1000702194733519,3217.815697706205,SL,,
2026-09-26T20:48:59.874515+00:00,close,,AIUSDT,ICT/SMC v2,long,,,0.02025,0.019838146601684,,,,493.8,,-0.2033732080884314,3217.6123244981163,SL,,
2026-09-26T20:49:12.371057+00:00,close,,ALTUSDT,ICT/SMC v2,long,,,0.0082099999999999,0.0080787225170362,,,,1218.0,,-0.1598959742498048,3217.4524285238663,SL,,
2026-09-26T20:49:27.962621+00:00,close,,APEUSDT,ICT/SMC v2,long,,,0.15265,0.15265,,,,65.5,,0.0,3217.4524285238667,SL,,
2026-09-26T20:49:38.581929+00:00,close,,APTUSDT,ICT/SMC v2,long,,,0.85345,0.8323166219899145,,,,11.7171,,-0.2476219034819731,3217.2048066203847,SL,,
2026-09-26T20:49:45.469615+00:00,close,,ARBUSDT,ICT/SMC v2,long,,,0.2239,0.2198196441284984,,,,44.6627,,-0.1822397101821133,3217.0225669102024,SL,,
2026-09-26T20:49:45.959742+00:00,close,,ARBUSDT,ICT/SMC v2,long,,,0.2239,0.2198196441284984,,,,44.6628,,-0.1822401182177004,3216.840326791985,SL,,
2026-09-26T20:50:50.308747+00:00,close,,ATOMUSDT,ICT/SMC v2,long,,,1.85555,1.8289249206674476,,,,5.389,,-0.1434825525231262,3216.696844239462,SL,,
2026-09-26T20:51:24.126721+00:00,close,,BANANAUSDT,ICT/SMC v2,long,,,4.305,4.206648611579255,,,,2.3228,,-0.2284506050237054,3216.468393634438,SL,,
2026-09-26T20:51:30.407008+00:00,open,,BANANAUSDT,ICT/SMC v2,short,,,4.2,,4.2776868420766725,4.08346973688499,3.966939473769982,4.7619,20.0,,,,,
2026-09-26T20:52:03.299832+00:00,close,,BEAMXUSDT,ICT/SMC v2,long,,,0.0021915,0.002159093664491,,,,4563.0,,-0.1478701089274776,3216.320523525511,SL,,
2026-09-26T20:52:03.913148+00:00,close,,BEAMXUSDT,ICT/SMC v2,long,,,0.0021915,0.002159093664491,,,,4563.1,,-0.1478733495610285,3216.1726501759495,SL,,
2026-09-26T20:52:24.880153+00:00,close,,BLURUSDT,ICT/SMC v2,short,,,0.0212,0.0208157781299309,,,,471.6981,,0.181236726090004,3216.3538869020394,TP1,,
2026-09-26T20:52:53.430683+00:00,close,,BONKUSDT,ICT/SMC v2,long,,,3.6945e-06,3.5961167069016306e-06,,,,2706726.2,,-0.2662966370716356,3216.0875902649677,SL,,
2026-09-26T20:53:08.415567+00:00,open,,BONKUSDT,Supertrend+ADX,short,,,3.595e-06,,3.752569207762165e-06,3.358646188356753e-06,3.1222923767135067e-06,8344923.5,30.0,,,,,
2026-09-26T20:53:41.711593+00:00,close,,CAKEUSDT,ICT/SMC v2,long,,,2.775,2.7295703887407834,,,,3.603,,-0.1636828893669571,3215.9239073756007,SL,,
2026-09-26T20:54:15.150672+00:00,close,,CFXUSDT,ICT/SMC v2,long,,,0.056152,0.0555159716813065,,,,178.08,,-0.1132639229929234,3215.810643452608,SL,,
2026-09-26T20:54:15.711594+00:00,close,,CFXUSDT,ICT/SMC v2,long,,,0.056152,0.0555159716813065,,,,178.09,,-0.1132702832761104,3215.697373169332,SL,,
2026-09-26T20:55:01.856457+00:00,close,,DOTUSDT,Supertrend+ADX,long,,,1.2303,1.2303,,,,12.19,,0.0,3215.697373169332,SL,,
2026-09-26T20:55:06.856250+00:00,open,,DOTUSDT,ICT/SMC v2,long,,,1.22375,,1.201077868276061,1.2577581975859085,1.2917663951718168,16.34,20.0,,,,,
2026-09-26T20:55:57.210434+00:00,close,,ETHUSDT,ICT/SMC v2,long,,,2687.96,2679.0753604704296,,,,0.00372,,-0.033050859050002,3215.664322310282,SL,,
2026-09-26T20:56:18.756308+00:00,close,,FLOWUSDT,ICT/SMC v2,long,,,0.0332999999999999,0.032580405333741,,,,300.3,,-0.2160942782775599,3215.448228032005,SL,,
2026-09-26T20:56:40.295835+00:00,open,,GALAUSDT,ICT/SMC v2,short,,,0.002234,,0.0023019646783972,0.0021320529824041,0.0020301059648082,8952.5,20.0,,,,,
2026-09-26T20:57:05.286042+00:00,close,,HMSTRUSDT,ICT/SMC v2,long,,,0.00017925,0.0001778471676429,,,,55788.0,,-0.0782612115336383,3215.3699668204704,SL,,
2026-09-26T20:57:58.928645+00:00,close,,IDUSDT,ICT/SMC v2,long,,,0.03975,0.0394576413670069,,,,251.57,,-0.0735486613020589,3215.2964181591688,SL,,
2026-09-26T20:58:33.838986+00:00,close,,JOEUSDT,Supertrend+ADX,long,,,0.041,0.0398124814010087,,,,365.85365,,-0.4344580138838431,3214.861960145285,SL,,
2026-09-26T20:58:34.623424+00:00,close,,JOEUSDT,Supertrend+ADX,long,,,0.041,0.0398124814010087,,,,365.85366,,-0.4344580257590291,3214.427502119526,SL,,
2026-09-26T20:58:49.565948+00:00,close,,JTOUSDT,ICT/SMC v2,long,,,0.6094999999999999,0.5959383588085682,,,,16.4,,-0.222410915539481,3214.205091203986,SL,,
2026-09-26T20:59:01.693226+00:00,close,,LDOUSDT,ICT/SMC v2,long,,,0.4871499999999999,0.4739105036927996,,,,20.5275,,-0.2717737604460549,3213.93331744354,SL,,
2026-09-26T20:59:02.232475+00:00,close,,LDOUSDT,ICT/SMC v2,long,,,0.4871499999999999,0.4739105036927996,,,,20.5276,,-0.2717750843956856,3213.6615423591447,SL,,
2026-09-26T21:01:43.757201+00:00,close,,RAREUSDT,ICT/SMC v2,long,,,0.021505,0.021505,,,,465.0,,0.0,3213.6615423591447,SL,,
2026-09-26T21:01:48.494959+00:00,open,,RAREUSDT,ICT/SMC v2,long,,,0.02148,,0.0197871461505685,0.0240192807741471,0.0265585615482943,931.0,20.0,,,,,
2026-09-26T21:04:20.651315+00:00,close,,ZECUSDT,ICT/SMC v2,long,,,1561.2475,1584.8632875086587,,,,0.0064,,0.1511410400554159,3213.8126833991996,TP1,,
2026-09-26T21:20:44.051468+00:00,close,,BIGTIMEUSDT,ICT/SMC v2,long,,,0.008545,0.0090658876984898,,,,1170.28,,0.6095844557886676,3214.4222678549886,TP2,,
2026-09-26T21:30:00.438979+00:00,close,,ZECUSDT,Supertrend+ADX,short,,,1544.2845,1622.6819287677033,,,,0.00971,,-0.7612390333343994,3213.661028821654,SL,,
2026-09-26T21:30:03.495764+00:00,close,,ZECUSDT,ICT/SMC v2,long,,,1561.2475,1608.4790750173172,,,,0.00641,,0.3027543958610036,3213.963783217515,TP2,,
2026-09-26T21:34:23.898949+00:00,open,,APTUSDT,ICT/SMC v2,short,,,0.84355,,0.8596199494402775,0.8194450758395839,0.7953401516791678,23.7093,20.0,,,,,
2026-09-26T21:35:04.830723+00:00,open,,AVAXUSDT,ICT/SMC v2,short,,,10.797,,10.954020768173278,10.561468847740086,10.325937695480173,1.85,20.0,,,,,
2026-09-26T21:36:38.649010+00:00,open,,CAKEUSDT,ICT/SMC v2,short,,,2.747,,2.7644244402903504,2.720863339564475,2.6947266791289493,7.28,20.0,,,,,
2026-09-26T21:37:34.161596+00:00,open,,DOGEUSDT,ICT/SMC v2,short,,,0.096595,,0.0974619208933008,0.0952946186600487,0.0939942373200974,207.0,20.0,,,,,
2026-09-26T21:39:06.626327+00:00,open,,GTCUSDT,ICT/SMC v2,short,,,0.09045,,0.0912459179842467,0.0892561230236299,0.0880622460472599,221.1166,20.0,,,,,
2026-09-26T21:39:35.196527+00:00,open,,INJUSDT,ICT/SMC v2,short,,,7.709,,7.841611576706988,7.510082634939517,7.311165269879036,2.5943,20.0,,,,,
2026-09-26T21:39:57.702514+00:00,open,,KNCUSDT,ICT/SMC v2,short,,,0.14555,,0.1464768539051716,0.1441597191422426,0.1427694382844852,137.4098,20.0,,,,,
2026-09-26T21:44:28.651583+00:00,open,,WOOUSDT,ICT/SMC v2,short,,,0.013215,,0.0133252395588296,0.0130496406617555,0.012884281323511,1513.431,20.0,,,,,
2026-09-26T21:48:39.716164+00:00,open,,ADAUSDT,ICT/SMC v2,short,,,0.252298,,0.2553863633593031,0.2476654549610454,0.2430329099220907,79.2,20.0,,,,,
2026-09-26T21:49:03.513013+00:00,open,,APEUSDT,ICT/SMC v2,short,,,0.1538,,0.1555860479553384,0.1511209280669922,0.1484418561339844,130.03,20.0,,,,,
2026-09-26T21:49:07.197304+00:00,open,,API3USDT,ICT/SMC v2,short,,,0.2783,,0.2817003482445219,0.273199477633217,0.268098955266434,71.8648,20.0,,,,,
2026-09-26T21:49:38.191458+00:00,open,,AXLUSDT,ICT/SMC v2,short,,,0.053,,0.0535463884331331,0.0521804173503003,0.0513608347006006,377.35,20.0,,,,,
2026-09-26T21:50:42.595280+00:00,open,,CELOUSDT,ICT/SMC v2,short,,,0.09655,,0.097805763584205,0.0946663546236924,0.0927827092473849,207.14,20.0,,,,,
2026-09-26T21:50:53.982049+00:00,open,,CHRUSDT,ICT/SMC v2,short,,,0.0216325,,0.0219254291060261,0.0211931063409607,0.0207537126819215,924.53,20.0,,,,,
2026-09-26T21:51:39.456111+00:00,open,,EGLDUSDT,ICT/SMC v2,short,,,4.605,,4.673873904575981,4.501689143136031,4.39837828627206,4.343,20.0,,,,,
2026-09-26T21:51:44.770550+00:00,open,,ENAUSDT,ICT/SMC v2,short,,,0.2714499999999999,,0.2764725867075337,0.2639161199386993,0.2563822398773987,73.67,20.0,,,,,
2026-09-26T21:52:02.227449+00:00,open,,ETHUSDT,ICT/SMC v2,short,,,2684.715,,2694.351445800625,2670.2603312990627,2655.8056625981258,0.007449,20.0,,,,,
2026-09-26T21:52:33.269699+00:00,open,,GMXUSDT,ICT/SMC v2,short,,,8.1202,,8.198147320775856,8.003279018836219,7.886358037672438,2.4629,20.0,,,,,
2026-09-26T21:52:38.686838+00:00,open,,GRTUSDT,ICT/SMC v2,short,,,0.02745,,0.0278451072178317,0.0268573391732523,0.0262646783465047,728.5,20.0,,,,,
2026-09-26T21:52:52.190242+00:00,open,,HMSTRUSDT,ICT/SMC v2,short,,,0.0001783,,0.0001801127635515,0.0001755808546726,0.0001728617093452,112170.4,20.0,,,,,
2026-09-26T21:52:57.955039+00:00,open,,IDUSDT,ICT/SMC v2,short,,,0.03955,,0.0399521163800271,0.0389468254299593,0.0383436508599186,505.68,20.0,,,,,
2026-09-26T21:54:08.731723+00:00,open,,MANTAUSDT,ICT/SMC v2,short,,,0.07045,,0.0711144344576724,0.0694533483134912,0.0684566966269825,283.8,20.0,,,,,
2026-09-26T21:54:11.955502+00:00,open,,MASKUSDT,ICT/SMC v2,short,,,0.4745,,0.4789065491402694,0.4678901762895958,0.4612803525791916,42.14963,20.0,,,,,
2026-09-26T21:54:19.606892+00:00,open,,MEMEUSDT,ICT/SMC v2,short,,,0.0006335,,0.0006403137759153,0.000623279336127,0.000613058672254,31570.6,20.0,,,,,
2026-09-26T21:54:49.594040+00:00,open,,NEOUSDT,ICT/SMC v2,short,,,2.6564,,2.6811110864802745,2.619333370279588,2.582266740559176,7.528,20.0,,,,,
2026-09-26T21:55:24.960792+00:00,open,,PEOPLEUSDT,ICT/SMC v2,short,,,0.009395,,0.0095280117583238,0.0091954823625142,0.0089959647250285,2128.791,20.0,,,,,
2026-09-26T21:57:21.258200+00:00,open,,SUIUSDT,ICT/SMC v2,short,,,1.15215,,1.168464641702704,1.127678037445944,1.103206074891888,17.3588,20.0,,,,,
2026-09-26T21:57:29.818468+00:00,open,,SUSHIUSDT,ICT/SMC v2,short,,,0.2693,,0.2738467700088413,0.262479844986738,0.2556596899734761,74.266,20.0,,,,,
2026-09-26T21:57:43.149479+00:00,open,,THETAUSDT,ICT/SMC v2,short,,,0.23005,,0.2330048709635775,0.2256176935546336,0.2211853871092673,86.9,20.0,,,,,
2026-09-26T21:58:02.121294+00:00,open,,TURBOUSDT,ICT/SMC v2,short,,,0.00105255,,0.0010671677287039,0.0010306234069441,0.0010086968138882,19001.4,20.0,,,,,
2026-09-26T21:58:21.454619+00:00,close,,UNIUSDT,ICT/SMC v2,long,,,9.5659,9.76945680033964,,,,1.04,,0.2116990723532262,3214.175482289868,TP1,,
2026-09-26T21:58:42.236409+00:00,open,,XLMUSDT,ICT/SMC v2,short,,,0.216804,,0.2190476129315101,0.2134385806027348,0.2100731612054696,92.2,20.0,,,,,
2026-09-26T21:58:48.363118+00:00,open,,YGGUSDT,ICT/SMC v2,short,,,0.0278,,0.028096379456219,0.0273554308156714,0.0269108616313429,719.4244,20.0,,,,,
2026-09-26T21:58:53.684545+00:00,open,,ZKUSDT,ICT/SMC v2,short,,,0.01291,,0.0130976670149761,0.0126284994775357,0.0123469989550714,1549.1,20.0,,,,,
2026-09-26T21:59:01.111613+00:00,open,,ZRXUSDT,ICT/SMC v2,short,,,0.12755,,0.1286165412730947,0.1259501880903578,0.1243503761807156,156.801,20.0,,,,,
2026-09-26T22:04:06.172049+00:00,open,,ARBUSDT,Supertrend+ADX,long,,,0.22615,,0.21757591452122,0.2390111282181699,0.2518722564363398,132.6553,30.0,,,,,
2026-09-26T22:04:08.098145+00:00,open,,ARBUSDT,ICT/SMC v2,long,,,0.22615,,0.222024611354147,0.2323380829687794,0.2385261659375588,88.4368,20.0,,,,,
2026-09-26T22:09:12.133983+00:00,close,,NEARUSDT,ICT/SMC v2,short,,,4.897349999999999,5.013697517139045,,,,2.0,,-0.2326950342780911,3213.9427872555902,SL,,
2026-09-26T22:09:15.174317+00:00,open,,NEARUSDT,Supertrend+ADX,long,,,4.99835,,4.727331388780764,5.404877916828855,5.811405833657708,6.0,30.0,,,,,
2026-09-26T22:10:14.111915+00:00,open,,POLUSDT,ICT/SMC v2,long,,,0.1197999999999999,,0.1180958479973805,0.1223562280039291,0.1249124560078581,166.9449,20.0,,,,,
2026-09-26T22:20:07.505284+00:00,close,,BLURUSDT,ICT/SMC v2,short,,,0.0212,0.0212,,,,471.6981,,-0.0,3213.9427872555902,SL,,
2026-09-26T22:25:40.301294+00:00,open,,SUSDT,ICT/SMC v2,short,,,0.03995,,0.0406051371769312,0.0389672942346031,0.0379845884692063,500.6,20.0,,,,,
2026-09-26T22:34:59.085392+00:00,open,,BIGTIMEUSDT,ICT/SMC v2,long,,,0.009075,,0.0089700710172898,0.0092323934740652,0.0093897869481305,2203.85,20.0,,,,,
2026-09-26T22:49:40.165922+00:00,close,,BANANAUSDT,ICT/SMC v2,short,,,4.2,4.2776868420766725,,,,2.3809,,-0.1849646023003491,3213.75782265329,SL,,
2026-09-26T22:49:40.583471+00:00,close,,BANANAUSDT,ICT/SMC v2,short,,,4.2,4.2776868420766725,,,,2.381,,-0.1849723709845567,3213.5728502823054,SL,,
2026-09-26T22:50:32.353252+00:00,open,,CATIUSDT,ICT/SMC v2,long,,,0.066075,,0.0654610778000315,0.0669958832999527,0.0679167665999054,302.6,20.0,,,,,
2026-09-26T22:52:12.600708+00:00,close,,GMXUSDT,ICT/SMC v2,short,,,8.1202,8.198147320775856,,,,1.2314,,-0.0959843308033886,3213.476865951502,SL,,
2026-09-26T22:52:22.827127+00:00,open,,GTCUSDT,Supertrend+ADX,long,,,0.09085,,0.0895006366013287,0.0928740450980068,0.0948980901960137,330.2146,30.0,,,,,
2026-09-26T22:52:41.496701+00:00,open,,IDUSDT,Supertrend+ADX,long,,,0.0399,,0.0389279411299011,0.0413580883051483,0.0428161766102967,751.87,30.0,,,,,
2026-09-26T23:06:42.383878+00:00,close,,ETHUSDT,ICT/SMC v2,short,,,2684.715,2694.351445800625,,,,0.003724,,-0.0358861241615261,3213.4409798273405,SL,,
2026-09-26T23:06:42.805148+00:00,close,,ETHUSDT,ICT/SMC v2,short,,,2684.715,2694.351445800625,,,,0.003725,,-0.0358957606073267,3213.4050840667333,SL,,
2026-09-26T23:07:45.282837+00:00,open,,INITUSDT,ICT/SMC v2,short,,,0.09325,,0.0942207711823978,0.0917938432264031,0.0903376864528063,214.4772,20.0,,,,,
2026-09-26T23:08:34.080599+00:00,open,,LUNCUSDT,ICT/SMC v2,short,,,5.496e-05,,5.5414415598792165e-05,5.4278376601811765e-05,5.359675320362353e-05,363901.0,20.0,,,,,
2026-09-26T23:12:31.742493+00:00,close,,WOOUSDT,ICT/SMC v2,short,,,0.013215,0.0133252395588296,,,,756.715,,-0.0834199277597752,3213.3216641389736,SL,,
2026-09-26T23:12:32.273538+00:00,close,,WOOUSDT,ICT/SMC v2,short,,,0.013215,0.0133252395588296,,,,756.716,,-0.083420037999334,3213.238244100974,SL,,
2026-09-26T23:19:28.304456+00:00,open,,AVAXUSDT,Supertrend+ADX,long,,,10.8445,,10.536707310654842,11.306189034017738,11.767878068035474,2.76,30.0,,,,,
2026-09-26T23:21:31.804431+00:00,close,,EGLDUSDT,ICT/SMC v2,short,,,4.605,4.673873904575981,,,,2.171,,-0.1495252468344532,3213.0887188541396,SL,,
2026-09-26T23:21:32.194591+00:00,close,,EGLDUSDT,ICT/SMC v2,short,,,4.605,4.673873904575981,,,,2.172,,-0.1495941207390292,3212.9391247334006,SL,,
2026-09-26T23:21:37.690957+00:00,open,,EIGENUSDT,ICT/SMC v2,short,,,0.2717,,0.2772942196720433,0.263308670491935,0.25491734098387,73.61,20.0,,,,,
2026-09-26T23:22:53.760789+00:00,close,,IDUSDT,ICT/SMC v2,short,,,0.03955,0.0399521163800271,,,,252.84,,-0.1016711055260557,3212.8374536278748,SL,,
2026-09-26T23:23:30.303890+00:00,open,,KSMUSDT,Supertrend+ADX,long,,,4.8,,4.701015455990042,4.948476816014937,5.096953632029874,6.25,30.0,,,,,
2026-09-26T23:24:03.103794+00:00,close,,MASKUSDT,ICT/SMC v2,short,,,0.4745,0.4789065491402694,,,,21.07481,,-0.0928671858868419,3212.7445864419883,SL,,
2026-09-26T23:24:03.510718+00:00,close,,MASKUSDT,ICT/SMC v2,short,,,0.4745,0.4789065491402694,,,,21.07482,,-0.0928672299523332,3212.651719212036,SL,,
2026-09-26T23:24:29.758543+00:00,open,,MINAUSDT,Supertrend+ADX,long,,,0.144805,,0.1403130955632977,0.1515428566550534,0.1582807133101069,207.1,30.0,,,,,
2026-09-26T23:26:48.212020+00:00,open,,SLPUSDT,ICT/SMC v2,long,,,0.000703,,0.0006971388106238,0.0007117917840642,0.0007205835681284,28449.5,20.0,,,,,
2026-09-26T23:28:19.073393+00:00,open,,ZECUSDT,ICT/SMC v2,long,,,1649.5929999999998,,1615.4565184756666,1700.7977222864995,1752.002444573,0.01212,20.0,,,,,
2026-09-26T23:34:07.737916+00:00,close,,ARBUSDT,ICT/SMC v2,long,,,0.22615,0.222024611354147,,,,44.2184,,-0.1824180852977846,3212.4693011267386,SL,,
2026-09-26T23:35:47.120846+00:00,close,,CHRUSDT,ICT/SMC v2,short,,,0.0216325,0.0219254291060261,,,,462.26,,-0.1354094085516515,3212.3338917181864,SL,,
2026-09-26T23:35:47.672952+00:00,close,,CHRUSDT,ICT/SMC v2,short,,,0.0216325,0.0219254291060261,,,,462.27,,-0.1354123378427117,3212.198479380344,SL,,
2026-09-26T23:35:50.905295+00:00,open,,CHRUSDT,Supertrend+ADX,long,,,0.022069,,0.0215837965970422,0.0227968051044367,0.0235246102088734,1359.37,30.0,,,,,
2026-09-26T23:37:32.632401+00:00,open,,HBARUSDT,ICT/SMC v2,short,,,0.093605,,0.0944311488139713,0.092365776779043,0.091126553558086,213.6,20.0,,,,,
2026-09-26T23:40:42.746292+00:00,open,,RENDERUSDT,ICT/SMC v2,short,,,1.993,,2.024355577079316,1.945966634381027,1.898933268762054,10.03,20.0,,,,,
2026-09-26T23:50:04.122289+00:00,open,,BICOUSDT,ICT/SMC v2,short,,,0.0225,,0.0227500948958724,0.0221248576561913,0.0217497153123826,888.88888,20.0,,,,,
2026-09-27T00:10:23.816571+00:00,close,,PYTHUSDT,ICT/SMC v2,long,,,0.077225,0.0817772051794749,,,,129.49,,0.5894650486902152,3212.787944429034,TP2,,
2026-09-27T00:11:33.902666+00:00,close,,SUIUSDT,ICT/SMC v2,short,,,1.15215,1.168464641702704,,,,8.6794,,-0.1416013011944493,3212.6463431278394,SL,,
2026-09-27T00:18:52.922745+00:00,open,,ALTUSDT,ICT/SMC v2,short,,,0.0080749999999999,,0.0081633356252942,0.0079424965620585,0.0078099931241171,2476.7,20.0,,,,,
2026-09-27T00:20:02.041339+00:00,close,,BICOUSDT,ICT/SMC v2,short,,,0.0225,0.0227500948958724,,,,444.44444,,-0.1111532859428886,3212.5351898418967,SL,,
2026-09-27T00:20:53.946601+00:00,close,,COMPUSDT,Supertrend+ADX,long,,,23.825,23.825,,,,0.62959,,0.0,3212.535189841897,SL,,
2026-09-27T00:22:16.694958+00:00,close,,GRAMUSDT,ICT/SMC v2,long,,,1.5545,1.6131558273557938,,,,6.43293,,0.3773288314719064,3212.9125186733686,TP1,,
2026-09-27T00:33:29.430340+00:00,open,,AAVEUSDT,ICT/SMC v2,long,,,154.9675,,153.12328336716726,157.7338249492491,160.5001498984982,0.129,20.0,,,,,
2026-09-27T00:34:51.799180+00:00,open,,BERAUSDT,ICT/SMC v2,long,,,0.2359,,0.2333310670630162,0.2397533994054756,0.2436067988109512,84.7816,20.0,,,,,
2026-09-27T00:37:34.305566+00:00,open,,ILVUSDT,ICT/SMC v2,long,,,3.987,,3.935483731209117,4.064274403186325,4.141548806372652,5.0163,20.0,,,,,
2026-09-27T00:37:39.010731+00:00,close,,INITUSDT,ICT/SMC v2,short,,,0.09325,0.0942207711823978,,,,107.2386,,-0.1041041425206937,3212.808414530848,SL,,
2026-09-27T00:52:31.441083+00:00,close,,INJUSDT,ICT/SMC v2,short,,,7.709,7.841611576706988,,,,1.2971,,-0.1720104761466349,3212.636404054702,SL,,
2026-09-27T00:52:31.916867+00:00,close,,INJUSDT,ICT/SMC v2,short,,,7.709,7.841611576706988,,,,1.2972,,-0.1720237373043056,3212.464380317398,SL,,
2026-09-27T00:55:01.393131+00:00,close,,RAREUSDT,ICT/SMC v2,long,,,0.02148,0.0197871461505685,,,,465.5,,-0.7880234669103447,3211.676356850487,SL,,
2026-09-27T01:11:47.535941+00:00,close,,TRXUSDT,Supertrend+ADX,short,,,0.34135,0.3336921980208074,,,,43.9,,0.3361775068865518,3212.012534357373,TP2,,
2026-09-27T01:19:07.916057+00:00,open,,ARUSDT,ICT/SMC v2,long,,,4.721,,4.636263915891184,4.848104126163225,4.975208252326449,4.23,20.0,,,,,
2026-09-27T01:20:54.430284+00:00,open,,CRVUSDT,ICT/SMC v2,long,,,0.3470499999999999,,0.3425982924578776,0.3537275613131835,0.360405122626367,57.6,20.0,,,,,
2026-09-27T01:21:10.306529+00:00,close,,DOGSUSDT,ICT/SMC v2,long,,,5.0400000000000005e-05,5.220119596272149e-05,,,,198412.6,,0.3573799740730729,3212.369914331446,TP1,,
2026-09-27T01:21:17.522033+00:00,close,,DYDXUSDT,ICT/SMC v2,long,,,0.14055,0.1449016006735758,,,,71.14,,0.3095728719181816,3212.6794872033643,TP1,,
2026-09-27T01:21:19.842155+00:00,open,,DYDXUSDT,Supertrend+ADX,long,,,0.14495,,0.1389656292879039,0.153926556068144,0.162903112136288,206.96,30.0,,,,,
2026-09-27T01:21:47.149277+00:00,open,,ETHUSDT,ICT/SMC v2,long,,,2694.12,,2686.2155607213067,2705.9766589180394,2717.8333178360795,0.007423,20.0,,,,,
2026-09-27T01:23:04.579393+00:00,open,,JOEUSDT,Supertrend+ADX,long,,,0.0405,,0.0395953645665344,0.0418569531501983,0.0432139063003967,740.74074,30.0,,,,,
2026-09-27T01:23:39.405978+00:00,open,,MAGICUSDT,ICT/SMC v2,long,,,0.051,,0.0506378158222232,0.0515432762666651,0.0520865525333302,392.15686,20.0,,,,,
2026-09-27T01:24:28.465152+00:00,open,,NOTUSDT,Supertrend+ADX,long,,,0.000531,,0.0005137956795268,0.0005568064807097,0.0005826129614195,56497.1,30.0,,,,,
2026-09-27T01:25:21.239059+00:00,open,,PYTHUSDT,ICT/SMC v2,long,,,0.0823899999999999,,0.0800357451189063,0.0859213823216404,0.0894527646432809,242.74,20.0,,,,,
2026-09-27T01:25:45.758875+00:00,open,,RPLUSDT,ICT/SMC v2,short,,,2.084,,2.097136020852313,2.06429596872153,2.04459193744306,9.5969,20.0,,,,,
2026-09-27T01:26:58.839982+00:00,open,,TIAUSDT,ICT/SMC v2,short,,,0.4901999999999999,,0.496480611799404,0.4807790823008939,0.4713581646017878,40.7996,20.0,,,,,
2026-09-27T01:35:07.648466+00:00,open,,BONKUSDT,ICT/SMC v2,short,,,3.62045e-06,,3.6748228320133088e-06,3.538890751980037e-06,3.4573315039600745e-06,5524175.1,20.0,,,,,
2026-09-27T01:35:53.163714+00:00,open,,DOGSUSDT,Supertrend+ADX,long,,,5.34e-05,,4.9705551202749066e-05,5.89416731958764e-05,6.448334639175279e-05,561797.7,30.0,,,,,
2026-09-27T01:36:05.944359+00:00,open,,EDUUSDT,ICT/SMC v2,short,,,0.05165,,0.0521338964447353,0.0509241553328969,0.0501983106657939,387.22,20.0,,,,,
2026-09-27T01:38:43.475680+00:00,close,,MINAUSDT,ICT/SMC v2,short,,,0.142765,0.1451363048656686,,,,70.0,,-0.1659913405968027,3212.5134958627673,SL,,
2026-09-27T01:39:46.022404+00:00,close,,PROMUSDT,ICT/SMC v2,long,,,6.2745,6.132842739675645,,,,1.59,,-0.2252350439157235,3212.2882608188515,SL,,
2026-09-27T01:40:36.443784+00:00,open,,SHIBUSDT,ICT/SMC v2,short,,,5.88e-06,,5.943291781220028e-06,5.785062328169956e-06,5.690124656339913e-06,3401360.5,20.0,,,,,
2026-09-27T01:53:07.282960+00:00,open,,KERNELUSDT,ICT/SMC v2,short,,,0.05415,,0.0546541720710318,0.0533937418934522,0.0526374837869045,369.3444,20.0,,,,,
2026-09-27T01:55:21.461358+00:00,close,,RENDERUSDT,ICT/SMC v2,short,,,1.993,2.024355577079316,,,,5.01,,-0.1570914411673704,3212.1311693776843,SL,,
2026-09-27T01:55:22.001252+00:00,close,,RENDERUSDT,ICT/SMC v2,short,,,1.993,2.024355577079316,,,,5.02,,-0.1574049969381636,3211.973764380746,SL,,
2026-09-27T01:56:25.843546+00:00,open,,SUNUSDT,ICT/SMC v2,short,,,0.01709,,0.0171435804836576,0.0170096292745135,0.0169292585490271,1170.2,20.0,,,,,
2026-09-27T01:57:12.168123+00:00,open,,WUSDT,ICT/SMC v2,long,,,0.0133,,0.0129213968197793,0.0138679047703309,0.0144358095406619,1503.7,20.0,,,,,
2026-09-27T02:03:49.211021+00:00,close,,AMPUSDT,ICT/SMC v2,long,,,0.0007199999999999,0.0007199999999999,,,,13888.9,,0.0,3211.973764380746,SL,,
2026-09-27T02:05:13.762251+00:00,close,,BTCUSDT,ICT/SMC v2,long,,,84080.245,84556.38178206982,,,,0.000118,,0.0561841402842389,3212.0299485210303,TP1,,
2026-09-27T02:08:22.426824+00:00,close,,LUNCUSDT,ICT/SMC v2,short,,,5.496e-05,5.5414415598792165e-05,,,,181950.5,,-0.0826811454080333,3211.9472673756222,SL,,
2026-09-27T02:10:32.390786+00:00,open,,ROSEUSDT,Supertrend+ADX,long,,,0.00891,,0.0086638098720415,0.0092792851919377,0.0096485703838754,3367.0,30.0,,,,,
2026-09-27T02:12:29.053941+00:00,open,,XRPUSDT,ICT/SMC v2,short,,,1.5261399999999998,,1.5368777692305386,1.5100333461541915,1.4939266923083838,13.1,20.0,,,,,
2026-09-27T02:23:07.204885+00:00,open,,KNCUSDT,Supertrend+ADX,long,,,0.14605,,0.1444049830225706,0.148517525466144,0.150985050932288,205.4091,30.0,,,,,
2026-09-27T02:23:22.910133+00:00,open,,LPTUSDT,Supertrend+ADX,long,,,1.77115,,1.720498901312517,1.8471266480312245,1.923103296062449,16.9381,30.0,,,,,
2026-09-27T02:25:26.985201+00:00,close,,RAYUSDT,ICT/SMC v2,long,,,2.0532000000000004,2.109308978112384,,,,4.8,,0.2693230949394412,3212.2165904705616,TP1,,
2026-09-27T02:25:38.505256+00:00,open,,RENDERUSDT,Supertrend+ADX,long,,,2.023,,1.968102399560748,2.105346400658878,2.1876928013177563,14.82,30.0,,,,,
2026-09-27T02:33:26.679475+00:00,open,,1INCHUSDT,ICT/SMC v2,short,,,0.102445,,0.1031683149739236,0.1013600275391145,0.100275055078229,195.22,20.0,,,,,
2026-09-27T02:42:03.495990+00:00,open,,TRBUSDT,ICT/SMC v2,short,,,20.053,,20.237352441310342,19.77647133803449,19.499942676068976,0.9973,20.0,,,,,
2026-09-27T02:42:33.002784+00:00,open,,WLDUSDT,ICT/SMC v2,short,,,0.5272,,0.5384062705020406,0.5103905942469391,0.4935811884938782,37.9,20.0,,,,,
2026-09-27T02:49:45.936749+00:00,open,,BANANAUSDT,Supertrend+ADX,long,,,4.32,,4.217944265644428,4.473083601533359,4.626167203066717,6.9444,30.0,,,,,
2026-09-27T02:50:52.116926+00:00,open,,CFXUSDT,ICT/SMC v2,long,,,0.0562145,,0.055614586618016,0.0571143700729759,0.0580142401459518,355.78,20.0,,,,,
2026-09-27T02:51:04.817139+00:00,open,,COMPUSDT,Supertrend+ADX,long,,,24.365,,23.870568050993445,25.106647923509836,25.84829584701966,1.23127,30.0,,,,,
2026-09-27T02:53:44.577065+00:00,open,,LQTYUSDT,ICT/SMC v2,long,,,0.23735,,0.2339217520625311,0.2424923719062032,0.2476347438124065,84.263,20.0,,,,,
2026-09-27T02:55:09.898309+00:00,open,,PENDLEUSDT,ICT/SMC v2,long,,,2.57525,,2.544152408879917,2.6218963866801244,2.6685427733602483,7.7,20.0,,,,,
2026-09-27T03:04:59.729136+00:00,open,,BEAMXUSDT,ICT/SMC v2,long,,,0.00217,,0.0021416947038907,0.0022124579441639,0.0022549158883278,9216.5,20.0,,,,,
2026-09-27T03:05:06.250728+00:00,close,,BIGTIMEUSDT,Supertrend+ADX,long,,,0.008695,0.0092404446887662,,,,1725.12,,0.9409575414844716,3213.157548012046,TP1,,
2026-09-27T03:05:07.928290+00:00,close,,BIGTIMEUSDT,ICT/SMC v2,long,,,0.009075,0.0092323934740652,,,,1101.92,,0.1734350169420063,3213.330983028988,TP1,,
2026-09-27T03:07:51.682875+00:00,open,,IOTAUSDT,ICT/SMC v2,long,,,0.05045,,0.0497791061532915,0.0514563407700626,0.0524626815401252,396.43,20.0,,,,,
2026-09-27T03:08:42.239914+00:00,close,,MAGICUSDT,ICT/SMC v2,long,,,0.051,0.0515432762666651,,,,196.07843,,0.1065247574239613,3213.437507786412,TP1,,
2026-09-27T03:08:42.940214+00:00,close,,MAGICUSDT,ICT/SMC v2,long,,,0.051,0.051,,,,196.07843,,0.0,3213.437507786412,SL,,
2026-09-27T03:09:20.666574+00:00,close,,MTLUSDT,ICT/SMC v2,long,,,0.3514,0.3457112215517818,,,,28.4575,,-0.1618884126901691,3213.275619373722,SL,,
2026-09-27T03:09:21.030792+00:00,close,,MTLUSDT,ICT/SMC v2,long,,,0.3514,0.3457112215517818,,,,28.4576,,-0.1618889815680139,3213.1137303921537,SL,,
2026-09-27T03:09:36.387793+00:00,close,,NOTUSDT,Supertrend+ADX,long,,,0.000531,0.0005137956795268,,,,28248.5,,-0.485996246886645,3212.627734145267,SL,,
2026-09-27T03:09:36.784687+00:00,close,,NOTUSDT,Supertrend+ADX,long,,,0.000531,0.0005137956795268,,,,28248.6,,-0.4859979673186923,3212.141736177948,SL,,
2026-09-27T03:10:21.391868+00:00,open,,PORTALUSDT,ICT/SMC v2,long,,,0.017835,,0.0176712010340573,0.018080698448914,0.018326396897828,1121.3,20.0,,,,,
2026-09-27T03:10:45.360705+00:00,open,,RENDERUSDT,ICT/SMC v2,long,,,1.9945,,1.963288064167384,2.0413179037489244,2.0881358074978493,10.02,20.0,,,,,
2026-09-27T03:11:00.405002+00:00,open,,RUNEUSDT,ICT/SMC v2,long,,,0.79355,,0.7629527837744448,0.8394458243383328,0.8853416486766658,25.2,20.0,,,,,
2026-09-27T03:25:22.289262+00:00,open,,ORDIUSDT,ICT/SMC v2,long,,,4.79505,,4.733136443113536,4.887920335329696,4.980790670659391,4.17,20.0,,,,,
2026-09-27T03:28:12.188455+00:00,close,,WUSDT,ICT/SMC v2,long,,,0.0133,0.0138679047703309,,,,751.8,,0.4269508063348403,3212.568686984283,TP1,,
2026-09-27T03:40:18.374663+00:00,open,,PROMUSDT,ICT/SMC v2,short,,,6.093,,6.202509002934934,5.928736495597598,5.7644729911951975,3.28,20.0,,,,,
2026-09-27T03:49:00.672964+00:00,close,,API3USDT,ICT/SMC v2,short,,,0.2783,0.2817003482445219,,,,35.9324,,-0.1221826732614607,3212.4465043110217,SL,,
2026-09-27T03:50:08.645180+00:00,open,,BLURUSDT,ICT/SMC v2,long,,,0.02115,,0.0209662383460025,0.0214256424809961,0.0217012849619923,945.6264,20.0,,,,,
2026-09-27T03:51:34.780722+00:00,close,,ERAUSDT,ICT/SMC v2,long,,,0.06795,0.0709358962604861,,,,147.167,,0.4394253949669711,3212.8859297059885,TP2,,
2026-09-27T03:52:11.755213+00:00,close,,GRAMUSDT,ICT/SMC v2,long,,,1.5545,1.5545,,,,6.43293,,0.0,3212.8859297059885,SL,,
2026-09-27T03:56:17.997331+00:00,close,,SLPUSDT,ICT/SMC v2,long,,,0.000703,0.0006971388106238,,,,14224.7,,-0.0833736605189653,3212.8025560454694,SL,,
2026-09-27T03:56:18.354653+00:00,close,,SLPUSDT,ICT/SMC v2,long,,,0.000703,0.0006971388106238,,,,14224.8,,-0.0833742466379029,3212.7191817988314,SL,,
2026-09-27T04:04:55.369791+00:00,close,,BERAUSDT,ICT/SMC v2,long,,,0.2359,0.2333310670630162,,,,42.3908,,-0.1088991223450901,3212.6102826764863,SL,,
2026-09-27T04:05:38.155861+00:00,close,,CFXUSDT,ICT/SMC v2,long,,,0.0562145,0.055614586618016,,,,177.89,,-0.1067185915211252,3212.5035640849646,SL,,
2026-09-27T04:07:56.102247+00:00,close,,JOEUSDT,Supertrend+ADX,long,,,0.0405,0.0395953645665344,,,,370.37037,,-0.3350501602077612,3212.1685139247575,SL,,
2026-09-27T04:08:43.156030+00:00,open,,MANAUSDT,ICT/SMC v2,short,,,0.09015,,0.0909689787543814,0.0889215318684279,0.0876930637368558,221.8,20.0,,,,,
2026-09-27T04:09:20.624505+00:00,open,,MTLUSDT,ICT/SMC v2,short,,,0.34195,,0.3452076458310982,0.3370635312533527,0.3321770625067055,58.488,20.0,,,,,
2026-09-27T04:19:03.694133+00:00,open,,API3USDT,ICT/SMC v2,long,,,0.28235,,0.2794729828317107,0.2866655257524339,0.2909810515048677,70.834,20.0,,,,,
2026-09-27T04:19:15.435321+00:00,close,,ARKUSDT,ICT/SMC v2,long,,,0.24895,0.24895,,,,40.1,,0.0,3212.1685139247575,SL,,
2026-09-27T04:19:22.081426+00:00,open,,ARPAUSDT,ICT/SMC v2,long,,,0.011383,,0.0113042515897195,0.0115011226154206,0.0116192452308412,1757.0,20.0,,,,,
2026-09-27T04:19:47.589983+00:00,close,,BANDUSDT,Supertrend+ADX,long,,,0.2195,0.2313259090006187,,,,68.33713,,0.8081486807434537,3212.976662605501,TP2,,
2026-09-27T04:20:51.687294+00:00,close,,COMPUSDT,ICT/SMC v2,long,,,23.775,24.879074023480864,,,,0.42061,,0.464384575016287,3213.441047180517,TP2,,
2026-09-27T04:21:53.218450+00:00,open,,FIDAUSDT,ICT/SMC v2,long,,,0.0220199999999999,,0.0218683923719342,0.0222474114420985,0.0224748228841971,908.265,20.0,,,,,
2026-09-27T04:22:52.703283+00:00,open,,IOUSDT,ICT/SMC v2,long,,,0.1675499999999999,,0.1656631911544172,0.1703802132683741,0.1732104265367482,119.36,20.0,,,,,
2026-09-27T04:23:40.675163+00:00,open,,MAGICUSDT,ICT/SMC v2,long,,,0.0515,,0.0511109656930746,0.052083551460388,0.052667102920776,388.34951,20.0,,,,,
2026-09-27T04:24:27.886414+00:00,open,,NMRUSDT,ICT/SMC v2,long,,,9.6485,,9.569744929419963,9.766632605870054,9.884765211740108,2.0728,20.0,,,,,
2026-09-27T04:26:41.100918+00:00,open,,STXUSDT,ICT/SMC v2,long,,,0.3477,,0.3420728712633468,0.3561406931049798,0.3645813862099598,57.5,20.0,,,,,
2026-09-27T04:27:00.893656+00:00,open,,TAOUSDT,ICT/SMC v2,long,,,320.01,,315.9690464726069,326.0714302910896,332.13286058217926,0.0624,20.0,,,,,
2026-09-27T04:27:47.114632+00:00,open,,WOOUSDT,ICT/SMC v2,long,,,0.0133099999999999,,0.0132067716275894,0.0134648425586157,0.0136196851172315,1502.629,20.0,,,,,
2026-09-27T04:34:53.435188+00:00,open,,BICOUSDT,Supertrend+ADX,short,,,0.0225,,0.0229253746216184,0.0218619380675723,0.0212238761351446,1333.33333,30.0,,,,,
2026-09-27T04:35:06.494422+00:00,close,,BOMEUSDT,ICT/SMC v2,short,,,0.0010604,0.0010140947864994,,,,9430.4,,0.4366766853954771,3213.8777238659122,TP1,,
2026-09-27T04:35:42.914230+00:00,close,,COMPUSDT,Supertrend+ADX,long,,,24.365,25.106647923509836,,,,0.61563,,0.4565807111503593,3214.334304577063,TP1,,
2026-09-27T04:36:41.730035+00:00,open,,ETHFIUSDT,ICT/SMC v2,short,,,0.72115,,0.7301891149872652,0.7075913275191021,0.6940326550382044,27.7,20.0,,,,,
2026-09-27T04:37:35.543718+00:00,close,,IMXUSDT,ICT/SMC v2,short,,,0.1669,0.1691061012693736,,,,59.9161,,-0.1321809842659202,3214.202123592797,SL,,
2026-09-27T04:38:31.773252+00:00,close,,MAGICUSDT,ICT/SMC v2,long,,,0.0515,0.0511109656930746,,,,194.17475,,-0.0755406392886557,3214.126582953508,SL,,
2026-09-27T04:38:32.151959+00:00,close,,MAGICUSDT,ICT/SMC v2,long,,,0.0515,0.0511109656930746,,,,194.17476,,-0.0755406431789987,3214.051042310329,SL,,
2026-09-27T04:40:08.389146+00:00,open,,POLYXUSDT,ICT/SMC v2,short,,,0.0453,,0.045643615442201,0.0447845768366984,0.0442691536733969,441.5,20.0,,,,,
2026-09-27T04:42:36.947366+00:00,close,,XLMUSDT,ICT/SMC v2,short,,,0.216804,0.2134385806027348,,,,46.1,,0.1551458342139232,3214.206188144543,TP1,,
2026-09-27T04:42:40.284967+00:00,close,,XRPUSDT,ICT/SMC v2,short,,,1.5261399999999998,1.5100333461541915,,,,6.5,,0.1046932499977527,3214.3108813945405,TP1,,
2026-09-27T04:49:03.032286+00:00,close,,ARUSDT,ICT/SMC v2,long,,,4.721,4.636263915891184,,,,2.11,,-0.1787931374696023,3214.132088257071,SL,,
2026-09-27T04:49:03.514258+00:00,close,,ARUSDT,ICT/SMC v2,long,,,4.721,4.636263915891184,,,,2.12,,-0.1796404983106905,3213.95244775876,SL,,
2026-09-27T04:49:41.022760+00:00,open,,BANDUSDT,ICT/SMC v2,long,,,0.2285,,0.2259786267424522,0.2322820598863216,0.2360641197726433,87.52735,20.0,,,,,
2026-09-27T04:49:52.226990+00:00,close,,BEAMXUSDT,ICT/SMC v2,long,,,0.00217,0.0021416947038907,,,,4608.2,,-0.1304364655308183,3213.8220112932295,SL,,
2026-09-27T04:49:52.801085+00:00,close,,BEAMXUSDT,ICT/SMC v2,long,,,0.00217,0.0021416947038907,,,,4608.3,,-0.1304392960604292,3213.691571997169,SL,,
2026-09-27T04:50:31.221595+00:00,close,,CATIUSDT,ICT/SMC v2,long,,,0.066075,0.0654610778000315,,,,151.3,,-0.0928864288552303,3213.5986855683136,SL,,
2026-09-27T04:50:50.287272+00:00,close,,CKBUSDT,ICT/SMC v2,long,,,0.0014135,0.0014135,,,,7074.64,,0.0,3213.598685568314,SL,,
2026-09-27T04:50:56.485205+00:00,close,,CRVUSDT,ICT/SMC v2,long,,,0.3470499999999999,0.3425982924578776,,,,28.8,,-0.1282091772131244,3213.4704763911004,SL,,
2026-09-27T04:51:40.805916+00:00,open,,ERAUSDT,ICT/SMC v2,long,,,0.07155,,0.0705407911671043,0.0730638132493434,0.0745776264986868,279.5248,20.0,,,,,
2026-09-27T04:54:38.499233+00:00,close,,OGNUSDT,Supertrend+ADX,long,,,0.0215749999999999,0.0207690936290797,,,,695.249,,-0.5603055984759098,3212.910170792624,SL,,
2026-09-27T05:06:58.614101+00:00,open,,FLOWUSDT,ICT/SMC v2,long,,,0.0335499999999999,,0.0329438359087408,0.0344592461368887,0.0353684922737774,596.12,20.0,,,,,
2026-09-27T05:08:04.813233+00:00,close,,KNCUSDT,ICT/SMC v2,short,,,0.14555,0.1464768539051716,,,,68.7049,,-0.063679404869423,3212.846491387754,SL,,
2026-09-27T05:08:12.405389+00:00,open,,LAYERUSDT,ICT/SMC v2,long,,,0.0829999999999999,,0.0821711804813611,0.0842432292779583,0.0854864585559166,240.9638,20.0,,,,,
2026-09-27T05:08:24.039320+00:00,close,,LQTYUSDT,ICT/SMC v2,long,,,0.23735,0.2424923719062032,,,,42.131,,0.2166532707802494,3213.0631446585344,TP1,,
2026-09-27T05:08:35.833912+00:00,close,,MANAUSDT,ICT/SMC v2,short,,,0.09015,0.0909689787543814,,,,110.9,,-0.090824743860896,3212.9723199146733,SL,,
2026-09-27T05:08:40.896403+00:00,close,,MANTAUSDT,ICT/SMC v2,short,,,0.07045,0.0711144344576724,,,,141.9,,-0.0942832495437261,3212.878036665129,SL,,
2026-09-27T05:10:04.719168+00:00,close,,POLYXUSDT,ICT/SMC v2,short,,,0.0453,0.045643615442201,,,,220.7,,-0.075835928093766,3212.802200737035,SL,,
2026-09-27T05:10:05.207312+00:00,close,,POLYXUSDT,ICT/SMC v2,short,,,0.0453,0.045643615442201,,,,220.8,,-0.0758702896379861,3212.7263304473972,SL,,
2026-09-27T05:11:05.744621+00:00,open,,SATSUSDT,ICT/SMC v2,long,,,1.27e-08,,1.2503323782893217e-08,1.2995014325660181e-08,1.3290028651320361e-08,1574803149.6,20.0,,,,,
2026-09-27T05:11:39.205326+00:00,close,,SUNUSDT,ICT/SMC v2,short,,,0.01709,0.0170096292745135,,,,585.1,,0.0470249114821189,3212.773355358879,TP1,,
2026-09-27T05:12:16.741964+00:00,open,,UMAUSDT,ICT/SMC v2,long,,,0.4255,,0.4210867190770532,0.4321199213844202,0.4387398427688403,47.0035,20.0,,,,,
2026-09-27T05:12:37.849608+00:00,close,,WOOUSDT,ICT/SMC v2,long,,,0.0133099999999999,0.0134648425586157,,,,751.314,,0.1163353820838528,3212.889690740963,TP1,,
2026-09-27T05:19:47.940411+00:00,open,,BBUSDT,ICT/SMC v2,short,,,0.01085,,0.0110713292735811,0.0105180060896282,0.0101860121792564,1843.3,20.0,,,,,
2026-09-27T05:20:03.798307+00:00,open,,BERAUSDT,Supertrend+ADX,long,,,0.2370999999999999,,0.2303036122139853,0.247294581679022,0.2574891633580439,126.5288,30.0,,,,,
2026-09-27T05:20:13.662146+00:00,close,,BIGTIMEUSDT,ICT/SMC v2,long,,,0.009075,0.0093897869481305,,,,1101.92,,0.3468700338840107,3213.236560774847,TP2,,
2026-09-27T05:21:31.267411+00:00,open,,DUSKUSDT,Supertrend+ADX,long,,,0.08988,,0.0879011691033357,0.0928482463449964,0.0958164926899928,333.7,30.0,,,,,
2026-09-27T05:22:07.359847+00:00,close,,ETHFIUSDT,ICT/SMC v2,short,,,0.72115,0.7301891149872652,,,,13.8,,-0.1247397868242609,3213.111820988023,SL,,
2026-09-27T05:23:14.107046+00:00,open,,INITUSDT,ICT/SMC v2,short,,,0.09345,,0.0942463208932948,0.0922555186600577,0.0910610373201155,214.0181,20.0,,,,,
2026-09-27T05:33:40.697576+00:00,open,,AEROUSDT,ICT/SMC v2,short,,,0.86215,,0.8731889818333037,0.8455915272500445,0.8290330545000889,23.19,20.0,,,,,
2026-09-27T05:34:41.121064+00:00,close,,BANDUSDT,ICT/SMC v2,long,,,0.2285,0.2322820598863216,,,,43.76367,,0.1655168207852173,3213.277337808808,TP1,,
2026-09-27T05:40:13.628781+00:00,close,,PROMUSDT,ICT/SMC v2,short,,,6.093,6.202509002934934,,,,1.64,,-0.179594764813292,3213.097743043995,SL,,
2026-09-27T05:40:21.040105+00:00,close,,PYTHUSDT,ICT/SMC v2,long,,,0.0823899999999999,0.0859213823216404,,,,121.37,,0.4286038723775064,3213.5263469163724,TP1,,
2026-09-27T05:40:25.634127+00:00,open,,RAREUSDT,Supertrend+ADX,long,,,0.0210549999999999,,0.0176841828385031,0.0261112257422453,0.0311674514844906,1424.8,30.0,,,,,
2026-09-27T05:40:48.391438+00:00,close,,RPLUSDT,ICT/SMC v2,short,,,2.084,2.097136020852313,,,,4.7984,,-0.0630318824577409,3213.4633150339146,SL,,
2026-09-27T05:40:48.803832+00:00,close,,RPLUSDT,ICT/SMC v2,short,,,2.084,2.097136020852313,,,,4.7985,,-0.0630331960598261,3213.400281837855,SL,,
2026-09-27T05:41:39.510137+00:00,close,,STXUSDT,ICT/SMC v2,long,,,0.3477,0.3561406931049798,,,,28.7,,0.2422478921129219,3213.6425297299675,TP1,,
2026-09-27T05:42:38.343777+00:00,close,,WUSDT,ICT/SMC v2,long,,,0.0133,0.0144358095406619,,,,751.9,,0.8540151936237468,3214.4965449235915,TP2,,
2026-09-27T05:49:10.154099+00:00,open,,ARBUSDT,ICT/SMC v2,long,,,0.22725,,0.2227337825677487,0.2340243261483768,0.2407986522967536,88.0088,20.0,,,,,
2026-09-27T05:49:14.818861+00:00,open,,ARKMUSDT,Supertrend+ADX,long,,,0.1389,,0.135676369623293,0.1437354455650604,0.1485708911301208,215.9,30.0,,,,,
2026-09-27T05:50:56.649503+00:00,open,,COMPUSDT,ICT/SMC v2,long,,,24.77,,24.28528067661498,25.49707898507753,26.22415797015505,0.80742,20.0,,,,,
2026-09-27T05:51:28.837899+00:00,open,,DYMUSDT,ICT/SMC v2,short,,,0.0206,,0.0209086036381973,0.020137094542704,0.019674189085408,970.8,20.0,,,,,
2026-09-27T05:51:52.159108+00:00,close,,ETHUSDT,ICT/SMC v2,long,,,2694.12,2705.9766589180394,,,,0.003711,,0.0440000612448447,3214.5405449848363,TP1,,
2026-09-27T05:55:39.154387+00:00,close,,RENDERUSDT,ICT/SMC v2,long,,,1.9945,2.0413179037489244,,,,5.01,,0.2345576977821116,3214.7751026826186,TP1,,
2026-09-27T05:56:14.223590+00:00,open,,SEIUSDT,Supertrend+ADX,long,,,0.0736999999999999,,0.0716165952095136,0.0768251071857295,0.079950214371459,407.0,30.0,,,,,
2026-09-27T05:56:36.292930+00:00,open,,STRKUSDT,Supertrend+ADX,long,,,0.0409999999999999,,0.0399631688074666,0.0425552467887999,0.0441104935775999,731.7,30.0,,,,,
2026-09-27T05:56:39.409807+00:00,close,,STXUSDT,Supertrend+ADX,long,,,0.33145,0.3583177651190146,,,,45.3,,1.2171097598913596,3215.99221244251,TP2,,
2026-09-27T06:04:33.945651+00:00,close,,AXLUSDT,ICT/SMC v2,short,,,0.053,0.0535463884331331,,,,188.67,,-0.1030871056792286,3215.8891253368306,SL,,
2026-09-27T06:04:34.468949+00:00,close,,AXLUSDT,ICT/SMC v2,short,,,0.053,0.0535463884331331,,,,188.68,,-0.1030925695635599,3215.7860327672674,SL,,
2026-09-27T06:06:46.371211+00:00,close,,ERAUSDT,ICT/SMC v2,long,,,0.07155,0.0705407911671043,,,,139.7624,,-0.1410494485866895,3215.6449833186803,SL,,
2026-09-27T06:07:23.498604+00:00,open,,GMXUSDT,Supertrend+ADX,long,,,8.20015,,8.046972276333545,8.429916585499686,8.65968317099937,3.6584,30.0,,,,,
2026-09-27T06:09:17.243796+00:00,close,,NEARUSDT,Supertrend+ADX,long,,,4.99835,5.404877916828855,,,,3.0,,1.2195837504865628,3216.8645670691662,TP1,,
2026-09-27T06:10:15.681393+00:00,open,,PUMPUSDT,ICT/SMC v2,short,,,0.004427,,0.0044966163201971,0.0043225755197042,0.0042181510394084,4517.73,20.0,,,,,
2026-09-27T06:11:00.775566+00:00,close,,SAGAUSDT,ICT/SMC v2,short,,,0.0332,0.0292199609741398,,,,301.2,,1.1987877545890924,3218.0633548237556,TP2,,
2026-09-27T06:11:43.397787+00:00,close,,SUNUSDT,ICT/SMC v2,short,,,0.01709,0.01709,,,,585.1,,-0.0,3218.0633548237556,SL,,
2026-09-27T06:11:59.009206+00:00,close,,TAOUSDT,ICT/SMC v2,long,,,320.01,326.0714302910896,,,,0.0312,,0.1891166250819957,3218.2524714488377,TP1,,
2026-09-27T06:12:01.752442+00:00,open,,TAOUSDT,Supertrend+ADX,long,,,325.055,,314.2074315656749,341.3263526514877,357.5977053029755,0.0922,30.0,,,,,
2026-09-27T06:12:26.305386+00:00,close,,UNIUSDT,Supertrend+ADX,long,,,9.2537,9.908952829397888,,,,1.62,,1.0615095836245758,3219.313981032462,TP1,,
2026-09-27T06:12:28.462575+00:00,close,,UNIUSDT,ICT/SMC v2,long,,,9.5659,9.97301360067928,,,,1.04,,0.4233981447064525,3219.7373791771693,TP2,,
2026-09-27T06:18:35.369856+00:00,close,,1INCHUSDT,ICT/SMC v2,short,,,0.102445,0.1031683149739236,,,,97.61,,-0.0706027746046891,3219.666776402564,SL,,
2026-09-27T06:18:41.086137+00:00,close,,AAVEUSDT,ICT/SMC v2,long,,,154.9675,157.7338249492491,,,,0.064,,0.177044796751943,3219.843821199316,TP1,,
2026-09-27T06:18:49.976991+00:00,open,,ADAUSDT,Supertrend+ADX,long,,,0.2549705,,0.2498709086269749,0.2626198870595376,0.2702692741190752,117.6,30.0,,,,,
2026-09-27T06:19:16.808686+00:00,close,,APTUSDT,ICT/SMC v2,short,,,0.84355,0.8596199494402775,,,,11.8546,,-0.1905028226347137,3219.653318376682,SL,,
2026-09-27T06:19:17.331600+00:00,close,,APTUSDT,ICT/SMC v2,short,,,0.84355,0.8596199494402775,,,,11.8547,,-0.1905044296296577,3219.462813947052,SL,,
2026-09-27T06:19:21.656034+00:00,open,,ARUSDT,Supertrend+ADX,long,,,4.8065,,4.6221400759252615,5.083039886112107,5.359579772224214,6.24,30.0,,,,,
2026-09-27T06:21:26.967139+00:00,open,,DOGEUSDT,Supertrend+ADX,long,,,0.09694955,,0.0954850646323759,0.099146278051436,0.101343006102872,309.4,30.0,,,,,
2026-09-27T06:21:56.392636+00:00,open,,EIGENUSDT,Supertrend+ADX,long,,,0.2764,,0.2648117731684907,0.2937823402472639,0.3111646804945278,108.53,30.0,,,,,
2026-09-27T06:23:15.295645+00:00,close,,IOUSDT,ICT/SMC v2,long,,,0.1675499999999999,0.1703802132683741,,,,59.68,,0.1689071278565678,3219.6317210749085,TP1,,
2026-09-27T06:23:39.129876+00:00,open,,KSMUSDT,ICT/SMC v2,long,,,4.859999999999999,,4.81292758083885,4.930608628741724,5.001217257483447,4.115226,20.0,,,,,
2026-09-27T06:28:04.105794+00:00,close,,WLDUSDT,ICT/SMC v2,short,,,0.5272,0.5384062705020406,,,,18.9,,-0.2117985124885672,3219.4199225624197,SL,,
2026-09-27T06:28:04.561294+00:00,close,,WLDUSDT,ICT/SMC v2,short,,,0.5272,0.5384062705020406,,,,19.0,,-0.2129191395387712,3219.207003422881,SL,,
2026-09-27T06:28:11.858795+00:00,close,,XLMUSDT,ICT/SMC v2,short,,,0.216804,0.216804,,,,46.1,,-0.0,3219.207003422881,SL,,
2026-09-27T06:28:14.498056+00:00,open,,XLMUSDT,Supertrend+ADX,long,,,0.2168505,,0.2132039371714711,0.2223203442427933,0.2277901884855866,138.3,30.0,,,,,
2026-09-27T06:28:25.825106+00:00,close,,ZKUSDT,ICT/SMC v2,short,,,0.01291,0.0130976670149761,,,,774.5,,-0.1453481030990466,3219.061655319782,SL,,
2026-09-27T06:34:24.915867+00:00,close,,AVAXUSDT,ICT/SMC v2,short,,,10.797,10.954020768173278,,,,0.92,,-0.1444591067194149,3218.9171962130627,SL,,
2026-09-27T06:34:25.311042+00:00,close,,AVAXUSDT,ICT/SMC v2,short,,,10.797,10.954020768173278,,,,0.93,,-0.1460293144011477,3218.7711668986617,SL,,
2026-09-27T06:35:36.009219+00:00,close,,CAKEUSDT,ICT/SMC v2,short,,,2.747,2.7644244402903504,,,,3.64,,-0.0634249626568758,3218.707741936005,SL,,
2026-09-27T06:37:09.703627+00:00,open,,FETUSDT,Supertrend+ADX,long,,,0.24555,,0.2384559418896426,0.2561910871655361,0.2668321743310722,122.174,30.0,,,,,
2026-09-27T06:39:29.015467+00:00,close,,METISUSDT,Supertrend+ADX,short,,,3.435,3.556665439806045,,,,4.366,,-0.5311913101931945,3218.1765506258116,SL,,
2026-09-27T06:39:29.430706+00:00,close,,METISUSDT,Supertrend+ADX,short,,,3.435,3.556665439806045,,,,4.367,,-0.5313129756330007,3217.6452376501784,SL,,
2026-09-27T06:39:46.715269+00:00,close,,NEOUSDT,ICT/SMC v2,short,,,2.6564,2.6811110864802745,,,,3.764,,-0.0930125295117529,3217.5522251206667,SL,,
2026-09-27T06:39:56.098525+00:00,close,,NMRUSDT,ICT/SMC v2,long,,,9.6485,9.766632605870054,,,,1.0364,,0.1224326327237237,3217.6746577533904,TP1,,
2026-09-27T06:40:10.652407+00:00,open,,ONDOUSDT,Supertrend+ADX,long,,,0.5421,,0.5281277991307914,0.563058301303813,0.5840166026076259,55.34,30.0,,,,,
2026-09-27T06:40:16.930530+00:00,close,,OPUSDT,ICT/SMC v2,short,,,0.14395,0.1459995014145707,,,,69.46,,-0.1423583682560802,3217.532299385134,SL,,
2026-09-27T06:40:17.348165+00:00,close,,OPUSDT,ICT/SMC v2,short,,,0.14395,0.1459995014145707,,,,69.47,,-0.142378863270226,3217.389920521864,SL,,
2026-09-27T06:40:29.643948+00:00,close,,PENDLEUSDT,ICT/SMC v2,long,,,2.57525,2.6218963866801244,,,,3.8,,0.1772562693844724,3217.567176791249,TP1,,
2026-09-27T06:42:37.645335+00:00,close,,THETAUSDT,ICT/SMC v2,short,,,0.23005,0.2330048709635775,,,,43.4,,-0.1282413998192668,3217.4389353914294,SL,,
2026-09-27T06:42:38.217574+00:00,close,,THETAUSDT,ICT/SMC v2,short,,,0.23005,0.2330048709635775,,,,43.5,,-0.1285368869156246,3217.3103985045136,SL,,
2026-09-27T06:42:44.351285+00:00,close,,TIAUSDT,ICT/SMC v2,short,,,0.4901999999999999,0.496480611799404,,,,20.3998,,-0.1281232245854835,3217.182275279928,SL,,
2026-09-27T06:43:22.330289+00:00,open,,WLDUSDT,Supertrend+ADX,long,,,0.5345,,0.5111303036179314,0.5695545445731028,0.6046090891462057,56.1,30.0,,,,,
2026-09-27T06:48:35.806524+00:00,close,,ADAUSDT,ICT/SMC v2,short,,,0.252298,0.2553863633593031,,,,39.6,,-0.1222991890284015,3217.0599760909,SL,,
2026-09-27T06:48:52.353525+00:00,open,,ALICEUSDT,Supertrend+ADX,long,,,0.15985,,0.1560120274985895,0.1656069587521157,0.1713639175042315,187.67,30.0,,,,,
2026-09-27T06:50:08.740254+00:00,open,,BERAUSDT,ICT/SMC v2,long,,,0.2385,,0.2358914717866885,0.2424127923199672,0.2463255846399344,83.8574,20.0,,,,,
2026-09-27T06:50:36.177842+00:00,close,,BONKUSDT,ICT/SMC v2,short,,,3.62045e-06,3.6748228320133088e-06,,,,2762087.5,,-0.1501825196435594,3216.9097935712557,SL,,
2026-09-27T06:51:00.302860+00:00,close,,CHRUSDT,Supertrend+ADX,long,,,0.022069,0.0227968051044367,,,,679.68,,0.4946745733835365,3217.404468144639,TP1,,
2026-09-27T06:51:13.323520+00:00,open,,CRVUSDT,Supertrend+ADX,long,,,0.3484,,0.3397490421680588,0.3613764367479117,0.3743528734958234,86.1,30.0,,,,,
2026-09-27T06:51:38.415919+00:00,close,,DOTUSDT,ICT/SMC v2,long,,,1.22375,1.2577581975859085,,,,8.17,,0.2778469742768729,3217.682315118916,TP1,,
2026-09-27T06:51:42.031678+00:00,close,,DUSKUSDT,ICT/SMC v2,short,,,0.091545,0.091545,,,,109.2,,-0.0,3217.682315118916,SL,,
2026-09-27T06:51:59.416630+00:00,close,,EIGENUSDT,ICT/SMC v2,short,,,0.2717,0.2772942196720433,,,,36.8,,-0.2058672839311942,3217.476447834985,SL,,
2026-09-27T06:51:59.732724+00:00,close,,EIGENUSDT,ICT/SMC v2,short,,,0.2717,0.2772942196720433,,,,36.81,,-0.2059232261279146,3217.2705246088567,SL,,
2026-09-27T06:52:25.132444+00:00,open,,ETHFIUSDT,ICT/SMC v2,long,,,0.74265,,0.7327885818335512,0.7574421272496732,0.7722342544993464,26.9,20.0,,,,,
2026-09-27T06:53:05.300746+00:00,close,,HBARUSDT,ICT/SMC v2,short,,,0.093605,0.0944311488139713,,,,106.8,,-0.0882326933321384,3217.1822919155247,SL,,
2026-09-27T06:53:52.767518+00:00,close,,KNCUSDT,Supertrend+ADX,long,,,0.14605,0.148517525466144,,,,102.7045,,0.2534259692375875,3217.4357178847627,TP1,,
2026-09-27T06:55:24.629337+00:00,open,,OPUSDT,ICT/SMC v2,long,,,0.14535,,0.1434146910938448,0.1482529633592328,0.1511559267184656,137.59,20.0,,,,,
2026-09-27T06:57:01.577933+00:00,open,,SKLUSDT,ICT/SMC v2,long,,,0.0046949999999999,,0.004644742111326,0.0047703868330109,0.0048457736660219,4259.85,20.0,,,,,
2026-09-27T06:58:12.242847+00:00,open,,VETUSDT,Supertrend+ADX,long,,,0.00937145,,0.0091113233522707,0.0097616399715939,0.0101518299431878,3201.2,30.0,,,,,
2026-09-27T07:04:08.808373+00:00,open,,APTUSDT,ICT/SMC v2,long,,,0.8586,,0.8459650168202739,0.8775524747695891,0.8965049495391783,23.2937,20.0,,,,,
2026-09-27T07:11:01.579462+00:00,close,,RAYUSDT,ICT/SMC v2,long,,,2.0532000000000004,2.1654179562247675,,,,4.8,,0.5386461898788824,3217.9743640746415,TP2,,
2026-09-27T07:12:26.896566+00:00,open,,SUNUSDT,ICT/SMC v2,short,,,0.0170999999999999,,0.0171495191791294,0.0170257212313058,0.0169514424626117,1169.5,20.0,,,,,
2026-09-27T07:13:23.365143+00:00,close,,WOOUSDT,ICT/SMC v2,long,,,0.0133099999999999,0.0136196851172315,,,,751.314,,0.2326707641677083,3218.2070348388092,TP2,,
2026-09-27T07:13:33.477536+00:00,close,,YGGUSDT,ICT/SMC v2,short,,,0.0278,0.028096379456219,,,,359.7122,,-0.1066113062313474,3218.1004235325777,SL,,
2026-09-27T07:19:04.991452+00:00,open,,ALTUSDT,Supertrend+ADX,long,,,0.008115,,0.0079598363826992,0.0083477454259511,0.0085804908519023,3696.8,30.0,,,,,
2026-09-27T07:19:32.743328+00:00,open,,ARPAUSDT,Supertrend+ADX,long,,,0.011433,,0.0113150620496651,0.0116099069255022,0.0117868138510045,2623.98,30.0,,,,,
2026-09-27T07:19:49.064975+00:00,open,,AXSUSDT,Supertrend+ADX,long,,,1.18405,,1.164729032847023,1.2130314507294655,1.242012901458931,25.33,30.0,,,,,
2026-09-27T07:20:20.197593+00:00,close,,BIGTIMEUSDT,Supertrend+ADX,long,,,0.008695,0.0097858893775325,,,,1725.13,,1.8819259918627187,3219.98234952444,TP2,,
2026-09-27T07:22:29.961958+00:00,close,,GALAUSDT,ICT/SMC v2,short,,,0.002234,0.0023019646783972,,,,4476.2,,-0.3042234934417008,3219.678126030998,SL,,
2026-09-27T07:22:30.415946+00:00,close,,GALAUSDT,ICT/SMC v2,short,,,0.002234,0.0023019646783972,,,,4476.3,,-0.3042302899095405,3219.3738957410887,SL,,
2026-09-27T07:22:33.705718+00:00,close,,GMTUSDT,ICT/SMC v2,long,,,0.00878,0.0089058193895853,,,,1138.9,,0.1432957027987701,3219.5171914438874,TP1,,
2026-09-27T07:23:35.141873+00:00,close,,KSMUSDT,ICT/SMC v2,long,,,4.859999999999999,4.930608628741724,,,,2.057613,,0.1452852324111459,3219.6624766762984,TP1,,
2026-09-27T07:26:07.451828+00:00,open,,RPLUSDT,ICT/SMC v2,long,,,2.1025,,2.0903057156914824,2.1207914264627767,2.139082852925553,9.5124,20.0,,,,,
2026-09-27T07:27:09.201102+00:00,close,,SUSHIUSDT,ICT/SMC v2,short,,,0.2693,0.2738467700088413,,,,37.133,,-0.1688352107383038,3219.49364146556,SL,,
2026-09-27T07:27:29.104532+00:00,open,,TIAUSDT,ICT/SMC v2,long,,,0.4984,,0.4927393513760036,0.5068909729359945,0.5153819458719889,40.1284,20.0,,,,,
2026-09-27T07:28:08.035229+00:00,open,,WIFUSDT,ICT/SMC v2,long,,,0.2455,,0.2424763716481494,0.2500354425277759,0.2545708850555518,81.46,20.0,,,,,
2026-09-27T07:28:19.734690+00:00,close,,XRPUSDT,ICT/SMC v2,short,,,1.5261399999999998,1.5261399999999998,,,,6.6,,-0.0,3219.49364146556,SL,,
2026-09-27T07:33:53.277956+00:00,close,,ALTUSDT,ICT/SMC v2,short,,,0.0080749999999999,0.0081633356252942,,,,1238.3,,-0.1093860048018897,3219.384255460758,SL,,
2026-09-27T07:33:59.574737+00:00,close,,APEUSDT,ICT/SMC v2,short,,,0.1538,0.1555860479553384,,,,65.01,,-0.1161109775765551,3219.2681444831815,SL,,
2026-09-27T07:33:59.931373+00:00,close,,APEUSDT,ICT/SMC v2,short,,,0.1538,0.1555860479553384,,,,65.02,,-0.1161288380561084,3219.152015645125,SL,,
2026-09-27T07:36:12.019890+00:00,close,,DOGEUSDT,ICT/SMC v2,short,,,0.096595,0.0974619208933008,,,,103.5,,-0.0897263124566372,3219.0622893326686,SL,,
2026-09-27T07:37:19.970393+00:00,open,,GALAUSDT,Supertrend+ADX,long,,,0.002322,,0.0022476134953896,0.0024335797569156,0.0025451595138312,12919.8,30.0,,,,,
2026-09-27T07:37:30.454989+00:00,close,,GRTUSDT,ICT/SMC v2,short,,,0.02745,0.0278451072178317,,,,364.2,,-0.1438980487343225,3218.9183912839344,SL,,
2026-09-27T07:37:30.836644+00:00,close,,GRTUSDT,ICT/SMC v2,short,,,0.02745,0.0278451072178317,,,,364.3,,-0.1439375594561057,3218.774453724479,SL,,
2026-09-27T07:38:23.258995+00:00,open,,JOEUSDT,Supertrend+ADX,long,,,0.0405,,0.039421376858865,0.0421179347117024,0.0437358694234049,740.74074,30.0,,,,,
2026-09-27T07:38:37.042476+00:00,close,,KSMUSDT,Supertrend+ADX,long,,,4.8,4.948476816014937,,,,3.125,,0.4639900500466781,3219.238443774525,TP1,,
2026-09-27T07:38:59.118440+00:00,close,,LQTYUSDT,ICT/SMC v2,long,,,0.23735,0.2476347438124065,,,,42.132,,0.4333168263043113,3219.671760600829,TP2,,
2026-09-27T07:39:30.710933+00:00,close,,MEMEUSDT,ICT/SMC v2,short,,,0.0006335,0.0006403137759153,,,,15785.3,,-0.1075574969558525,3219.5642031038733,SL,,
2026-09-27T07:40:10.529715+00:00,close,,ONDOUSDT,ICT/SMC v2,short,,,0.535175,0.5432092486427375,,,,18.68,,-0.1500797646463364,3219.414123339227,SL,,
2026-09-27T07:40:22.385331+00:00,close,,ORDIUSDT,ICT/SMC v2,long,,,4.79505,4.887920335329696,,,,2.085,,0.1936346491624161,3219.6077579883895,TP1,,
2026-09-27T07:41:02.908705+00:00,open,,RAREUSDT,ICT/SMC v2,long,,,0.02009,,0.0183959622272951,0.0226310566590572,0.0251721133181144,995.5,20.0,,,,,
2026-09-27T07:41:28.698753+00:00,open,,RSRUSDT,ICT/SMC v2,long,,,0.001799,,0.0017827827618158,0.0018233258572762,0.0018476517145524,11117.28,20.0,,,,,
2026-09-27T07:41:51.718295+00:00,close,,SEIUSDT,ICT/SMC v2,short,,,0.07425,0.07425,,,,134.7,,-0.0,3219.6077579883895,SL,,
2026-09-27T07:41:55.180463+00:00,close,,SHIBUSDT,ICT/SMC v2,short,,,5.88e-06,5.943291781220028e-06,,,,1700680.2,,-0.1076390791436339,3219.500118909246,SL,,
2026-09-27T07:41:55.604885+00:00,close,,SHIBUSDT,ICT/SMC v2,short,,,5.88e-06,5.943291781220028e-06,,,,1700680.3,,-0.107639085472812,3219.3924798237736,SL,,
2026-09-27T07:41:58.008924+00:00,open,,SHIBUSDT,Supertrend+ADX,long,,,5.97e-06,,5.845071370751291e-06,6.157392943873065e-06,6.344785887746129e-06,5025125.6,30.0,,,,,
2026-09-27T07:42:27.459740+00:00,close,,SUPERUSDT,ICT/SMC v2,long,,,0.2,0.2073712236995014,,,,50.0,,0.3685611849750733,3219.761041008748,TP1,,
2026-09-27T07:43:02.604476+00:00,close,,TURBOUSDT,ICT/SMC v2,short,,,0.00105255,0.0010671677287039,,,,9500.7,,-0.1388786550974057,3219.6221623536508,SL,,
2026-09-27T07:43:31.000036+00:00,open,,XLMUSDT,ICT/SMC v2,long,,,0.2183505,,0.2166058002951279,0.220967549557308,0.223584599114616,91.5,20.0,,,,,
2026-09-27T07:49:04.771644+00:00,close,,API3USDT,ICT/SMC v2,long,,,0.28235,0.2866655257524339,,,,35.417,,0.1528429755739526,3219.7750053292248,TP1,,
2026-09-27T07:49:36.975210+00:00,open,,AVNTUSDT,Supertrend+ADX,long,,,0.130125,,0.127401250918816,0.1342106236217759,0.1382962472435519,230.547,30.0,,,,,
2026-09-27T07:49:39.251690+00:00,close,,AXLUSDT,Supertrend+ADX,long,,,0.0534,0.0553427834999623,,,,280.89,,0.5457084573044331,3220.3207137865293,TP1,,
2026-09-27T07:50:19.379400+00:00,close,,BLURUSDT,ICT/SMC v2,long,,,0.02115,0.0214256424809961,,,,472.8132,,0.1303274034957496,3220.451041190025,TP1,,
2026-09-27T07:52:11.438089+00:00,close,,FIDAUSDT,ICT/SMC v2,long,,,0.0220199999999999,0.0222474114420985,,,,454.132,,0.1032748130231187,3220.554316003048,TP1,,
2026-09-27T07:52:41.189263+00:00,close,,GMXUSDT,Supertrend+ADX,long,,,8.20015,8.429916585499686,,,,1.8292,,0.4202890381960252,3220.9746050412446,TP1,,
2026-09-27T07:52:50.565853+00:00,close,,GTCUSDT,ICT/SMC v2,short,,,0.09045,0.0912459179842467,,,,110.5583,,-0.0879953392777409,3220.886609701967,SL,,
2026-09-27T07:53:02.488936+00:00,close,,HMSTRUSDT,ICT/SMC v2,short,,,0.0001783,0.0001801127635515,,,,56085.2,,-0.1016692063426959,3220.7849404956246,SL,,
2026-09-27T07:53:52.900768+00:00,close,,KERNELUSDT,ICT/SMC v2,short,,,0.05415,0.0546541720710318,,,,184.6722,,-0.0931065655360043,3220.6918339300883,SL,,
2026-09-27T07:56:49.604687+00:00,open,,SANDUSDT,Supertrend+ADX,long,,,0.045445,,0.0446446013482005,0.0466455979776992,0.0478461959553984,660.1,30.0,,,,,
2026-09-27T07:56:51.484252+00:00,close,,SATSUSDT,ICT/SMC v2,long,,,1.27e-08,1.2995014325660181e-08,,,,787401574.8,,0.2322947446133856,3220.9241286747015,TP1,,
2026-09-27T07:57:44.267169+00:00,close,,TAOUSDT,ICT/SMC v2,long,,,320.01,332.13286058217926,,,,0.0312,,0.3782332501639932,3221.3023619248656,TP2,,
2026-09-27T07:58:26.506955+00:00,close,,WIFUSDT,ICT/SMC v2,long,,,0.2455,0.2500354425277759,,,,40.73,,0.1847285741563115,3221.487090499022,TP1,,
2026-09-27T07:58:33.733730+00:00,close,,WOOUSDT,Supertrend+ADX,long,,,0.012875,0.0137690680658371,,,,1165.049,,1.0416331060355497,3222.5287236050576,TP2,,
2026-09-27T08:33:28.354374+00:00,open,,1INCHUSDT,ICT/SMC v2,long,,,0.103915,,0.1032420265630962,0.1049244601553556,0.1059339203107112,192.46,20.0,,,,,
2026-09-27T08:33:51.080101+00:00,open,,ALICEUSDT,ICT/SMC v2,long,,,0.1617,,0.1599531558584518,0.1643202662123221,0.1669405324246444,123.68,20.0,,,,,
2026-09-27T08:34:13.193301+00:00,close,,ARBUSDT,ICT/SMC v2,long,,,0.22725,0.2340243261483768,,,,44.0044,,0.2981001575636348,3222.826823762621,TP1,,
2026-09-27T08:34:31.662141+00:00,open,,AVAXUSDT,ICT/SMC v2,long,,,11.123,,10.953272919557042,11.37759062066444,11.632181241328878,1.79,20.0,,,,,
2026-09-27T08:35:59.192681+00:00,close,,BCHUSDT,Supertrend+ADX,short,,,337.14,345.28382510695536,,,,0.04449,,-0.3623187790084446,3222.464504983612,SL,,
2026-09-27T08:36:31.315517+00:00,close,,BONKUSDT,Supertrend+ADX,short,,,3.595e-06,3.752569207762165e-06,,,,4172461.7,,-0.6574514844869749,3221.8070534991257,SL,,
2026-09-27T08:36:31.636408+00:00,close,,BONKUSDT,Supertrend+ADX,short,,,3.595e-06,3.752569207762165e-06,,,,4172461.8,,-0.6574515002438955,3221.1496019988817,SL,,
2026-09-27T08:36:35.572328+00:00,close,,BTCUSDT,Supertrend+ADX,long,,,84193.58499999999,84783.46980472894,,,,0.000178,,0.1049994952417531,3221.2546014941236,TP1,,
2026-09-27T08:36:42.985866+00:00,open,,CATIUSDT,Supertrend+ADX,long,,,0.06638,,0.0653951202753463,0.0678573195869804,0.0693346391739608,451.9,30.0,,,,,
2026-09-27T08:36:47.455189+00:00,close,,CELRUSDT,Supertrend+ADX,short,,,0.003015,0.0030956742434065,,,,4975.1,,-0.4013624283717322,3220.853239065752,SL,,
2026-09-27T08:38:04.440329+00:00,close,,ETHUSDT,ICT/SMC v2,long,,,2694.12,2717.8333178360795,,,,0.003712,,0.0880238358075273,3220.9412629015596,TP2,,
2026-09-27T08:38:14.410950+00:00,close,,FIDAUSDT,ICT/SMC v2,long,,,0.0220199999999999,0.0224748228841971,,,,454.133,,0.2065500808691217,3221.1478129824286,TP2,,
2026-09-27T08:38:51.632542+00:00,open,,HBARUSDT,ICT/SMC v2,long,,,0.095565,,0.0945975599928673,0.0970161600106989,0.0984673200213979,209.2,20.0,,,,,
2026-09-27T08:39:23.716258+00:00,close,,JASMYUSDT,ICT/SMC v2,long,,,0.0047209999999999,0.0048457986345327,,,,2118.1,,0.2643359878037348,3221.4121489702325,TP1,,
2026-09-27T08:39:45.802311+00:00,close,,LAYERUSDT,ICT/SMC v2,long,,,0.0829999999999999,0.0842432292779583,,,,120.4819,,0.149786625544045,3221.5619355957765,TP1,,
2026-09-27T08:41:48.487800+00:00,close,,RAYUSDT,Supertrend+ADX,long,,,2.0418,2.224560332594105,,,,7.3,,1.3341504279369645,3222.8960860237135,TP1,,
2026-09-27T08:42:00.854494+00:00,close,,RENDERUSDT,ICT/SMC v2,long,,,1.9945,2.0881358074978493,,,,5.01,,0.4691153955642254,3223.3652014192776,TP2,,
2026-09-27T08:42:52.230858+00:00,close,,SOLUSDT,ICT/SMC v2,long,,,120.6355,123.88966988239407,,,,0.082,,0.2668419303563134,3223.6320433496335,TP1,,
2026-09-27T08:43:14.112183+00:00,close,,SUPERUSDT,ICT/SMC v2,long,,,0.2,0.2147424473990029,,,,50.0,,0.7371223699501452,3224.369165719584,TP2,,
2026-09-27T08:43:17.071873+00:00,open,,SUPERUSDT,ICT/SMC v2,long,,,0.20695,,0.2015305619129012,0.215079157130648,0.2232083142612961,96.6,20.0,,,,,
2026-09-27T08:43:20.789174+00:00,open,,SUSHIUSDT,ICT/SMC v2,long,,,0.27585,,0.2719241334267598,0.2817387998598603,0.2876275997197207,72.503,20.0,,,,,
2026-09-27T08:44:03.044215+00:00,open,,VETUSDT,ICT/SMC v2,long,,,0.00938755,,0.0092629160047107,0.0095745009929339,0.0097614519858678,2130.4,20.0,,,,,
2026-09-27T09:14:28.068169+00:00,close,,1INCHUSDT,ICT/SMC v2,long,,,0.103915,0.1032420265630962,,,,96.23,,-0.0647602338332485,3224.3044054857514,SL,,
2026-09-27T09:14:54.513537+00:00,open,,ALTUSDT,ICT/SMC v2,long,,,0.008095,,0.0080203526336489,0.0082069710495266,0.0083189420990532,2470.6,20.0,,,,,
2026-09-27T09:15:35.590135+00:00,close,,AXLUSDT,Supertrend+ADX,long,,,0.0534,0.0572855669999247,,,,280.9,,1.0914557702788614,3225.39586125603,TP2,,
2026-09-27T09:16:39.558734+00:00,open,,CATIUSDT,ICT/SMC v2,long,,,0.065965,,0.0653676822950328,0.0668609765574507,0.0677569531149015,303.1,20.0,,,,,
2026-09-27T09:16:42.256157+00:00,close,,CELOUSDT,ICT/SMC v2,short,,,0.09655,0.097805763584205,,,,103.57,,-0.1300594344161129,3225.2658018216134,SL,,
2026-09-27T09:18:10.379217+00:00,open,,ETHUSDT,ICT/SMC v2,long,,,2708.465,,2698.0687598609265,2724.0593602086105,2739.6537204172214,0.007384,20.0,,,,,
2026-09-27T09:18:13.049517+00:00,close,,ETHFIUSDT,ICT/SMC v2,long,,,0.74265,0.7327885818335512,,,,13.4,,-0.132143003430414,3225.133658818184,SL,,
2026-09-27T09:18:22.927473+00:00,open,,FILUSDT,ICT/SMC v2,long,,,1.1412,,1.1238433973865505,1.167234903920174,1.1932698078403483,17.52,20.0,,,,,
2026-09-27T09:18:31.535140+00:00,close,,FLOWUSDT,ICT/SMC v2,long,,,0.0335499999999999,0.0329438359087408,,,,298.06,,-0.1806732690407029,3224.952985549143,SL,,
2026-09-27T09:18:34.823038+00:00,open,,FLOWUSDT,ICT/SMC v2,short,,,0.0329,,0.0335725667810937,0.0318911498283593,0.0308822996567188,607.9,20.0,,,,,
2026-09-27T09:19:17.565230+00:00,close,,INITUSDT,ICT/SMC v2,short,,,0.09345,0.0922555186600577,,,,107.009,,0.1278202537058804,3225.080805802849,TP1,,
2026-09-27T09:19:29.323889+00:00,close,,JASMYUSDT,Supertrend+ADX,long,,,0.0047675,0.0049652668640188,,,,3146.3,,0.6222338842625807,3225.703039687112,TP1,,
2026-09-27T09:19:33.729299+00:00,close,,JASMYUSDT,ICT/SMC v2,long,,,0.0047209999999999,0.0049705972690654,,,,2118.2,,0.5286969353343762,3226.231736622446,TP2,,
2026-09-27T09:19:48.629589+00:00,open,,JUPUSDT,ICT/SMC v2,long,,,0.34135,,0.3367004291936936,0.3483243562094595,0.3552987124189191,58.5,20.0,,,,,
2026-09-27T09:20:01.668882+00:00,open,,LDOUSDT,ICT/SMC v2,long,,,0.48305,,0.47684145698744,0.4923628145188398,0.5016756290376797,41.4035,20.0,,,,,
2026-09-27T09:20:18.947129+00:00,open,,LUNAUSDT,ICT/SMC v2,long,,,0.05365,,0.0531479126533059,0.054403131020041,0.055156262040082,372.78,20.0,,,,,
2026-09-27T09:20:23.155315+00:00,open,,LUNCUSDT,ICT/SMC v2,long,,,5.578e-05,,5.5273551682991707e-05,5.6539672475512425e-05,5.729934495102487e-05,358551.4,20.0,,,,,
2026-09-27T09:20:27.967503+00:00,open,,MANAUSDT,ICT/SMC v2,long,,,0.0919099999999999,,0.0910695554008998,0.0931706668986501,0.0944313337973003,217.6,20.0,,,,,
2026-09-27T09:20:53.400285+00:00,open,,NEARUSDT,ICT/SMC v2,long,,,5.24025,,5.07508052377789,5.488004214333164,5.73575842866633,3.8,20.0,,,,,
2026-09-27T09:20:56.787688+00:00,open,,NEOUSDT,ICT/SMC v2,long,,,2.6942000000000004,,2.6684925589251742,2.73276116161224,2.7713223232244784,7.423,20.0,,,,,
2026-09-27T09:21:15.063328+00:00,open,,ONDOUSDT,ICT/SMC v2,long,,,0.539945,,0.5325330839784452,0.5510628740323322,0.5621807480646644,37.04,20.0,,,,,
2026-09-27T09:21:29.406966+00:00,close,,PENDLEUSDT,ICT/SMC v2,long,,,2.57525,2.57525,,,,3.9,,0.0,3226.231736622446,SL,,
2026-09-27T09:21:32.417201+00:00,open,,PENDLEUSDT,ICT/SMC v2,long,,,2.5728,,2.5333036642804703,2.6320445035792943,2.691289007158588,7.7,20.0,,,,,
2026-09-27T09:22:27.064460+00:00,open,,ROSEUSDT,ICT/SMC v2,long,,,0.0088099999999999,,0.0087050630669957,0.0089674053995063,0.0091248107990127,2270.1,20.0,,,,,
2026-09-27T09:22:35.571671+00:00,close,,RSRUSDT,ICT/SMC v2,long,,,0.001799,0.0017827827618158,,,,5558.64,,-0.0901457888598744,3226.141590833586,SL,,
2026-09-27T09:22:38.887628+00:00,open,,RSRUSDT,ICT/SMC v2,long,,,0.001776,,0.0017591239659952,0.001801314051007,0.0018266281020141,11261.26,20.0,,,,,
2026-09-27T09:22:42.241422+00:00,close,,RUNEUSDT,ICT/SMC v2,long,,,0.79355,0.7629527837744448,,,,12.6,,-0.3855249244419958,3225.756065909144,SL,,
2026-09-27T09:22:50.692006+00:00,open,,RVNUSDT,ICT/SMC v2,long,,,0.0026249999999999,,0.00260325627694,0.0026576155845899,0.0026902311691798,7619.0,20.0,,,,,
2026-09-27T09:23:37.987125+00:00,open,,STRKUSDT,ICT/SMC v2,long,,,0.0407,,0.0401586775003993,0.041511983749401,0.042323967498802,491.4,20.0,,,,,
2026-09-27T09:23:42.481578+00:00,close,,STXUSDT,ICT/SMC v2,long,,,0.3477,0.3477,,,,28.8,,0.0,3225.7560659091437,SL,,
2026-09-27T09:23:46.948609+00:00,open,,SUIUSDT,ICT/SMC v2,long,,,1.2536,,1.22381787538417,1.298273186923745,1.34294637384749,15.954,20.0,,,,,
2026-09-27T09:24:45.793219+00:00,open,,TURBOUSDT,ICT/SMC v2,long,,,0.00106185,,0.0010499214653332,0.0010797428020001,0.0010976356040002,18835.0,20.0,,,,,
2026-09-27T09:25:14.579702+00:00,open,,WOOUSDT,ICT/SMC v2,long,,,0.0137749999999999,,0.0136297687619931,0.0139928468570102,0.0142106937140204,1451.905,20.0,,,,,
2026-09-27T09:42:33.236506+00:00,open,,AIUSDT,ICT/SMC v2,long,,,0.02,,0.0196581921276045,0.0205127118085931,0.0210254236171863,1000.0,20.0,,,,,
2026-09-27T09:47:12.523801+00:00,close,,ILVUSDT,ICT/SMC v2,long,,,3.987,4.064274403186325,,,,2.5081,,0.1938119306316224,3225.949877839775,TP1,,
2026-09-27T09:48:52.783366+00:00,close,,MOVRUSDT,Supertrend+ADX,long,,,0.9995,1.0556322586316311,,,,15.007,,0.8423768052848924,3226.79225464506,TP1,,
2026-09-27T09:49:14.241328+00:00,open,,NOTUSDT,Supertrend+ADX,long,,,0.0005206,,0.0005058718500826,0.0005426922248759,0.0005647844497519,57625.8,30.0,,,,,
2026-09-27T09:52:42.500138+00:00,open,,THETAUSDT,ICT/SMC v2,long,,,0.235605,,0.2331063875897206,0.239352918615419,0.2431008372308381,84.8,20.0,,,,,
2026-09-27T10:17:57.405364+00:00,open,,MEMEUSDT,ICT/SMC v2,long,,,0.000642,,0.000636158978487,0.0006507615322693,0.0006595230645387,31152.6,20.0,,,,,
2026-09-27T10:18:36.173482+00:00,open,,NOTUSDT,ICT/SMC v2,long,,,0.0005219,,0.0005143885054115,0.0005331672418826,0.0005444344837653,38321.5,20.0,,,,,
2026-09-27T10:20:28.786191+00:00,close,,RVNUSDT,ICT/SMC v2,long,,,0.0026249999999999,0.0026576155845899,,,,3809.5,,0.1242490694953185,3226.9165037145553,TP1,,
2026-09-27T10:20:29.542369+00:00,close,,RVNUSDT,ICT/SMC v2,long,,,0.0026249999999999,0.0026902311691798,,,,3809.5,,0.2484981389906371,3227.165001853546,TP2,,
2026-09-27T10:21:20.167401+00:00,close,,SUNUSDT,ICT/SMC v2,short,,,0.0170999999999999,0.0171495191791294,,,,584.7,,-0.0289538640369704,3227.1360479895097,SL,,
2026-09-27T10:21:20.641291+00:00,close,,SUNUSDT,ICT/SMC v2,short,,,0.0170999999999999,0.0171495191791294,,,,584.8,,-0.0289588159548833,3227.1070891735544,SL,,
2026-09-27T10:22:45.284050+00:00,close,,WLDUSDT,Supertrend+ADX,long,,,0.5345,0.5695545445731028,,,,28.0,,0.9815272480468802,3228.0886164216017,TP1,,
2026-09-27T10:42:02.829728+00:00,close,,BTCUSDT,ICT/SMC v2,long,,,84080.245,85032.51856413961,,,,0.000118,,0.1123682805684744,3228.2009847021695,TP2,,
2026-09-27T10:43:33.210675+00:00,open,,ENAUSDT,Supertrend+ADX,long,,,0.2716,,0.2636735222015456,0.2834897166976815,0.295379433395363,110.45,30.0,,,,,
2026-09-27T10:44:21.585067+00:00,close,,GMTUSDT,ICT/SMC v2,long,,,0.00878,0.0090316387791707,,,,1139.0,,0.2866165694754574,3228.487601271645,TP2,,
2026-09-27T10:44:31.058191+00:00,open,,GRTUSDT,ICT/SMC v2,long,,,0.027895,,0.0275687329229757,0.0283844006155363,0.0288738012310727,716.9,20.0,,,,,
2026-09-27T10:45:21.359734+00:00,open,,JTOUSDT,ICT/SMC v2,long,,,0.6306,,0.6149889482515991,0.6540165776226015,0.6774331552452029,31.7,20.0,,,,,
2026-09-27T10:47:14.569207+00:00,close,,PENDLEUSDT,ICT/SMC v2,long,,,2.5728,2.6320445035792943,,,,3.8,,0.2251291136013185,3228.7127303852462,TP1,,
2026-09-27T10:48:15.339908+00:00,close,,ROSEUSDT,ICT/SMC v2,long,,,0.0088099999999999,0.0089674053995063,,,,1135.0,,0.1786551284397221,3228.891385513686,TP1,,
2026-09-27T10:49:51.198077+00:00,open,,TAOUSDT,ICT/SMC v2,long,,,330.745,,324.9724780635846,339.4037829046232,348.0625658092463,0.0604,20.0,,,,,
2026-09-27T10:50:41.247131+00:00,close,,WOOUSDT,ICT/SMC v2,long,,,0.0137749999999999,0.0136297687619931,,,,725.952,,-0.1054309076935143,3228.7859546059926,SL,,
2026-09-27T10:50:41.758575+00:00,close,,WOOUSDT,ICT/SMC v2,long,,,0.0137749999999999,0.0136297687619931,,,,725.953,,-0.1054310529247524,3228.680523553068,SL,,
2026-09-27T11:05:46.538666+00:00,close,,ALICEUSDT,ICT/SMC v2,long,,,0.1617,0.1599531558584518,,,,61.84,,-0.1080248417133364,3228.5724987113545,SL,,
2026-09-27T11:05:52.777987+00:00,open,,ALICEUSDT,ICT/SMC v2,long,,,0.1597,,0.1581226655276884,0.1620660017084673,0.1644320034169346,125.23,20.0,,,,,
2026-09-27T11:06:29.959132+00:00,close,,ARPAUSDT,ICT/SMC v2,long,,,0.011383,0.0115011226154206,,,,878.5,,0.1037707176470381,3228.6762694290014,TP1,,
2026-09-27T11:07:00.069074+00:00,close,,BANDUSDT,ICT/SMC v2,long,,,0.2285,0.2285,,,,43.76368,,0.0,3228.6762694290014,SL,,
2026-09-27T11:07:13.858929+00:00,open,,BEAMXUSDT,ICT/SMC v2,long,,,0.002146,,0.0021223181984828,0.0021815227022756,0.0022170454045513,9319.6,20.0,,,,,
2026-09-27T11:07:47.835797+00:00,open,,BTCUSDT,ICT/SMC v2,long,,,84888.4,,84655.80129823516,85237.29805264724,85586.19610529448,0.000235,20.0,,,,,
2026-09-27T11:08:18.517562+00:00,close,,COMPUSDT,Supertrend+ADX,long,,,24.365,24.365,,,,0.61564,,0.0,3228.6762694290014,SL,,
2026-09-27T11:08:20.273915+00:00,close,,COMPUSDT,ICT/SMC v2,long,,,24.77,24.28528067661498,,,,0.40371,,-0.1956860380437658,3228.4805833909577,SL,,
2026-09-27T11:09:53.666980+00:00,open,,FETUSDT,ICT/SMC v2,long,,,0.24485,,0.2415166213381538,0.2498500679927693,0.2548501359855385,81.682,20.0,,,,,
2026-09-27T11:11:31.117735+00:00,close,,KSMUSDT,ICT/SMC v2,long,,,4.859999999999999,4.859999999999999,,,,2.057613,,0.0,3228.4805833909577,SL,,
2026-09-27T11:14:19.666242+00:00,close,,ROSEUSDT,ICT/SMC v2,long,,,0.0088099999999999,0.0088099999999999,,,,1135.1,,0.0,3228.4805833909577,SL,,
2026-09-27T11:14:22.851140+00:00,open,,ROSEUSDT,ICT/SMC v2,long,,,0.008805,,0.0086909560747583,0.0089760658878624,0.0091471317757249,2271.4,20.0,,,,,
2026-09-27T11:15:47.818430+00:00,close,,SUSHIUSDT,ICT/SMC v2,long,,,0.27585,0.2719241334267598,,,,36.251,,-0.1423165891465316,3228.338266801811,SL,,
2026-09-27T11:15:48.141932+00:00,close,,SUSHIUSDT,ICT/SMC v2,long,,,0.27585,0.2719241334267598,,,,36.252,,-0.1423205150131049,3228.195946286798,SL,,
2026-09-27T11:15:51.123429+00:00,open,,SUSHIUSDT,ICT/SMC v2,long,,,0.27085,,0.2672892226515239,0.276191166022714,0.281532332045428,73.841,20.0,,,,,
2026-09-27T11:17:06.357694+00:00,open,,WOOUSDT,ICT/SMC v2,long,,,0.013645,,0.0135237443920234,0.0138268834119648,0.0140087668239296,1465.738,20.0,,,,,
2026-09-27T11:17:28.278717+00:00,open,,ZKUSDT,ICT/SMC v2,long,,,0.01317,,0.0130096294811629,0.0134105557782556,0.0136511115565111,1518.6,20.0,,,,,
2026-09-27T11:46:39.102296+00:00,close,,ARBUSDT,ICT/SMC v2,long,,,0.22725,0.22725,,,,44.0044,,0.0,3228.195946286798,SL,,
2026-09-27T11:53:39.101033+00:00,close,,PUMPUSDT,ICT/SMC v2,short,,,0.004427,0.0044966163201971,,,,2258.86,,-0.1572535210405965,3228.0386927657573,SL,,
2026-09-27T11:55:08.040747+00:00,close,,SUPERUSDT,ICT/SMC v2,long,,,0.20695,0.215079157130648,,,,48.3,,0.3926382894103019,3228.4313310551674,TP1,,
2026-09-27T11:56:27.848156+00:00,open,,YGGUSDT,ICT/SMC v2,long,,,0.02805,,0.0278595158824792,0.0283357261762811,0.0286214523525623,713.0124,20.0,,,,,
2026-09-27T12:12:28.317005+00:00,open,,APEUSDT,ICT/SMC v2,long,,,0.1594,,0.1577092796253576,0.1619360805619634,0.1644721611239269,125.47,20.0,,,,,
2026-09-27T12:14:15.761414+00:00,close,,BNBUSDT,ICT/SMC v2,short,,,774.3335,780.7124512919944,,,,0.012,,-0.0765474155039332,3228.3547836396633,SL,,
2026-09-27T12:14:16.263248+00:00,close,,BNBUSDT,ICT/SMC v2,short,,,774.3335,780.7124512919944,,,,0.013,,-0.0829263667959277,3228.2718572728672,SL,,
2026-09-27T12:15:50.965679+00:00,open,,EIGENUSDT,ICT/SMC v2,long,,,0.2787,,0.2734347859074908,0.2865978211387638,0.2944956422775276,71.76,20.0,,,,,
2026-09-27T12:15:55.544695+00:00,close,,ENAUSDT,ICT/SMC v2,short,,,0.2714499999999999,0.2764725867075337,,,,36.83,,-0.1849818684384679,3228.086875404428,SL,,
2026-09-27T12:15:55.910839+00:00,close,,ENAUSDT,ICT/SMC v2,short,,,0.2714499999999999,0.2764725867075337,,,,36.84,,-0.1850320943055433,3227.9018433101232,SL,,
2026-09-27T12:18:13.507318+00:00,close,,LDOUSDT,ICT/SMC v2,long,,,0.48305,0.4923628145188398,,,,20.7017,,0.192791092324666,3228.094634402448,TP1,,
2026-09-27T12:23:06.749608+00:00,open,,WUSDT,ICT/SMC v2,short,,,0.01465,,0.0154933084492513,0.013385037326123,0.012120074652246,1365.1,20.0,,,,,
2026-09-27T12:40:22.744892+00:00,open,,ARKMUSDT,ICT/SMC v2,long,,,0.14215,,0.1400441730810684,0.1453087403783974,0.1484674807567948,140.6,20.0,,,,,
2026-09-27T12:41:31.059470+00:00,open,,BIGTIMEUSDT,ICT/SMC v2,long,,,0.00957,,0.0092907414152354,0.0099888878771468,0.0104077757542936,2089.86,20.0,,,,,
2026-09-27T12:42:30.363123+00:00,open,,CRVUSDT,ICT/SMC v2,long,,,0.35025,,0.3465797299696948,0.3557554050454578,0.3612608100909155,57.1,20.0,,,,,
2026-09-27T12:44:58.724770+00:00,close,,JASMYUSDT,Supertrend+ADX,long,,,0.0047675,0.0051630337280377,,,,3146.3,,1.2444677685251615,3229.339102170973,TP2,,
2026-09-27T12:45:58.838437+00:00,open,,MAGICUSDT,ICT/SMC v2,long,,,0.0525,,0.0520537268506349,0.0531694097240475,0.053838819448095,380.95238,20.0,,,,,
2026-09-27T12:49:46.955314+00:00,close,,TURBOUSDT,ICT/SMC v2,long,,,0.00106185,0.0010797428020001,,,,9417.5,,0.1685054628362322,3229.507607633809,TP1,,
2026-09-27T13:20:33.929826+00:00,open,,1INCHUSDT,Supertrend+ADX,short,,,0.1025949999999999,,0.1043872528857927,0.0999066206713108,0.0972182413426217,292.41,30.0,,,,,
2026-09-27T13:20:38.473854+00:00,close,,AAVEUSDT,ICT/SMC v2,long,,,154.9675,154.9675,,,,0.065,,0.0,3229.507607633809,SL,,
2026-09-27T13:20:48.078327+00:00,close,,AEROUSDT,ICT/SMC v2,short,,,0.86215,0.8455915272500445,,,,11.59,,0.1919126991719839,3229.699520332981,TP1,,
2026-09-27T13:21:04.408935+00:00,open,,ALGOUSDT,Supertrend+ADX,short,,,0.11635,,0.1194998910387887,0.1116251634418168,0.1069003268836337,257.8,30.0,,,,,
2026-09-27T13:21:10.540611+00:00,close,,ALICEUSDT,ICT/SMC v2,long,,,0.1597,0.1581226655276884,,,,62.61,,-0.0987569113114253,3229.60076342167,SL,,
2026-09-27T13:21:11.071257+00:00,close,,ALICEUSDT,ICT/SMC v2,long,,,0.1597,0.1581226655276884,,,,62.62,,-0.0987726846561484,3229.501990737014,SL,,
2026-09-27T13:21:22.094207+00:00,close,,ALTUSDT,ICT/SMC v2,long,,,0.008095,0.0080203526336489,,,,1235.3,,-0.0922118916534959,3229.4097788453605,SL,,
2026-09-27T13:21:30.139425+00:00,close,,APEUSDT,ICT/SMC v2,long,,,0.1594,0.1577092796253576,,,,62.73,,-0.1060588891013147,3229.3037199562596,SL,,
2026-09-27T13:21:30.663051+00:00,close,,APEUSDT,ICT/SMC v2,long,,,0.1594,0.1577092796253576,,,,62.74,,-0.1060757963050611,3229.1976441599545,SL,,
2026-09-27T13:21:38.107381+00:00,close,,API3USDT,ICT/SMC v2,long,,,0.28235,0.28235,,,,35.417,,0.0,3229.1976441599545,SL,,
2026-09-27T13:21:43.809506+00:00,close,,APTUSDT,ICT/SMC v2,long,,,0.8586,0.8459650168202739,,,,11.6468,,-0.1471571220976341,3229.0504870378572,SL,,
2026-09-27T13:21:44.303207+00:00,close,,APTUSDT,ICT/SMC v2,long,,,0.8586,0.8459650168202739,,,,11.6469,,-0.147158385595952,3228.9033286522613,SL,,
2026-09-27T13:22:15.845862+00:00,close,,AVAXUSDT,ICT/SMC v2,long,,,11.123,10.953272919557042,,,,0.89,,-0.1510571015942334,3228.752271550666,SL,,
2026-09-27T13:22:16.581690+00:00,close,,AVAXUSDT,ICT/SMC v2,long,,,11.123,10.953272919557042,,,,0.9,,-0.152754372398663,3228.599517178268,SL,,
2026-09-27T13:22:20.616098+00:00,close,,AVNTUSDT,Supertrend+ADX,long,,,0.130125,0.127401250918816,,,,115.273,,-0.3139747278353202,3228.2855424504332,SL,,
2026-09-27T13:22:21.110115+00:00,close,,AVNTUSDT,Supertrend+ADX,long,,,0.130125,0.127401250918816,,,,115.274,,-0.3139774515844014,3227.971564998849,SL,,
2026-09-27T13:22:52.686204+00:00,open,,BCHUSDT,Supertrend+ADX,short,,,335.35,,343.2591739753325,323.48623903700127,311.6224780740025,0.08945,30.0,,,,,
2026-09-27T13:23:06.195464+00:00,close,,BERAUSDT,ICT/SMC v2,long,,,0.2385,0.2358914717866885,,,,41.9287,,-0.1093721968974729,3227.862192801951,SL,,
2026-09-27T13:23:24.835712+00:00,close,,BLURUSDT,ICT/SMC v2,long,,,0.02115,0.02115,,,,472.8132,,0.0,3227.862192801951,SL,,
2026-09-27T13:23:35.285023+00:00,open,,BOMEUSDT,Supertrend+ADX,short,,,0.0010206,,0.001051636368873,0.0009740454466904,0.0009274908933809,29394.4,30.0,,,,,
2026-09-27T13:23:43.983129+00:00,close,,BTCUSDT,ICT/SMC v2,long,,,84888.4,84655.80129823516,,,,0.000117,,-0.027214048106485,3227.8349787538446,SL,,
2026-09-27T13:23:44.510154+00:00,close,,BTCUSDT,ICT/SMC v2,long,,,84888.4,84655.80129823516,,,,0.000118,,-0.0274466468082498,3227.8075321070364,SL,,
2026-09-27T13:24:01.092133+00:00,open,,CELRUSDT,Supertrend+ADX,short,,,0.003045,,0.0031137638436076,0.0029418542345885,0.0028387084691771,9852.2,30.0,,,,,
2026-09-27T13:24:26.688145+00:00,close,,CRVUSDT,ICT/SMC v2,long,,,0.35025,0.3465797299696948,,,,28.5,,-0.1046026958636975,3227.7029294111726,SL,,
2026-09-27T13:24:27.222614+00:00,close,,CRVUSDT,ICT/SMC v2,long,,,0.35025,0.3465797299696948,,,,28.6,,-0.1049697228667281,3227.597959688306,SL,,
2026-09-27T13:25:00.133178+00:00,open,,DUSKUSDT,ICT/SMC v2,long,,,0.091115,,0.0896728509123666,0.09327822363145,0.0954414472629001,219.5,20.0,,,,,
2026-09-27T13:25:47.565465+00:00,close,,ETHUSDT,ICT/SMC v2,long,,,2708.465,2698.0687598609265,,,,0.003692,,-0.0383829185934597,3227.5595767697123,SL,,
2026-09-27T13:25:57.182413+00:00,close,,FETUSDT,ICT/SMC v2,long,,,0.24485,0.2415166213381538,,,,40.841,,-0.136138517928459,3227.423438251784,SL,,
2026-09-27T13:26:03.801419+00:00,close,,FILUSDT,ICT/SMC v2,long,,,1.1412,1.1238433973865505,,,,8.76,,-0.1520438388938177,3227.27139441289,SL,,
2026-09-27T13:26:54.241930+00:00,close,,HBARUSDT,ICT/SMC v2,long,,,0.095565,0.0945975599928673,,,,104.6,,-0.1011942247460743,3227.170200188144,SL,,
2026-09-27T13:27:02.751843+00:00,open,,HBARUSDT,Supertrend+ADX,short,,,0.0937149999999999,,0.0964991074804506,0.0895388387793239,0.0853626775586479,320.1,30.0,,,,,
2026-09-27T13:27:10.768031+00:00,open,,HMSTRUSDT,Supertrend+ADX,short,,,0.0001784,,0.0001815181912952,0.0001737227130571,0.0001690454261143,168161.4,30.0,,,,,
2026-09-27T13:27:30.687860+00:00,open,,IMXUSDT,ICT/SMC v2,long,,,0.16815,,0.1659582606824905,0.1714376089762643,0.1747252179525285,118.9414,20.0,,,,,
2026-09-27T13:27:32.816713+00:00,close,,INITUSDT,ICT/SMC v2,short,,,0.09345,0.0910610373201155,,,,107.0091,,0.2556407463080289,3227.425840934452,TP2,,
2026-09-27T13:27:37.935528+00:00,open,,INJUSDT,Supertrend+ADX,short,,,7.942,,8.202225829632054,7.55166125555192,7.161322511103841,3.7773,30.0,,,,,
2026-09-27T13:27:54.443120+00:00,open,,IOTAUSDT,Supertrend+ADX,short,,,0.0504,,0.0515225063057899,0.0487162405413151,0.0470324810826302,595.23,30.0,,,,,
2026-09-27T13:28:16.343096+00:00,close,,JUPUSDT,ICT/SMC v2,long,,,0.34135,0.3367004291936936,,,,29.2,,-0.1357674675441469,3227.2900734669083,SL,,
2026-09-27T13:28:16.953517+00:00,close,,JUPUSDT,ICT/SMC v2,long,,,0.34135,0.3367004291936936,,,,29.3,,-0.1362324246247775,3227.153841042283,SL,,
2026-09-27T13:28:29.372833+00:00,close,,KNCUSDT,Supertrend+ADX,long,,,0.14605,0.14605,,,,102.7046,,0.0,3227.153841042283,SL,,
2026-09-27T13:28:37.345283+00:00,close,,KSMUSDT,Supertrend+ADX,long,,,4.8,4.8,,,,3.125,,0.0,3227.153841042283,SL,,
2026-09-27T13:28:41.225793+00:00,close,,LAYERUSDT,ICT/SMC v2,long,,,0.0829999999999999,0.0829999999999999,,,,120.4819,,0.0,3227.153841042283,SL,,
2026-09-27T13:29:10.517032+00:00,open,,LPTUSDT,ICT/SMC v2,long,,,1.7747,,1.74804345542366,1.81468481686451,1.85466963372902,11.2695,20.0,,,,,
2026-09-27T13:29:15.144613+00:00,close,,LTCUSDT,Supertrend+ADX,long,,,73.7695,71.07769503124574,,,,0.20333,,-0.5473247042968027,3226.6065163379862,SL,,
2026-09-27T13:29:44.308142+00:00,close,,MEMEUSDT,ICT/SMC v2,long,,,0.000642,0.000636158978487,,,,15576.3,,-0.0909815033918823,3226.5155348345943,SL,,
2026-09-27T13:29:50.774832+00:00,open,,METISUSDT,ICT/SMC v2,long,,,3.655,,3.550657039227058,3.811514441159414,3.9680288823188263,5.471,20.0,,,,,
2026-09-27T13:30:12.459132+00:00,close,,NEOUSDT,ICT/SMC v2,long,,,2.6942000000000004,2.6684925589251742,,,,3.711,,-0.0954003138286798,3226.4201345207657,SL,,
2026-09-27T13:30:13.005736+00:00,close,,NEOUSDT,ICT/SMC v2,long,,,2.6942000000000004,2.6684925589251742,,,,3.712,,-0.0954260212697546,3226.324708499496,SL,,
2026-09-27T13:30:23.803118+00:00,close,,NMRUSDT,ICT/SMC v2,long,,,9.6485,9.6485,,,,1.0364,,0.0,3226.324708499496,SL,,
2026-09-27T13:30:31.608848+00:00,close,,NOTUSDT,ICT/SMC v2,long,,,0.0005219,0.0005143885054115,,,,19160.7,,-0.1439254943608169,3226.1807830051353,SL,,
2026-09-27T13:30:32.171557+00:00,close,,NOTUSDT,ICT/SMC v2,long,,,0.0005219,0.0005143885054115,,,,19160.8,,-0.1439262455102757,3226.036856759625,SL,,
2026-09-27T13:31:00.528583+00:00,close,,OPUSDT,ICT/SMC v2,long,,,0.14535,0.1434146910938448,,,,68.79,,-0.1331298996544164,3225.903726859971,SL,,
2026-09-27T13:31:01.102560+00:00,close,,OPUSDT,ICT/SMC v2,long,,,0.14535,0.1434146910938448,,,,68.8,,-0.1331492527434779,3225.7705776072276,SL,,
2026-09-27T13:32:21.939820+00:00,close,,RPLUSDT,ICT/SMC v2,long,,,2.1025,2.0903057156914824,,,,4.7562,,-0.0579984550281716,3225.7125791521994,SL,,
2026-09-27T13:33:14.036059+00:00,close,,SANDUSDT,Supertrend+ADX,long,,,0.045445,0.0446446013482005,,,,330.0,,-0.2641315550938249,3225.4484475971058,SL,,
2026-09-27T13:33:14.612997+00:00,close,,SANDUSDT,Supertrend+ADX,long,,,0.045445,0.0446446013482005,,,,330.1,,-0.2642115949590048,3225.184236002147,SL,,
2026-09-27T13:34:34.184255+00:00,close,,TRBUSDT,ICT/SMC v2,short,,,20.053,19.77647133803449,,,,0.4986,,0.1378771908560036,3225.322113193003,TP1,,
2026-09-27T13:35:11.732686+00:00,close,,WIFUSDT,ICT/SMC v2,long,,,0.2455,0.2455,,,,40.73,,0.0,3225.322113193003,SL,,
2026-09-27T13:35:21.266802+00:00,close,,WOOUSDT,ICT/SMC v2,long,,,0.013645,0.0135237443920234,,,,732.869,,-0.0888644761621598,3225.233248716841,SL,,
2026-09-27T13:35:28.686804+00:00,close,,XLMUSDT,ICT/SMC v2,long,,,0.2183505,0.2166058002951279,,,,45.7,,-0.0797327765126521,3225.1535159403284,SL,,
2026-09-27T13:35:29.252896+00:00,close,,XLMUSDT,ICT/SMC v2,long,,,0.2183505,0.2166058002951279,,,,45.8,,-0.0799072464831393,3225.073608693845,SL,,
2026-09-27T13:35:36.341255+00:00,close,,YGGUSDT,ICT/SMC v2,long,,,0.02805,0.0278595158824792,,,,356.5062,,-0.0679087688976826,3225.0056999249473,SL,,
2026-09-27T13:49:49.551424+00:00,open,,AAVEUSDT,ICT/SMC v2,short,,,154.5475,,156.31725306904815,151.89287039642784,149.23824079285566,0.129,20.0,,,,,
2026-09-27T13:49:54.587807+00:00,open,,ADAUSDT,ICT/SMC v2,short,,,0.256082,,0.2594150452236871,0.2510824321644694,0.2460828643289388,78.0,20.0,,,,,
2026-09-27T13:50:03.131218+00:00,open,,AGLDUSDT,ICT/SMC v2,short,,,0.21845,,0.2198556749258991,0.2163414876111513,0.2142329752223027,91.5541,20.0,,,,,
2026-09-27T13:50:19.364127+00:00,open,,ALTUSDT,ICT/SMC v2,short,,,0.0079849999999999,,0.0080580932117813,0.0078753601823279,0.0077657203646559,2504.6,20.0,,,,,
2026-09-27T13:50:57.267884+00:00,open,,AVAXUSDT,ICT/SMC v2,short,,,10.9285,,11.074547889356804,10.709428165964791,10.490356331929588,1.83,20.0,,,,,
2026-09-27T13:51:02.466610+00:00,open,,AXLUSDT,ICT/SMC v2,short,,,0.05555,,0.0569887090181602,0.0533919364727597,0.0512338729455194,360.03,20.0,,,,,
2026-09-27T13:51:03.987518+00:00,close,,AXSUSDT,Supertrend+ADX,long,,,1.18405,1.164729032847023,,,,12.66,,-0.2446034441566893,3224.7610964807905,SL,,
2026-09-27T13:51:40.756080+00:00,open,,BICOUSDT,ICT/SMC v2,short,,,0.0225,,0.0227332660366226,0.022150100945066,0.0218002018901321,888.88888,20.0,,,,,
2026-09-27T13:51:50.536103+00:00,open,,BNBUSDT,ICT/SMC v2,short,,,779.25265,,782.6801307844388,774.111428823342,768.9702076466839,0.025,20.0,,,,,
2026-09-27T13:52:03.487381+00:00,open,,BTCUSDT,ICT/SMC v2,short,,,84906.78,,85195.96721079096,84472.99918381356,84039.21836762712,0.000235,20.0,,,,,
2026-09-27T13:52:27.965177+00:00,open,,CFXUSDT,ICT/SMC v2,short,,,0.0562305,,0.0567573848865701,0.0554401726701448,0.0546498453402895,355.67,20.0,,,,,
2026-09-27T13:52:42.804954+00:00,open,,CRVUSDT,ICT/SMC v2,short,,,0.34565,,0.3500943478727681,0.3389834781908478,0.3323169563816956,57.8,20.0,,,,,
2026-09-27T13:52:58.166805+00:00,open,,DOGEUSDT,ICT/SMC v2,short,,,0.09745505,,0.0985493380580411,0.0958136179129382,0.0941721858258765,205.2,20.0,,,,,
2026-09-27T13:53:31.481434+00:00,open,,EGLDUSDT,ICT/SMC v2,short,,,4.574999999999999,,4.622862982220035,4.503205526669946,4.431411053339893,4.371,20.0,,,,,
2026-09-27T13:53:55.896300+00:00,open,,ETHUSDT,ICT/SMC v2,short,,,2705.025,,2716.7991940484367,2687.363708927344,2669.702417854688,0.007393,20.0,,,,,
2026-09-27T13:53:59.243626+00:00,open,,ETHFIUSDT,ICT/SMC v2,short,,,0.7233,,0.7345058067716521,0.7064912898425221,0.6896825796850441,27.6,20.0,,,,,
2026-09-27T13:54:06.578661+00:00,open,,FIDAUSDT,ICT/SMC v2,short,,,0.02233,,0.0227058202248015,0.0217662696627977,0.0212025393255955,895.656,20.0,,,,,
2026-09-27T13:55:47.273331+00:00,open,,KSMUSDT,ICT/SMC v2,short,,,4.779999999999999,,4.836516142088773,4.695225786866838,4.610451573733677,4.1841,20.0,,,,,
2026-09-27T13:55:51.417362+00:00,close,,LDOUSDT,ICT/SMC v2,long,,,0.48305,0.48305,,,,20.7018,,0.0,3224.761096480791,SL,,
2026-09-27T13:56:27.725991+00:00,close,,MAGICUSDT,ICT/SMC v2,long,,,0.0525,0.0520537268506349,,,,190.47619,,-0.0850044091903467,3224.6760920715997,SL,,
2026-09-27T13:57:09.590835+00:00,open,,MINAUSDT,ICT/SMC v2,short,,,0.14187,,0.14346191553494,0.1394821266975899,0.1370942533951799,140.9,20.0,,,,,
2026-09-27T13:57:35.099286+00:00,open,,NEWTUSDT,ICT/SMC v2,short,,,0.0509899999999999,,0.0513786976154662,0.0504069535768006,0.0498239071536012,392.233,20.0,,,,,
2026-09-27T13:57:45.061714+00:00,open,,NMRUSDT,ICT/SMC v2,short,,,9.723,,9.808409555624907,9.594885666562638,9.466771333125276,2.0569,20.0,,,,,
2026-09-27T13:58:00.325451+00:00,close,,ONDOUSDT,ICT/SMC v2,long,,,0.539945,0.5510628740323322,,,,18.52,,0.2059030270787927,3224.881995098679,TP1,,
2026-09-27T13:59:03.146534+00:00,open,,RAYUSDT,ICT/SMC v2,short,,,2.2226,,2.277813207420831,2.139780188868753,2.056960377737507,8.9,20.0,,,,,
2026-09-27T13:59:39.528072+00:00,open,,RVNUSDT,ICT/SMC v2,short,,,0.00272,,0.00274031452452,0.0026895282132198,0.0026590564264397,7352.9,20.0,,,,,
2026-09-27T14:00:03.097214+00:00,open,,SHIBUSDT,ICT/SMC v2,short,,,5.945e-06,,6.015569751843118e-06,5.839145372235323e-06,5.733290744470647e-06,3364171.5,20.0,,,,,
2026-09-27T14:00:42.756313+00:00,close,,SUPERUSDT,ICT/SMC v2,long,,,0.20695,0.20695,,,,48.3,,0.0,3224.881995098679,SL,,
2026-09-27T14:02:26.799951+00:00,close,,ZKUSDT,ICT/SMC v2,long,,,0.01317,0.0130096294811629,,,,759.3,,-0.1217693349529836,3224.7602257637254,SL,,
2026-09-27T14:02:42.003894+00:00,close,,ZRXUSDT,ICT/SMC v2,short,,,0.12755,0.1259501880903578,,,,78.4,,0.1254252537159442,3224.8856510174414,TP1,,
2026-09-27T14:07:40.883358+00:00,open,,ENAUSDT,ICT/SMC v2,long,,,0.27305,,0.267855800242911,0.2808412996356334,0.2886325992712668,73.24,20.0,,,,,
2026-09-27T14:11:27.049442+00:00,close,,MINAUSDT,ICT/SMC v2,short,,,0.14187,0.14346191553494,,,,70.4,,-0.1120708536597785,3224.773580163782,SL,,
2026-09-27T14:11:27.571684+00:00,close,,MINAUSDT,ICT/SMC v2,short,,,0.14187,0.14346191553494,,,,70.5,,-0.1122300452132725,3224.6613501185684,SL,,
2026-09-27T14:16:12.615739+00:00,open,,YGGUSDT,ICT/SMC v2,short,,,0.0277499999999999,,0.0280069661717204,0.0273645507424193,0.0269791014848387,720.7207,20.0,,,,,
2026-09-27T14:19:25.302326+00:00,open,,APTUSDT,ICT/SMC v2,short,,,0.8443499999999999,,0.8558930352222913,0.8270354471665627,0.8097208943331256,23.6868,20.0,,,,,
2026-09-27T14:19:41.672464+00:00,close,,ARPAUSDT,ICT/SMC v2,long,,,0.011383,0.011383,,,,878.5,,0.0,3224.6613501185684,SL,,
2026-09-27T14:21:09.972818+00:00,open,,BONKUSDT,ICT/SMC v2,short,,,3.7465e-06,,3.821069846863829e-06,3.634645229704256e-06,3.522790459408512e-06,5338315.7,20.0,,,,,
2026-09-27T14:27:15.220962+00:00,close,,ONDOUSDT,ICT/SMC v2,long,,,0.539945,0.539945,,,,18.52,,0.0,3224.6613501185684,SL,,
2026-09-27T14:28:31.116643+00:00,open,,RPLUSDT,ICT/SMC v2,short,,,2.07,,2.086661908817034,2.0450071367744487,2.020014273548897,9.6618,20.0,,,,,
2026-09-27T14:29:35.777338+00:00,close,,SUSHIUSDT,ICT/SMC v2,long,,,0.27085,0.2672892226515239,,,,36.92,,-0.1314638997057354,3224.529886218863,SL,,
2026-09-27T14:29:42.306643+00:00,open,,SUSHIUSDT,ICT/SMC v2,short,,,0.26675,,0.270270669138207,0.2614689962926894,0.2561879925853788,74.976,20.0,,,,,
2026-09-27T14:30:09.981952+00:00,close,,TRBUSDT,ICT/SMC v2,short,,,20.053,19.499942676068976,,,,0.4987,,0.2758096874444021,3224.805695906308,TP2,,
2026-09-27T14:30:35.818668+00:00,close,,VETUSDT,ICT/SMC v2,long,,,0.00938755,0.0092629160047107,,,,1065.2,,-0.1327601317821619,3224.6729357745257,SL,,
2026-09-27T14:31:07.036985+00:00,open,,WOOUSDT,ICT/SMC v2,short,,,0.01345,,0.0135710499916614,0.0132684250125078,0.0130868500250156,1486.988,20.0,,,,,
2026-09-27T14:38:47.332693+00:00,open,,JASMYUSDT,ICT/SMC v2,long,,,0.0053609999999999,,0.0051515568578887,0.0056751647131669,0.0059893294263338,3730.6,20.0,,,,,
2026-09-27T14:38:59.627412+00:00,close,,JTOUSDT,ICT/SMC v2,long,,,0.6306,0.6149889482515991,,,,15.8,,-0.2466546176247348,3224.426281156901,SL,,
2026-09-27T14:39:02.823580+00:00,open,,JTOUSDT,ICT/SMC v2,long,,,0.6116,,0.5967339001230421,0.633899149815437,0.6561982996308742,32.7,20.0,,,,,
2026-09-27T14:40:04.831020+00:00,open,,MINAUSDT,ICT/SMC v2,long,,,0.14205,,0.1400486194350531,0.1450520708474202,0.1480541416948404,140.7,20.0,,,,,
2026-09-27T14:40:54.504391+00:00,close,,PEOPLEUSDT,ICT/SMC v2,short,,,0.009395,0.0091954823625142,,,,1064.395,,0.2123655757516408,3224.638646732653,TP1,,
2026-09-27T14:42:06.860255+00:00,close,,RVNUSDT,ICT/SMC v2,short,,,0.00272,0.00274031452452,,,,3676.4,,-0.074684317945637,3224.5639624147075,SL,,
2026-09-27T14:43:23.456655+00:00,close,,TAOUSDT,ICT/SMC v2,long,,,330.745,324.9724780635846,,,,0.0302,,-0.1743301624797447,3224.389632252228,SL,,
2026-09-27T14:43:32.968513+00:00,close,,TIAUSDT,ICT/SMC v2,long,,,0.4984,0.4927393513760036,,,,20.0642,,-0.1135763861215874,3224.276055866106,SL,,
2026-09-27T14:49:52.017478+00:00,close,,BANANAUSDT,Supertrend+ADX,long,,,4.32,4.217944265644428,,,,3.4722,,-0.3543579208294168,3223.9216979452767,SL,,
2026-09-27T14:51:15.886691+00:00,open,,COMPUSDT,ICT/SMC v2,short,,,23.950000000000003,,24.25713226747721,23.489301598784184,23.02860319756837,0.83507,20.0,,,,,
2026-09-27T14:52:03.657920+00:00,close,,EIGENUSDT,ICT/SMC v2,long,,,0.2787,0.2734347859074908,,,,35.88,,-0.1889158816392295,3223.7327820636374,SL,,
2026-09-27T14:53:10.789017+00:00,close,,GRTUSDT,ICT/SMC v2,long,,,0.027895,0.0283844006155363,,,,358.4,,0.1754011806082422,3223.9081832442457,TP1,,
2026-09-27T14:53:52.076365+00:00,close,,IOUSDT,ICT/SMC v2,long,,,0.1675499999999999,0.1675499999999999,,,,59.68,,0.0,3223.9081832442457,SL,,
2026-09-27T14:54:45.241086+00:00,open,,LQTYUSDT,ICT/SMC v2,short,,,0.2497499999999999,,0.2560171765005817,0.2403492352491273,0.2309484704982546,80.08,20.0,,,,,
2026-09-27T14:56:46.779502+00:00,close,,POLYXUSDT,Supertrend+ADX,long,,,0.0456499999999999,0.044885259365312,,,,328.5,,-0.2512172984949886,3223.656965945751,SL,,
2026-09-27T14:56:47.162252+00:00,close,,POLYXUSDT,Supertrend+ADX,long,,,0.0456499999999999,0.044885259365312,,,,328.6,,-0.2512937725584574,3223.4056721731927,SL,,
2026-09-27T14:59:25.545963+00:00,close,,THETAUSDT,ICT/SMC v2,long,,,0.235605,0.2331063875897206,,,,42.4,,-0.1059411661958455,3223.2997310069973,SL,,
2026-09-27T14:59:46.014256+00:00,close,,TURBOUSDT,ICT/SMC v2,long,,,0.00106185,0.00106185,,,,9417.5,,0.0,3223.2997310069973,SL,,
2026-09-27T15:00:24.349280+00:00,close,,ZECUSDT,ICT/SMC v2,long,,,1649.5929999999998,1615.4565184756666,,,,0.00606,,-0.2068670780374595,3223.0928639289596,SL,,
2026-09-27T15:04:09.431138+00:00,close,,ALTUSDT,Supertrend+ADX,long,,,0.008115,0.0079598363826992,,,,1848.4,,-0.2868044302187517,3222.806059498741,SL,,
2026-09-27T15:04:35.698332+00:00,open,,ARUSDT,ICT/SMC v2,long,,,4.8795,,4.775972360313113,5.034791459530331,5.190082919060663,4.09,20.0,,,,,
2026-09-27T15:04:44.239087+00:00,close,,ARKMUSDT,ICT/SMC v2,long,,,0.14215,0.1400441730810684,,,,70.3,,-0.1480396324008916,3222.6580198663405,SL,,
2026-09-27T15:05:23.727775+00:00,close,,BBUSDT,ICT/SMC v2,short,,,0.01085,0.0105180060896282,,,,921.6,,0.3059655877986074,3222.963985454139,TP1,,
2026-09-27T15:05:36.813784+00:00,close,,BEAMXUSDT,ICT/SMC v2,long,,,0.002146,0.0021223181984828,,,,4659.8,,-0.1103524587094608,3222.8536329954304,SL,,
2026-09-27T15:06:17.022635+00:00,close,,BTCUSDT,ICT/SMC v2,short,,,84906.78,84472.99918381356,,,,0.000117,,0.0507523554938132,3222.904385350924,TP1,,
2026-09-27T15:06:23.903425+00:00,close,,CATIUSDT,Supertrend+ADX,long,,,0.06638,0.0653951202753463,,,,225.9,,-0.2224843297992534,3222.6819010211248,SL,,
2026-09-27T15:06:27.473515+00:00,close,,CATIUSDT,ICT/SMC v2,long,,,0.065965,0.0653676822950328,,,,151.5,,-0.090493632302528,3222.5914073888225,SL,,
2026-09-27T15:06:27.993008+00:00,close,,CATIUSDT,ICT/SMC v2,long,,,0.065965,0.0653676822950328,,,,151.6,,-0.0905533640730247,3222.5008540247495,SL,,
2026-09-27T15:07:23.065667+00:00,close,,DOTUSDT,ICT/SMC v2,long,,,1.22375,1.22375,,,,8.17,,0.0,3222.5008540247495,SL,,
2026-09-27T15:07:27.911813+00:00,close,,DUSKUSDT,ICT/SMC v2,long,,,0.091115,0.0896728509123666,,,,109.7,,-0.1582037549133829,3222.342650269836,SL,,
2026-09-27T15:07:28.440577+00:00,close,,DUSKUSDT,ICT/SMC v2,long,,,0.091115,0.0896728509123666,,,,109.8,,-0.1583479698221462,3222.184302300014,SL,,
2026-09-27T15:07:35.266393+00:00,close,,DYDXUSDT,ICT/SMC v2,long,,,0.14055,0.14055,,,,71.14,,0.0,3222.184302300014,SL,,
2026-09-27T15:08:11.339823+00:00,close,,ETHUSDT,ICT/SMC v2,short,,,2705.025,2687.363708927344,,,,0.003696,,0.0652761318045357,3222.249578431819,TP1,,
2026-09-27T15:08:17.476804+00:00,close,,FETUSDT,Supertrend+ADX,long,,,0.24555,0.2384559418896426,,,,61.087,,-0.4333547277874027,3221.8162237040315,SL,,
2026-09-27T15:09:19.874905+00:00,close,,ILVUSDT,ICT/SMC v2,long,,,3.987,3.987,,,,2.5082,,0.0,3221.8162237040315,SL,,
2026-09-27T15:10:18.749403+00:00,close,,LPTUSDT,ICT/SMC v2,long,,,1.7747,1.74804345542366,,,,5.6347,,-0.1502016317243031,3221.666022072307,SL,,
2026-09-27T15:10:19.276074+00:00,close,,LPTUSDT,ICT/SMC v2,long,,,1.7747,1.74804345542366,,,,5.6348,,-0.1502042973787608,3221.515817774928,SL,,
2026-09-27T15:10:29.819160+00:00,close,,LUNAUSDT,ICT/SMC v2,long,,,0.05365,0.0531479126533059,,,,186.39,,-0.0935840605502969,3221.4222337143774,SL,,
2026-09-27T15:10:40.423468+00:00,close,,MANAUSDT,ICT/SMC v2,long,,,0.0919099999999999,0.0910695554008998,,,,108.8,,-0.0914403723820937,3221.3307933419956,SL,,
2026-09-27T15:12:01.271617+00:00,close,,ORDIUSDT,ICT/SMC v2,long,,,4.79505,4.79505,,,,2.085,,0.0,3221.3307933419956,SL,,
2026-09-27T15:13:06.340964+00:00,close,,RLCUSDT,ICT/SMC v2,long,,,0.3546,0.3546,,,,28.2007,,0.0,3221.3307933419956,SL,,
2026-09-27T15:13:22.753458+00:00,close,,RSRUSDT,ICT/SMC v2,long,,,0.001776,0.0017591239659952,,,,5630.63,,-0.0950227033479155,3221.2357706386474,SL,,
2026-09-27T15:13:57.391218+00:00,close,,SKLUSDT,ICT/SMC v2,long,,,0.0046949999999999,0.004644742111326,,,,2129.925,,-0.1070455335339574,3221.1287251051144,SL,,
2026-09-27T15:14:04.541807+00:00,close,,SLPUSDT,Supertrend+ADX,long,,,0.000707,0.0006921766234124,,,,21216.4,,-0.3144986870326193,3220.8142264180815,SL,,
2026-09-27T15:14:26.638025+00:00,close,,STRKUSDT,ICT/SMC v2,long,,,0.0407,0.0401586775003993,,,,245.7,,-0.1330029381518897,3220.6812234799295,SL,,
2026-09-27T15:19:01.842987+00:00,open,,ALICEUSDT,ICT/SMC v2,long,,,0.1619,,0.1588857908474129,0.1664213137288804,0.170942627457761,123.53,20.0,,,,,
2026-09-27T15:21:18.968732+00:00,open,,CKBUSDT,ICT/SMC v2,short,,,0.0013974999999999,,0.0014134074043872,0.0013736388934191,0.0013497777868383,14311.27,20.0,,,,,
2026-09-27T15:22:56.921191+00:00,close,,ETHFIUSDT,ICT/SMC v2,short,,,0.7233,0.7064912898425221,,,,13.8,,0.2319602001731961,3220.913183680102,TP1,,
2026-09-27T15:27:38.937810+00:00,close,,SATSUSDT,ICT/SMC v2,long,,,1.27e-08,1.27e-08,,,,787401574.8,,0.0,3220.913183680102,SL,,
2026-09-27T15:29:44.617073+00:00,close,,ZRXUSDT,ICT/SMC v2,short,,,0.12755,0.1243503761807156,,,,78.4,,0.2508505074318907,3221.164034187534,TP2,,
2026-09-27T15:33:40.989910+00:00,close,,AEROUSDT,ICT/SMC v2,short,,,0.86215,0.8290330545000889,,,,11.6,,0.3841565677989683,3221.5481907553335,TP2,,
2026-09-27T15:34:30.244336+00:00,close,,ARPAUSDT,Supertrend+ADX,long,,,0.011433,0.0113150620496651,,,,1311.99,,-0.1547334114598257,3221.3934573438737,SL,,
2026-09-27T15:39:08.970715+00:00,close,,JASMYUSDT,ICT/SMC v2,long,,,0.0053609999999999,0.0051515568578887,,,,1865.3,,-0.3906742929801712,3221.0027830508934,SL,,
2026-09-27T15:39:51.538187+00:00,open,,LTCUSDT,ICT/SMC v2,short,,,71.1045,,71.89037597001891,69.92568604497166,68.7468720899433,0.28127,20.0,,,,,
2026-09-27T15:40:39.754963+00:00,close,,MTLUSDT,ICT/SMC v2,short,,,0.34195,0.3370635312533527,,,,29.244,,0.1428998920269529,3221.1456829429203,TP1,,
2026-09-27T15:41:13.453626+00:00,open,,ORDIUSDT,ICT/SMC v2,short,,,4.793150000000001,,4.863491941432665,4.687637087851003,4.582124175702006,4.172,20.0,,,,,
2026-09-27T15:57:33.252778+00:00,open,,RENDERUSDT,ICT/SMC v2,short,,,2.008,,2.042545076147346,1.956182385778981,1.904364771557962,9.96,20.0,,,,,
2026-09-27T16:00:12.300424+00:00,open,,ZRXUSDT,ICT/SMC v2,short,,,0.1251,,0.1260444217604652,0.1236833673593021,0.1222667347186043,159.872,20.0,,,,,
2026-09-27T16:05:12.058095+00:00,open,,BANANAUSDT,ICT/SMC v2,short,,,4.205,,4.24655430876819,4.142668536847715,4.08033707369543,4.7562,20.0,,,,,
2026-09-27T16:05:36.614375+00:00,open,,BEAMXUSDT,ICT/SMC v2,short,,,0.0021305,,0.0021561681315268,0.0020919978027096,0.0020534956054193,9387.4,20.0,,,,,
2026-09-27T16:09:40.347823+00:00,open,,HMSTRUSDT,ICT/SMC v2,short,,,0.0001803,,0.0001819065428452,0.0001778901857321,0.0001754803714642,110926.2,20.0,,,,,
2026-09-27T16:09:55.074182+00:00,open,,INITUSDT,ICT/SMC v2,short,,,0.0900499999999999,,0.0910070139336893,0.0886144790994658,0.0871789581989317,222.0988,20.0,,,,,
2026-09-27T16:10:04.915332+00:00,open,,IOUSDT,ICT/SMC v2,short,,,0.16725,,0.1694819042146709,0.1639021436779936,0.1605542873559872,119.58,20.0,,,,,
2026-09-27T16:20:53.528582+00:00,close,,BNBUSDT,ICT/SMC v2,short,,,779.25265,774.111428823342,,,,0.012,,0.0616946541198967,3221.2073775970402,TP1,,
2026-09-27T16:21:20.739212+00:00,open,,CATIUSDT,Supertrend+ADX,long,,,0.066325,,0.0644256008127151,0.0691740987809272,0.0720231975618544,452.3,30.0,,,,,
2026-09-27T16:21:24.785697+00:00,close,,CELRUSDT,Supertrend+ADX,short,,,0.003045,0.0031137638436076,,,,4926.1,,-0.3387375699954449,3220.8686400270453,SL,,
2026-09-27T16:22:39.174756+00:00,close,,EGLDUSDT,ICT/SMC v2,short,,,4.574999999999999,4.622862982220035,,,,2.185,,-0.1045806161507773,3220.764059410894,SL,,
2026-09-27T16:22:39.700471+00:00,close,,EGLDUSDT,ICT/SMC v2,short,,,4.574999999999999,4.622862982220035,,,,2.186,,-0.1046284791329973,3220.6594309317616,SL,,
2026-09-27T16:24:05.086687+00:00,close,,HMSTRUSDT,Supertrend+ADX,short,,,0.0001784,0.0001815181912952,,,,84080.7,,-0.2621797068364566,3220.3972512249247,SL,,
2026-09-27T16:24:09.731466+00:00,open,,HMSTRUSDT,Supertrend+ADX,long,,,0.00017965,,0.0001761661433431,0.0001848757849852,0.0001901015699705,166991.3,30.0,,,,,
2026-09-27T16:24:28.932232+00:00,open,,INJUSDT,ICT/SMC v2,short,,,7.962,,8.094400350400399,7.7633994743994,7.564798948798802,2.5119,20.0,,,,,
2026-09-27T16:25:26.151282+00:00,open,,LUNAUSDT,ICT/SMC v2,short,,,0.05345,,0.0541079520808408,0.0524630718787386,0.0514761437574773,374.18,20.0,,,,,
2026-09-27T16:26:17.322803+00:00,open,,NEOUSDT,ICT/SMC v2,short,,,2.65735,,2.6871791190089698,2.612606321486546,2.5678626429730915,7.526,20.0,,,,,
2026-09-27T16:26:58.804676+00:00,open,,PENDLEUSDT,Supertrend+ADX,long,,,2.66895,,2.561816406842095,2.829650389736857,2.9903507794737143,11.2,30.0,,,,,
2026-09-27T16:30:08.762641+00:00,close,,WUSDT,ICT/SMC v2,short,,,0.01465,0.0154933084492513,,,,682.5,,-0.5755580166140314,3219.8216932083105,SL,,
2026-09-27T16:30:38.793272+00:00,open,,XLMUSDT,ICT/SMC v2,short,,,0.215949,,0.2183948913875659,0.2122801629186511,0.2086113258373022,92.6,20.0,,,,,
2026-09-27T16:30:42.736794+00:00,open,,XRPUSDT,ICT/SMC v2,short,,,1.517315,,1.532471456944413,1.4945803145833805,1.471845629166761,13.1,20.0,,,,,
2026-09-27T16:30:51.113590+00:00,open,,ZECUSDT,ICT/SMC v2,short,,,1583.7445,,1608.9891748180032,1545.8774877729952,1508.0104755459906,0.01262,20.0,,,,,
2026-09-27T16:35:59.256184+00:00,open,,BLURUSDT,ICT/SMC v2,short,,,0.02085,,0.0210544719914243,0.0205432920128634,0.0202365840257269,959.2326,20.0,,,,,
2026-09-27T16:36:37.598523+00:00,close,,CHRUSDT,Supertrend+ADX,long,,,0.022069,0.0235246102088734,,,,679.68,,0.989349146767073,3220.8110423550775,TP2,,
2026-09-27T16:38:06.584483+00:00,open,,ETCUSDT,ICT/SMC v2,short,,,9.4891,,9.596640406352734,9.3277893904709,9.166478780941802,2.1,20.0,,,,,
2026-09-27T16:39:02.782638+00:00,open,,HBARUSDT,ICT/SMC v2,short,,,0.093485,,0.0946351544013118,0.0917597683980323,0.0900345367960646,213.9,20.0,,,,,
2026-09-27T16:40:16.394341+00:00,open,,JUPUSDT,ICT/SMC v2,short,,,0.33785,,0.3440815214885516,0.3285027177671725,0.319155435534345,59.1,20.0,,,,,
2026-09-27T16:40:21.236548+00:00,open,,KNCUSDT,ICT/SMC v2,short,,,0.1453499999999999,,0.1464636903685854,0.1436794644471217,0.1420089288942434,137.5988,20.0,,,,,
2026-09-27T16:42:13.624302+00:00,close,,NMRUSDT,ICT/SMC v2,short,,,9.723,9.808409555624907,,,,1.0284,,-0.0878351870046555,3220.723207168073,SL,,
2026-09-27T16:42:14.112850+00:00,close,,NMRUSDT,ICT/SMC v2,short,,,9.723,9.808409555624907,,,,1.0285,,-0.087843727960218,3220.635363440112,SL,,
2026-09-27T16:49:17.515764+00:00,close,,APEUSDT,Supertrend+ADX,long,,,0.15225,0.1609683693410196,,,,98.52,,0.8589337474772569,3221.49429718759,TP1,,
2026-09-27T16:55:59.982837+00:00,open,,MASKUSDT,Supertrend+ADX,long,,,0.483,,0.4722304435983945,0.4991543346024081,0.5153086692048162,62.1118,30.0,,,,,
2026-09-27T16:56:06.006210+00:00,open,,MASKUSDT,ICT/SMC v2,short,,,0.483,,0.4882245000223865,0.4751632499664203,0.4673264999328406,41.40786,20.0,,,,,
2026-09-27T17:19:23.431689+00:00,close,,APEUSDT,Supertrend+ADX,long,,,0.15225,0.1696867386820393,,,,98.52,,1.7178674949545163,3223.2121646825444,TP2,,
2026-09-27T17:19:43.291652+00:00,open,,ARKUSDT,ICT/SMC v2,short,,,0.24525,,0.2510961171468271,0.2364808242797593,0.2277116485595186,81.5,20.0,,,,,
2026-09-27T17:27:20.180252+00:00,open,,RLCUSDT,ICT/SMC v2,short,,,0.35545,,0.3593242835667192,0.3496385746499211,0.3438271492998422,56.2667,20.0,,,,,
2026-09-27T17:28:07.218460+00:00,open,,SSVUSDT,ICT/SMC v2,short,,,3.197,,3.237234784548115,3.136647823177828,3.076295646355656,6.2558,20.0,,,,,
2026-09-27T17:37:37.242481+00:00,open,,DYDXUSDT,ICT/SMC v2,long,,,0.14375,,0.1415336121210564,0.1470745818184154,0.1503991636368307,139.13,20.0,,,,,
2026-09-27T17:40:16.000430+00:00,open,,KSMUSDT,Supertrend+ADX,long,,,4.835,,4.717137489113641,5.0117937663295375,5.188587532659076,6.204756,30.0,,,,,
2026-09-27T17:49:25.322222+00:00,close,,ARUSDT,ICT/SMC v2,long,,,4.8795,5.034791459530331,,,,2.04,,0.3167945774418756,3223.528959259986,TP1,,
2026-09-27T17:49:44.669933+00:00,open,,ATOMUSDT,ICT/SMC v2,long,,,1.8699,,1.847429715258736,1.903605427111896,1.937310854223792,10.695,20.0,,,,,
2026-09-27T17:51:46.935139+00:00,close,,CRVUSDT,ICT/SMC v2,short,,,0.34565,0.3500943478727681,,,,28.9,,-0.1284416535229995,3223.400517606463,SL,,
2026-09-27T17:52:35.936120+00:00,close,,ENAUSDT,ICT/SMC v2,long,,,0.27305,0.2808412996356334,,,,36.62,,0.2853173926568954,3223.6858349991194,TP1,,
2026-09-27T17:53:25.577436+00:00,open,,FILUSDT,ICT/SMC v2,long,,,1.15555,,1.138836864751274,1.180619702873089,1.2056894057461778,17.3,20.0,,,,,
2026-09-27T17:53:55.544392+00:00,close,,GRTUSDT,ICT/SMC v2,long,,,0.027895,0.0288738012310727,,,,358.5,,0.3509002413395917,3224.036735240459,TP2,,
2026-09-27T17:55:33.670150+00:00,close,,KSMUSDT,ICT/SMC v2,short,,,4.779999999999999,4.836516142088773,,,,2.09205,,-0.1182345950568193,3223.918500645402,SL,,
2026-09-27T18:04:13.996427+00:00,close,,ARUSDT,Supertrend+ADX,long,,,4.8065,5.083039886112107,,,,3.12,,0.8628044446697736,3224.781305090072,TP1,,
2026-09-27T18:07:42.512483+00:00,close,,FIDAUSDT,ICT/SMC v2,short,,,0.02233,0.0227058202248015,,,,447.828,,-0.1683028196324042,3224.613002270439,SL,,
2026-09-27T18:07:51.310398+00:00,open,,FILUSDT,Supertrend+ADX,long,,,1.15635,,1.1259759984763809,1.201911002285429,1.2474720045708576,25.94,30.0,,,,,
2026-09-27T18:08:49.401959+00:00,close,,IMXUSDT,ICT/SMC v2,long,,,0.16815,0.1714376089762643,,,,59.4707,,0.1955164071447206,3224.808518677584,TP1,,
2026-09-27T18:11:04.852095+00:00,close,,NMRUSDT,Supertrend+ADX,long,,,9.597,10.114544195632527,,,,1.5629,,0.808869823354078,3225.6173885009375,TP1,,
2026-09-27T18:13:06.696478+00:00,open,,SAGAUSDT,ICT/SMC v2,long,,,0.0274,,0.0261456158886871,0.0292815761669693,0.0311631523339386,729.9,20.0,,,,,
2026-09-27T18:18:50.004213+00:00,open,,AEROUSDT,Supertrend+ADX,long,,,0.8491500000000001,,0.8240514385450611,0.8867978421824085,0.9244456843648168,35.32,30.0,,,,,
2026-09-27T18:18:54.897461+00:00,close,,AGLDUSDT,ICT/SMC v2,short,,,0.21845,0.2198556749258991,,,,45.777,,-0.0643475810828832,3225.5530409198554,SL,,
2026-09-27T18:18:55.340851+00:00,close,,AGLDUSDT,ICT/SMC v2,short,,,0.21845,0.2198556749258991,,,,45.7771,,-0.0643477216503758,3225.4886931982046,SL,,
2026-09-27T18:19:20.760827+00:00,close,,APTUSDT,ICT/SMC v2,short,,,0.8443499999999999,0.8558930352222913,,,,11.8434,,-0.1367087833516858,3225.3519844148527,SL,,
2026-09-27T18:22:11.161752+00:00,open,,DOTUSDT,Supertrend+ADX,long,,,1.25825,,1.22448689352449,1.308894659713265,1.3595393194265295,23.84,30.0,,,,,
2026-09-27T18:23:51.527616+00:00,open,,GTCUSDT,ICT/SMC v2,long,,,0.09065,,0.0900266622217728,0.0915850066673407,0.0925200133346814,220.6287,20.0,,,,,
2026-09-27T18:23:54.442110+00:00,close,,HBARUSDT,ICT/SMC v2,short,,,0.093485,0.0946351544013118,,,,106.9,,-0.1229515055002303,3225.229032909352,SL,,
2026-09-27T18:23:54.920277+00:00,close,,HBARUSDT,ICT/SMC v2,short,,,0.093485,0.0946351544013118,,,,107.0,,-0.1230665209403615,3225.1059663884116,SL,,
2026-09-27T18:29:41.288000+00:00,open,,STRKUSDT,ICT/SMC v2,long,,,0.0414,,0.0407975068957744,0.0423037396563384,0.0432074793126768,483.09,20.0,,,,,
2026-09-27T18:31:04.937829+00:00,close,,XRPUSDT,ICT/SMC v2,short,,,1.517315,1.532471456944413,,,,6.5,,-0.0985169701386839,3225.007449418273,SL,,
2026-09-27T18:31:05.370821+00:00,close,,XRPUSDT,ICT/SMC v2,short,,,1.517315,1.532471456944413,,,,6.6,,-0.1000326158331252,3224.90741680244,SL,,
2026-09-27T18:33:59.641089+00:00,close,,ALGOUSDT,Supertrend+ADX,short,,,0.11635,0.1194998910387887,,,,128.9,,-0.4060209548998701,3224.50139584754,SL,,
2026-09-27T18:34:15.684618+00:00,open,,APEUSDT,ICT/SMC v2,long,,,0.1639,,0.1593219489294762,0.1707670766057855,0.1776341532115711,122.02,20.0,,,,,
2026-09-27T18:36:34.416375+00:00,close,,CKBUSDT,ICT/SMC v2,short,,,0.0013974999999999,0.0014134074043872,,,,7155.63,,-0.1138275000552905,3224.387568347485,SL,,
2026-09-27T18:36:34.903088+00:00,close,,CKBUSDT,ICT/SMC v2,short,,,0.0013974999999999,0.0014134074043872,,,,7155.64,,-0.1138276591293344,3224.2737406883557,SL,,
2026-09-27T18:37:23.074218+00:00,close,,DYMUSDT,ICT/SMC v2,short,,,0.0206,0.0209086036381973,,,,485.4,,-0.1497962059809718,3224.1239444823746,SL,,
2026-09-27T18:37:37.221514+00:00,close,,ENAUSDT,Supertrend+ADX,long,,,0.2716,0.2834897166976815,,,,55.22,,0.6565501560459734,3224.7804946384204,TP1,,
2026-09-27T18:43:19.062086+00:00,close,,RPLUSDT,ICT/SMC v2,short,,,2.07,2.086661908817034,,,,4.8309,,-0.08049201530421,3224.7000026231167,SL,,
2026-09-27T18:45:05.898113+00:00,close,,UMAUSDT,ICT/SMC v2,long,,,0.4255,0.4321199213844202,,,,23.5017,,0.155579406400228,3224.8555820295164,TP1,,
2026-09-27T18:45:26.779192+00:00,open,,WUSDT,ICT/SMC v2,long,,,0.01545,,0.014787354863995,0.0164439677040074,0.0174379354080149,1294.4,20.0,,,,,
2026-09-27T18:45:42.506154+00:00,close,,WOOUSDT,ICT/SMC v2,short,,,0.01345,0.0135710499916614,,,,743.494,,-0.0899999425003412,3224.765582087016,SL,,
2026-09-27T18:45:45.788789+00:00,open,,WOOUSDT,Supertrend+ADX,long,,,0.013595,,0.0133417318002181,0.0139749022996727,0.0143548045993454,2206.693,30.0,,,,,
2026-09-27T18:46:15.136439+00:00,close,,ZRXUSDT,ICT/SMC v2,short,,,0.1251,0.1260444217604652,,,,79.936,,-0.0754932978445477,3224.690088789172,SL,,
2026-09-27T18:50:06.443771+00:00,close,,BANANAUSDT,ICT/SMC v2,short,,,4.205,4.24655430876819,,,,2.3781,,-0.0988203016816331,3224.5912684874897,SL,,
2026-09-27T18:50:12.779260+00:00,open,,BANDUSDT,ICT/SMC v2,short,,,0.2265,,0.2292441800343265,0.2223837299485102,0.2182674598970205,88.30022,20.0,,,,,
2026-09-27T18:50:29.191681+00:00,close,,BEAMXUSDT,ICT/SMC v2,short,,,0.0021305,0.0021561681315268,,,,4693.7,,-0.1204785089477067,3224.4707899785426,SL,,
2026-09-27T18:50:51.355702+00:00,close,,BLURUSDT,ICT/SMC v2,short,,,0.02085,0.0210544719914243,,,,479.6163,,-0.0980680999805768,3224.3727218785616,SL,,
2026-09-27T18:51:00.319173+00:00,close,,BNBUSDT,ICT/SMC v2,short,,,779.25265,779.25265,,,,0.013,,-0.0,3224.3727218785616,SL,,
2026-09-27T18:51:41.167961+00:00,close,,CFXUSDT,ICT/SMC v2,short,,,0.0562305,0.0567573848865701,,,,177.83,,-0.0936959393787671,3224.2790259391827,SL,,
2026-09-27T18:51:41.582796+00:00,close,,CFXUSDT,ICT/SMC v2,short,,,0.0562305,0.0567573848865701,,,,177.84,,-0.0937012082276328,3224.185324730955,SL,,
2026-09-27T18:51:58.696975+00:00,open,,CKBUSDT,Supertrend+ADX,long,,,0.0014195,,0.0013871538099025,0.0014680192851462,0.0015165385702924,21134.2,30.0,,,,,
2026-09-27T18:52:56.345298+00:00,open,,EDUUSDT,Supertrend+ADX,long,,,0.05205,,0.0508621496563554,0.0538317755154668,0.0556135510309337,576.36,30.0,,,,,
2026-09-27T18:53:11.700116+00:00,close,,ENAUSDT,ICT/SMC v2,long,,,0.27305,0.2886325992712668,,,,36.62,,0.5706347853137907,3224.755959516269,TP2,,
2026-09-27T18:53:45.869720+00:00,open,,FIDAUSDT,ICT/SMC v2,long,,,0.02268,,0.0223408493730362,0.0231887259404456,0.0236974518808913,881.834,20.0,,,,,
2026-09-27T18:55:03.085672+00:00,close,,IMXUSDT,ICT/SMC v2,long,,,0.16815,0.1747252179525285,,,,59.4707,,0.3910328142894396,3225.146992330558,TP2,,
2026-09-27T18:55:53.788343+00:00,close,,JUPUSDT,ICT/SMC v2,short,,,0.33785,0.3440815214885516,,,,29.5,,-0.183829883912274,3224.9631624466456,SL,,
2026-09-27T18:55:54.164696+00:00,close,,JUPUSDT,ICT/SMC v2,short,,,0.33785,0.3440815214885516,,,,29.6,,-0.1844530360611291,3224.7787094105843,SL,,
2026-09-27T18:56:04.668168+00:00,close,,KNCUSDT,ICT/SMC v2,short,,,0.1453499999999999,0.1464636903685854,,,,68.7994,,-0.0766212291444609,3224.7020881814396,SL,,
2026-09-27T18:57:50.105333+00:00,close,,NEWTUSDT,ICT/SMC v2,short,,,0.0509899999999999,0.0513786976154662,,,,196.116,,-0.0762298215547827,3224.625858359884,SL,,
2026-09-27T18:57:50.539541+00:00,close,,NEWTUSDT,ICT/SMC v2,short,,,0.0509899999999999,0.0513786976154662,,,,196.117,,-0.0762302102523981,3224.549628149632,SL,,
2026-09-27T18:59:40.451575+00:00,close,,RLCUSDT,ICT/SMC v2,short,,,0.35545,0.3593242835667192,,,,28.1333,,-0.1089963818675814,3224.4406317677644,SL,,
2026-09-27T18:59:40.939788+00:00,close,,RLCUSDT,ICT/SMC v2,short,,,0.35545,0.3593242835667192,,,,28.1334,,-0.1089967692959381,3224.3316349984684,SL,,
2026-09-27T18:59:50.694803+00:00,open,,RPLUSDT,Supertrend+ADX,long,,,2.1115000000000004,,2.078625408089298,2.160811887866054,2.2101237757321077,14.2079,30.0,,,,,
2026-09-27T19:00:05.940303+00:00,close,,SUSDT,ICT/SMC v2,short,,,0.03995,0.0406051371769312,,,,250.3,,-0.1639808353858791,3224.1676541630827,SL,,
2026-09-27T19:01:05.499635+00:00,close,,SUSHIUSDT,ICT/SMC v2,short,,,0.26675,0.270270669138207,,,,37.488,,-0.1319828446531052,3224.0356713184296,SL,,
2026-09-27T19:02:37.056379+00:00,close,,ZECUSDT,ICT/SMC v2,short,,,1583.7445,1608.9891748180032,,,,0.00631,,-0.1592938981016002,3223.876377420328,SL,,
2026-09-27T19:22:56.072682+00:00,open,,BEAMXUSDT,ICT/SMC v2,long,,,0.0021615,,0.0021407961348709,0.0021925557976936,0.0022236115953872,9252.8,20.0,,,,,
2026-09-27T19:24:55.704684+00:00,close,,EDUUSDT,ICT/SMC v2,short,,,0.05165,0.0521338964447353,,,,193.61,,-0.0936871906652125,3223.7826902296633,SL,,
2026-09-27T19:25:42.053304+00:00,open,,FIDAUSDT,Supertrend+ADX,long,,,0.023145,,0.022448703084585,0.0241894453731223,0.0252338907462447,1296.176,30.0,,,,,
2026-09-27T19:27:30.510898+00:00,open,,KERNELUSDT,ICT/SMC v2,long,,,0.05685,,0.0562553773195386,0.0577419340206919,0.0586338680413839,351.8029,20.0,,,,,
2026-09-27T19:28:44.114155+00:00,close,,MINAUSDT,ICT/SMC v2,long,,,0.14205,0.1450520708474202,,,,70.3,,0.2110455805736429,3223.9937358102366,TP1,,
2026-09-27T19:28:54.128344+00:00,close,,MTLUSDT,ICT/SMC v2,short,,,0.34195,0.34195,,,,29.244,,-0.0,3223.9937358102366,SL,,
2026-09-27T19:29:48.368747+00:00,close,,POLUSDT,ICT/SMC v2,long,,,0.1197999999999999,0.1223562280039291,,,,83.4724,,0.2133744864351726,3224.2071102966715,TP1,,
2026-09-27T19:52:07.896612+00:00,open,,ALGOUSDT,ICT/SMC v2,long,,,0.11895,,0.1173362713967115,0.1213705929049327,0.1237911858098654,168.1,20.0,,,,,
2026-09-27T19:56:43.058601+00:00,close,,FILUSDT,ICT/SMC v2,long,,,1.15555,1.138836864751274,,,,8.65,,-0.1445686199014796,3224.06254167677,SL,,
2026-09-27T19:57:07.309639+00:00,open,,GALAUSDT,ICT/SMC v2,long,,,0.002303,,0.0022709990697961,0.0023510013953058,0.0023990027906116,8684.3,20.0,,,,,
2026-09-27T19:58:18.791068+00:00,close,,JTOUSDT,ICT/SMC v2,long,,,0.6116,0.5967339001230421,,,,16.3,,-0.2423174279944149,3223.8202242487764,SL,,
2026-09-27T19:58:19.317855+00:00,close,,JTOUSDT,ICT/SMC v2,long,,,0.6116,0.5967339001230421,,,,16.4,,-0.2438040379821107,3223.5764202107944,SL,,
2026-09-27T19:59:52.074731+00:00,open,,NEWTUSDT,ICT/SMC v2,long,,,0.0513099999999999,,0.0510246274040064,0.0517380588939903,0.0521661177879807,389.787,20.0,,,,,
2026-09-27T20:01:09.795590+00:00,close,,PORTALUSDT,ICT/SMC v2,long,,,0.017835,0.0176712010340573,,,,560.6,,-0.0918257003074604,3223.484594510487,SL,,
2026-09-27T20:01:55.664977+00:00,open,,RPLUSDT,ICT/SMC v2,long,,,2.1185,,2.1009692454127693,2.144796131880846,2.1710922637616923,9.4406,20.0,,,,,
2026-09-27T20:02:09.432847+00:00,open,,SUSDT,ICT/SMC v2,long,,,0.0404,,0.0399548336191166,0.041067749571325,0.0417354991426501,495.0,20.0,,,,,
2026-09-27T20:02:38.912607+00:00,close,,STGUSDT,Supertrend+ADX,long,,,0.13855,0.1444682674713519,,,,108.2641,,0.640735901345196,3224.1253304118322,TP1,,
2026-09-27T20:21:25.308439+00:00,close,,ALICEUSDT,ICT/SMC v2,long,,,0.1619,0.1588857908474129,,,,61.76,,-0.1861575572637741,3223.9391728545684,SL,,
2026-09-27T20:21:25.806491+00:00,close,,ALICEUSDT,ICT/SMC v2,long,,,0.1619,0.1588857908474129,,,,61.77,,-0.1861876993553,3223.7529851552135,SL,,
2026-09-27T20:22:14.650349+00:00,close,,AVAXUSDT,ICT/SMC v2,short,,,10.9285,11.074547889356804,,,,0.91,,-0.132903579314692,3223.6200815758984,SL,,
2026-09-27T20:22:15.066483+00:00,close,,AVAXUSDT,ICT/SMC v2,short,,,10.9285,11.074547889356804,,,,0.92,,-0.1343640582082601,3223.4857175176903,SL,,
2026-09-27T20:23:47.332962+00:00,close,,CETUSUSDT,ICT/SMC v2,long,,,0.028815,0.0306760899745429,,,,347.041,,0.6458745258553634,3224.131592043546,TP1,,
2026-09-27T20:24:02.543203+00:00,close,,COMPUSDT,ICT/SMC v2,short,,,23.950000000000003,24.25713226747721,,,,0.41753,,-0.12823693563976,3224.003355107906,SL,,
2026-09-27T20:24:55.495337+00:00,open,,EGLDUSDT,ICT/SMC v2,long,,,4.699999999999999,,4.644809635299483,4.782785547050774,4.865571094101548,4.255,20.0,,,,,
2026-09-27T20:29:26.634141+00:00,close,,ONDOUSDT,Supertrend+ADX,long,,,0.5421,0.563058301303813,,,,27.67,,0.5799161970765039,3224.5832713049826,TP1,,
2026-09-27T20:32:31.933024+00:00,open,,SUPERUSDT,ICT/SMC v2,long,,,0.20365,,0.1992445579934391,0.2102581630098413,0.2168663260196826,98.2,20.0,,,,,
2026-09-27T20:52:23.627740+00:00,open,,AGLDUSDT,ICT/SMC v2,long,,,0.22035,,0.2189422490196807,0.2224616264704788,0.2245732529409576,90.7646,20.0,,,,,
2026-09-27T20:53:01.696743+00:00,close,,ARUSDT,ICT/SMC v2,long,,,4.8795,4.8795,,,,2.05,,0.0,3224.5832713049826,SL,,
2026-09-27T20:53:19.310682+00:00,open,,ARKMUSDT,ICT/SMC v2,long,,,0.14015,,0.1382496049042851,0.1430005926435723,0.1458511852871445,142.7,20.0,,,,,
2026-09-27T20:53:24.560823+00:00,open,,ARPAUSDT,ICT/SMC v2,long,,,0.011521,,0.0114229054969225,0.0116681417546161,0.0118152835092322,1735.96,20.0,,,,,
2026-09-27T20:56:27.681336+00:00,open,,CYBERUSDT,ICT/SMC v2,long,,,0.359,,0.3554087110109442,0.3643869334835836,0.3697738669671673,55.71,20.0,,,,,
2026-09-27T20:57:09.443815+00:00,close,,DYDXUSDT,ICT/SMC v2,long,,,0.14375,0.1415336121210564,,,,69.56,,-0.1541719408593167,3224.4290993641234,SL,,
2026-09-27T20:57:10.101041+00:00,close,,DYDXUSDT,ICT/SMC v2,long,,,0.14375,0.1415336121210564,,,,69.57,,-0.1541941047381061,3224.274905259386,SL,,
2026-09-27T20:58:35.396967+00:00,close,,FIDAUSDT,Supertrend+ADX,long,,,0.023145,0.022448703084585,,,,648.088,,-0.4512616753174269,3223.823643584068,SL,,
2026-09-27T21:05:56.255378+00:00,open,,STXUSDT,ICT/SMC v2,long,,,0.3389,,0.3350451461501689,0.3446822807747466,0.3504645615494933,59.0,20.0,,,,,
2026-09-27T21:26:36.068345+00:00,close,,ARUSDT,Supertrend+ADX,long,,,4.8065,4.8065,,,,3.12,,0.0,3223.823643584068,SL,,
2026-09-27T21:32:48.141333+00:00,close,,MINAUSDT,ICT/SMC v2,long,,,0.14205,0.1480541416948404,,,,70.3,,0.4220911611472838,3224.2457347452155,TP2,,
2026-09-27T21:33:09.730797+00:00,close,,NEARUSDT,ICT/SMC v2,long,,,5.24025,5.488004214333164,,,,1.9,,0.4707330072330118,3224.7164677524484,TP1,,
2026-09-27T21:33:12.836665+00:00,close,,NEOUSDT,ICT/SMC v2,short,,,2.65735,2.6871791190089698,,,,3.763,,-0.1122469748307528,3224.6042207776177,SL,,
2026-09-27T21:35:50.776380+00:00,open,,SUSHIUSDT,ICT/SMC v2,short,,,0.2688,,0.2715998801085781,0.2646001798371328,0.2604003596742656,74.404,20.0,,,,,
2026-09-27T22:04:49.531273+00:00,close,,BEAMXUSDT,ICT/SMC v2,long,,,0.0021615,0.0021407961348709,,,,4626.4,,-0.095784361633139,3224.5084364159848,SL,,
2026-09-27T22:08:56.408668+00:00,close,,LUNCUSDT,ICT/SMC v2,long,,,5.578e-05,5.5273551682991707e-05,,,,179275.7,,-0.0907938765454833,3224.41764253944,SL,,
2026-09-27T22:09:51.338136+00:00,close,,NEWTUSDT,ICT/SMC v2,long,,,0.0513099999999999,0.0510246274040064,,,,194.893,,-0.0556171213509781,3224.3620254180887,SL,,
2026-09-27T22:11:17.675120+00:00,open,,RLCUSDT,ICT/SMC v2,long,,,0.35575,,0.3523681682601833,0.3608227476097249,0.3658954952194498,56.2192,20.0,,,,,
2026-09-27T22:11:22.191956+00:00,close,,ROSEUSDT,ICT/SMC v2,long,,,0.008805,0.0089760658878624,,,,1135.7,,0.1942795288454179,3224.5563049469342,TP1,,
2026-09-27T22:11:26.219559+00:00,close,,RPLUSDT,ICT/SMC v2,long,,,2.1185,2.1009692454127693,,,,4.7203,,-0.0827504208781052,3224.473554526056,SL,,
2026-09-27T22:11:47.434315+00:00,close,,SEIUSDT,Supertrend+ADX,long,,,0.0736999999999999,0.0768251071857295,,,,203.5,,0.6359593122959567,3225.1095138383516,TP1,,
2026-09-27T22:12:23.353837+00:00,close,,SUPERUSDT,ICT/SMC v2,long,,,0.20365,0.1992445579934391,,,,49.1,,-0.2163072025221388,3224.8932066358293,SL,,
2026-09-27T22:13:21.383240+00:00,close,,WOOUSDT,Supertrend+ADX,long,,,0.013595,0.0139749022996727,,,,1103.346,,0.4191636827347107,3225.312370318564,TP1,,
2026-09-27T22:18:58.291976+00:00,close,,ALGOUSDT,ICT/SMC v2,long,,,0.11895,0.1173362713967115,,,,84.0,,-0.1355532026762314,3225.176817115888,SL,,
2026-09-27T22:18:58.854616+00:00,close,,ALGOUSDT,ICT/SMC v2,long,,,0.11895,0.1173362713967115,,,,84.1,,-0.1357145755365602,3225.0411025403514,SL,,
2026-09-27T22:19:02.659322+00:00,open,,ALGOUSDT,ICT/SMC v2,long,,,0.11715,,0.1153673037626498,0.1198240443560252,0.1224980887120505,170.7,20.0,,,,,
2026-09-27T22:19:19.040220+00:00,open,,ARUSDT,ICT/SMC v2,short,,,4.66,,4.783422201710992,4.474866697433513,4.289733394867026,4.29,20.0,,,,,
2026-09-27T22:19:32.805682+00:00,open,,ARPAUSDT,Supertrend+ADX,short,,,0.011448,,0.0117177570724282,0.0110433643913576,0.0106387287827153,2620.54,30.0,,,,,
2026-09-27T22:19:46.919579+00:00,open,,AVNTUSDT,Supertrend+ADX,short,,,0.127095,,0.1312629091477524,0.1208431362783714,0.1145912725567428,236.043,30.0,,,,,
2026-09-27T22:19:53.294973+00:00,open,,AXSUSDT,Supertrend+ADX,short,,,1.165,,1.1897845797120243,1.1278231304319637,1.0906462608639274,25.75,30.0,,,,,
2026-09-27T22:21:04.361724+00:00,open,,CFXUSDT,Supertrend+ADX,short,,,0.055922,,0.0574975002412131,0.0535587496381802,0.0511954992763604,536.46,30.0,,,,,
2026-09-27T22:21:29.680988+00:00,close,,DOGEUSDT,ICT/SMC v2,short,,,0.09745505,0.0958136179129382,,,,102.6,,0.168410932132535,3225.2095134724836,TP1,,
2026-09-27T22:21:54.692708+00:00,close,,EGLDUSDT,ICT/SMC v2,long,,,4.699999999999999,4.644809635299483,,,,2.127,,-0.1173899057179986,3225.0921235667656,SL,,
2026-09-27T22:21:55.232301+00:00,close,,EGLDUSDT,ICT/SMC v2,long,,,4.699999999999999,4.644809635299483,,,,2.128,,-0.1174450960826991,3224.974678470683,SL,,
2026-09-27T22:22:04.806130+00:00,open,,ENAUSDT,ICT/SMC v2,long,,,0.2754,,0.2682645491872358,0.2861031762191461,0.2968063524382924,72.62,20.0,,,,,
2026-09-27T22:22:30.190760+00:00,close,,FILUSDT,Supertrend+ADX,long,,,1.15635,1.1259759984763809,,,,12.97,,-0.3939507997613402,3224.580727670922,SL,,
2026-09-27T22:22:36.407689+00:00,close,,FLOKIUSDT,ICT/SMC v2,long,,,2.827e-05,2.827e-05,,,,353731.8,,0.0,3224.580727670922,SL,,
2026-09-27T22:23:14.214502+00:00,close,,HMSTRUSDT,ICT/SMC v2,short,,,0.0001803,0.0001778901857321,,,,55463.1,,0.1336557697217403,3224.7143834406443,TP1,,
2026-09-27T22:23:26.133290+00:00,open,,IMXUSDT,ICT/SMC v2,long,,,0.17795,,0.1738532320532905,0.1840951519200642,0.1902403038401285,112.3911,20.0,,,,,
2026-09-27T22:24:02.876869+00:00,open,,LAYERUSDT,ICT/SMC v2,long,,,0.08415,,0.0830300829683263,0.0858298755475104,0.0875097510950209,237.6708,20.0,,,,,
2026-09-27T22:24:27.971469+00:00,open,,MANAUSDT,ICT/SMC v2,long,,,0.09142,,0.0904017013416392,0.0929474479875411,0.0944748959750823,218.7,20.0,,,,,
2026-09-27T22:25:04.037276+00:00,open,,MTLUSDT,Supertrend+ADX,short,,,0.3399999999999999,,0.3453681382104258,0.3319477926843612,0.3238955853687225,88.2352,30.0,,,,,
2026-09-27T22:26:05.916247+00:00,open,,POLYXUSDT,Supertrend+ADX,short,,,0.0451,,0.0461982221752542,0.0434526667371185,0.0418053334742371,665.1,30.0,,,,,
2026-09-27T22:26:14.616115+00:00,open,,PUMPUSDT,ICT/SMC v2,long,,,0.0050445,,0.0048690766013986,0.005307635097902,0.0055707701958041,3964.71,20.0,,,,,
2026-09-27T22:26:27.573303+00:00,close,,RAYUSDT,ICT/SMC v2,short,,,2.2226,2.139780188868753,,,,4.4,,0.364407168977484,3225.078790609621,TP1,,
2026-09-27T22:27:00.311353+00:00,close,,SUSDT,ICT/SMC v2,long,,,0.0404,0.0399548336191166,,,,247.5,,-0.1101786792686375,3224.9686119303533,SL,,
2026-09-27T22:27:14.794711+00:00,open,,SEIUSDT,ICT/SMC v2,long,,,0.0768,,0.0753453393279493,0.0789819910080759,0.0811639820161519,260.4,20.0,,,,,
2026-09-27T22:27:17.153308+00:00,close,,SHIBUSDT,Supertrend+ADX,long,,,5.97e-06,5.845071370751291e-06,,,,2512562.8,,-0.3138910265052982,3224.654720903847,SL,,
2026-09-27T22:27:19.830087+00:00,close,,SHIBUSDT,ICT/SMC v2,short,,,5.945e-06,5.839145372235323e-06,,,,1682085.7,,0.1780565556417857,3224.832777459489,TP1,,
2026-09-27T22:27:22.674051+00:00,open,,SHIBUSDT,Supertrend+ADX,short,,,5.885e-06,,6.042820419188956e-06,5.648269371216568e-06,5.4115387424331344e-06,5097706.0,30.0,,,,,
2026-09-27T22:27:47.714109+00:00,close,,STXUSDT,ICT/SMC v2,long,,,0.3389,0.3350451461501689,,,,29.5,,-0.113718188570017,3224.7190592709194,SL,,
2026-09-27T22:28:11.811099+00:00,open,,TIAUSDT,Supertrend+ADX,short,,,0.4983999999999999,,0.5178408669984248,0.4692386995023627,0.4400773990047256,60.1926,30.0,,,,,
2026-09-27T22:28:20.642904+00:00,open,,TRXUSDT,Supertrend+ADX,short,,,0.3334494999999999,,0.3345766805805388,0.3317587291291917,0.3300679582583834,89.9,30.0,,,,,
2026-09-27T22:34:23.192850+00:00,close,,ASTERUSDT,ICT/SMC v2,long,,,0.7204999999999999,0.7204999999999999,,,,13.8793,,0.0,3224.719059270919,SL,,
2026-09-27T22:37:21.909393+00:00,close,,GALAUSDT,ICT/SMC v2,long,,,0.002303,0.0022709990697961,,,,4342.1,,-0.1389512390382672,3224.580108031881,SL,,
2026-09-27T22:50:35.356342+00:00,close,,BTCUSDT,Supertrend+ADX,long,,,84193.58499999999,84193.58499999999,,,,0.000178,,0.0,3224.58010803188,SL,,
2026-09-27T22:50:47.381127+00:00,open,,CELOUSDT,ICT/SMC v2,short,,,0.0963,,0.0974778633875329,0.0945332049187005,0.0927664098374011,207.68,20.0,,,,,
2026-09-27T22:53:13.202844+00:00,close,,IMXUSDT,ICT/SMC v2,long,,,0.17795,0.1840951519200642,,,,56.1955,,0.3453298847239712,3224.9254379166046,TP1,,
2026-09-27T22:53:44.396826+00:00,close,,KERNELUSDT,ICT/SMC v2,long,,,0.05685,0.0562553773195386,,,,175.9014,,-0.1045949619649004,3224.82084295464,SL,,
2026-09-27T22:53:44.741870+00:00,close,,KERNELUSDT,ICT/SMC v2,long,,,0.05685,0.0562553773195386,,,,175.9015,,-0.1045950214271684,3224.716247933213,SL,,
2026-09-27T22:55:08.756432+00:00,open,,NOTUSDT,ICT/SMC v2,short,,,0.000523,,0.0005308827597484,0.0005111758603773,0.0004993517207546,38240.9,20.0,,,,,
2026-09-27T22:55:52.053179+00:00,close,,PORTALUSDT,Supertrend+ADX,short,,,0.0180999999999999,0.0174503100236337,,,,828.7,,0.5383980834147403,3225.2546460166277,TP1,,
2026-09-27T22:58:28.813533+00:00,close,,WOOUSDT,Supertrend+ADX,long,,,0.013595,0.0143548045993454,,,,1103.347,,0.8383281252740169,3226.092974141902,TP2,,
2026-09-27T23:04:17.819676+00:00,close,,ARKMUSDT,ICT/SMC v2,long,,,0.14015,0.1430005926435723,,,,71.3,,0.2032472554867044,3226.2962213973883,TP1,,
2026-09-27T23:05:07.507820+00:00,close,,BICOUSDT,Supertrend+ADX,short,,,0.0225,0.0229253746216184,,,,666.66666,,-0.2835830782431453,3226.012638319145,SL,,
2026-09-27T23:05:08.057957+00:00,close,,BICOUSDT,Supertrend+ADX,short,,,0.0225,0.0229253746216184,,,,666.66667,,-0.2835830824968915,3225.729055236648,SL,,
2026-09-27T23:05:12.919875+00:00,close,,BICOUSDT,ICT/SMC v2,short,,,0.0225,0.0227332660366226,,,,444.44444,,-0.1036737930177587,3225.6253814436304,SL,,
2026-09-27T23:06:35.303819+00:00,open,,DYMUSDT,ICT/SMC v2,short,,,0.0212,,0.0216614446950943,0.0205078329573584,0.0198156659147169,943.3,20.0,,,,,
2026-09-27T23:06:46.024810+00:00,close,,ENAUSDT,Supertrend+ADX,long,,,0.2716,0.2716,,,,55.23,,0.0,3225.6253814436304,SL,,
2026-09-27T23:07:14.433660+00:00,open,,FETUSDT,ICT/SMC v2,short,,,0.24575,,0.2503795459892649,0.2388056810161026,0.2318613620322052,81.383,20.0,,,,,
2026-09-27T23:08:55.229520+00:00,open,,LDOUSDT,ICT/SMC v2,long,,,0.49,,0.4814965659084008,0.5027551511373987,0.5155103022747974,40.8163,20.0,,,,,
2026-09-27T23:11:03.419804+00:00,close,,RAREUSDT,ICT/SMC v2,long,,,0.02009,0.0226310566590572,,,,497.7,,1.2646838992127791,3226.890065342843,TP1,,
2026-09-27T23:11:39.502192+00:00,open,,RVNUSDT,ICT/SMC v2,short,,,0.002655,,0.0026837777777792,0.0026118333333311,0.0025686666666622,7532.9,20.0,,,,,
2026-09-27T23:13:06.506884+00:00,close,,VETUSDT,Supertrend+ADX,long,,,0.00937145,0.0091113233522707,,,,1600.6,,-0.4163587123555095,3226.473706630488,SL,,
2026-09-27T23:19:05.951132+00:00,open,,API3USDT,ICT/SMC v2,short,,,0.2815,,0.2850152738541298,0.2762270892188052,0.2709541784376104,71.0479,20.0,,,,,
2026-09-27T23:19:49.595453+00:00,open,,BANANAUSDT,ICT/SMC v2,short,,,4.16,,4.198028211132296,4.102957683301557,4.045915366603113,4.8076,20.0,,,,,
2026-09-27T23:20:14.880081+00:00,open,,BLURUSDT,ICT/SMC v2,short,,,0.0209,,0.0211270873243765,0.0205593690134351,0.0202187380268702,956.9377,20.0,,,,,
2026-09-27T23:20:57.773757+00:00,open,,COMPUSDT,ICT/SMC v2,short,,,24.305,,24.64031652522808,23.802025212157886,23.29905042431577,0.82287,20.0,,,,,
2026-09-27T23:21:33.115574+00:00,open,,EDUUSDT,ICT/SMC v2,short,,,0.0516,,0.0522884388845914,0.0505673416731128,0.0495346833462256,387.59,20.0,,,,,
2026-09-27T23:22:27.018241+00:00,open,,GMTUSDT,ICT/SMC v2,short,,,0.00892,,0.0090353776727429,0.0087469334908856,0.0085738669817712,2242.1,20.0,,,,,
2026-09-27T23:23:55.139980+00:00,open,,LPTUSDT,ICT/SMC v2,long,,,1.78035,,1.7528883729456053,1.821542440581592,1.862734881163184,11.2337,20.0,,,,,
2026-09-27T23:24:07.383075+00:00,open,,LUNCUSDT,ICT/SMC v2,short,,,5.5335e-05,,5.595021676480943e-05,5.441217485278585e-05,5.3489349705571706e-05,361434.8,20.0,,,,,
2026-09-27T23:24:15.306920+00:00,open,,MANTAUSDT,ICT/SMC v2,short,,,0.071005,,0.0717695206035899,0.0698582190946151,0.0687114381892302,281.6,20.0,,,,,
2026-09-27T23:24:52.812268+00:00,open,,NEOUSDT,ICT/SMC v2,short,,,2.677,,2.709924306945847,2.6276135395812297,2.57822707916246,7.471,20.0,,,,,
2026-09-27T23:25:34.294015+00:00,open,,PEPEUSDT,ICT/SMC v2,short,,,4.34105e-06,,4.414219155898877e-06,4.231296266151683e-06,4.121542532303367e-06,4607180.2,20.0,,,,,
2026-09-27T23:25:46.437453+00:00,open,,POLYXUSDT,ICT/SMC v2,short,,,0.045,,0.0455007500584841,0.0442488749122737,0.0434977498245474,444.4,20.0,,,,,
2026-09-27T23:25:51.963537+00:00,open,,PROMUSDT,Supertrend+ADX,long,,,6.340999999999999,,6.201554419281455,6.550168371077817,6.759336742155632,4.73,30.0,,,,,
2026-09-27T23:26:17.123586+00:00,close,,RENDERUSDT,ICT/SMC v2,short,,,2.008,2.042545076147346,,,,4.98,,-0.1720344792137821,3226.3016721512745,SL,,
2026-09-27T23:26:33.515725+00:00,open,,RSRUSDT,ICT/SMC v2,short,,,0.001753,,0.001776179425151,0.0017182308622734,0.0016834617245468,11409.01,20.0,,,,,
2026-09-27T23:27:27.240650+00:00,open,,STXUSDT,ICT/SMC v2,short,,,0.3383,,0.3431651079647546,0.3310023380528681,0.3237046761057363,59.1,20.0,,,,,
2026-09-27T23:28:00.290806+00:00,open,,TRBUSDT,ICT/SMC v2,short,,,19.383000000000003,,19.58537585067216,19.079436223991767,18.775872447983527,1.0318,20.0,,,,,
2026-09-27T23:28:13.018918+00:00,open,,TURBOUSDT,ICT/SMC v2,short,,,0.0010587499999999,,0.0010735722431955,0.0010365166352066,0.0010142832704132,18890.2,20.0,,,,,
2026-09-27T23:28:23.213333+00:00,open,,VETUSDT,ICT/SMC v2,short,,,0.00911485,,0.0092566217378612,0.0089021923932081,0.0086895347864162,2194.2,20.0,,,,,
2026-09-27T23:39:13.499988+00:00,close,,MASKUSDT,ICT/SMC v2,short,,,0.483,0.4882245000223865,,,,20.70393,,-0.1081676827484885,3226.1935044685265,SL,,
2026-09-27T23:48:45.154265+00:00,close,,AGLDUSDT,ICT/SMC v2,long,,,0.22035,0.2224616264704788,,,,45.3823,,0.09583046597121,3226.289334934497,TP1,,
2026-09-27T23:49:21.644926+00:00,close,,ARKMUSDT,Supertrend+ADX,long,,,0.1389,0.1437354455650604,,,,107.9,,0.5217445764700211,3226.8110795109674,TP1,,
2026-09-27T23:50:16.412877+00:00,open,,BICOUSDT,ICT/SMC v2,short,,,0.0225,,0.0227500155819951,0.0221249766270072,0.0217499532540144,888.88888,20.0,,,,,
2026-09-27T23:51:36.110756+00:00,close,,DUSKUSDT,Supertrend+ADX,long,,,0.08988,0.0928482463449964,,,,166.8,,0.4951034903454042,3227.306183001313,TP1,,
2026-09-27T23:51:39.119993+00:00,open,,DUSKUSDT,ICT/SMC v2,long,,,0.09331,,0.0914076224319249,0.0961635663521125,0.0990171327042251,214.3,20.0,,,,,
2026-09-27T23:52:09.094199+00:00,close,,ETCUSDT,ICT/SMC v2,short,,,9.4891,9.596640406352734,,,,1.05,,-0.1129174266703696,3227.1932655746427,SL,,
2026-09-27T23:53:15.341372+00:00,close,,IMXUSDT,ICT/SMC v2,long,,,0.17795,0.1902403038401285,,,,56.1955,,0.6906597694479409,3227.88392534409,TP2,,
2026-09-27T23:53:26.914805+00:00,close,,IOUSDT,ICT/SMC v2,short,,,0.16725,0.1694819042146709,,,,59.79,,-0.1334455529951747,3227.7504797910956,SL,,
2026-09-27T23:55:29.931891+00:00,close,,ONDOUSDT,Supertrend+ADX,long,,,0.5421,0.5840166026076259,,,,27.67,,1.1598323941530078,3228.9103121852486,TP2,,
2026-09-27T23:57:33.707294+00:00,close,,RSRUSDT,ICT/SMC v2,short,,,0.001753,0.001776179425151,,,,5704.5,,-0.1322270307741802,3228.778085154475,SL,,
2026-09-27T23:57:34.183057+00:00,close,,RSRUSDT,ICT/SMC v2,short,,,0.001753,0.001776179425151,,,,5704.51,,-0.1322272625684317,3228.6458578919064,SL,,
2026-09-27T23:58:01.997256+00:00,close,,SEIUSDT,ICT/SMC v2,long,,,0.0768,0.0789819910080759,,,,130.2,,0.2840952292514905,3228.9299531211573,TP1,,
2026-09-27T23:58:18.962178+00:00,close,,SSVUSDT,ICT/SMC v2,short,,,3.197,3.237234784548115,,,,3.1279,,-0.1258503825880483,3228.804102738569,SL,,
2026-09-28T00:00:14.217124+00:00,close,,YGGUSDT,ICT/SMC v2,short,,,0.0277499999999999,0.0280069661717204,,,,360.3603,,-0.0926004067310183,3228.711502331839,SL,,
2026-09-28T00:03:47.342766+00:00,open,,AGLDUSDT,Supertrend+ADX,long,,,0.2229,,0.2185570661327831,0.2294144008008252,0.2359288016016504,134.5895,30.0,,,,,
2026-09-28T00:04:37.053727+00:00,close,,AXLUSDT,ICT/SMC v2,short,,,0.05555,0.0569887090181602,,,,180.01,,-0.2589820103590173,3228.45252032148,SL,,
2026-09-28T00:05:24.112118+00:00,close,,BLURUSDT,ICT/SMC v2,short,,,0.0209,0.0211270873243765,,,,478.4688,,-0.1086541995896722,3228.3438661218906,SL,,
2026-09-28T00:08:01.236808+00:00,open,,IDUSDT,ICT/SMC v2,long,,,0.04,,0.0396466912618014,0.0405299631072978,0.0410599262145957,500.0,20.0,,,,,
2026-09-28T00:08:42.122155+00:00,close,,LAYERUSDT,ICT/SMC v2,long,,,0.08415,0.0858298755475104,,,,118.8354,,0.1996286826386251,3228.543494804529,TP1,,
2026-09-28T00:11:37.537304+00:00,close,,RVNUSDT,ICT/SMC v2,short,,,0.002655,0.0026837777777792,,,,3766.4,,-0.1083886222277561,3228.4351061823013,SL,,
2026-09-28T00:11:51.696978+00:00,close,,SEIUSDT,Supertrend+ADX,long,,,0.0736999999999999,0.079950214371459,,,,203.5,,1.271918624591908,3229.7070248068926,TP2,,
2026-09-28T00:19:36.936346+00:00,open,,AXLUSDT,Supertrend+ADX,long,,,0.05635,,0.054396618478118,0.0592800722828229,0.0622101445656459,532.38,30.0,,,,,
2026-09-28T00:19:45.938461+00:00,close,,BANANAUSDT,ICT/SMC v2,short,,,4.16,4.198028211132296,,,,2.4038,,-0.0914122139198137,3229.615612592973,SL,,
2026-09-28T00:20:38.773769+00:00,open,,CATIUSDT,ICT/SMC v2,short,,,0.06556,,0.0661626178090517,0.0646560732864223,0.0637521465728447,305.0,20.0,,,,,
2026-09-28T00:20:40.323918+00:00,close,,CELOUSDT,ICT/SMC v2,short,,,0.0963,0.0974778633875329,,,,103.84,,-0.1223093341614231,3229.493303258812,SL,,
2026-09-28T00:21:15.882855+00:00,close,,DOGEUSDT,ICT/SMC v2,short,,,0.09745505,0.09745505,,,,102.6,,-0.0,3229.493303258812,SL,,
2026-09-28T00:22:03.000544+00:00,close,,ETHFIUSDT,ICT/SMC v2,short,,,0.7233,0.7233,,,,13.8,,-0.0,3229.493303258812,SL,,
2026-09-28T00:22:41.277785+00:00,close,,GTCUSDT,ICT/SMC v2,long,,,0.09065,0.0915850066673407,,,,110.3143,,0.1031446060030251,3229.5964478648148,TP1,,
2026-09-28T00:23:19.489413+00:00,close,,IOTAUSDT,Supertrend+ADX,short,,,0.0504,0.0515225063057899,,,,297.61,,-0.3340691016661391,3229.262378763149,SL,,
2026-09-28T00:23:19.895096+00:00,close,,IOTAUSDT,Supertrend+ADX,short,,,0.0504,0.0515225063057899,,,,297.62,,-0.334080326729197,3228.9282984364195,SL,,
2026-09-28T00:23:22.587564+00:00,close,,IOTAUSDT,ICT/SMC v2,long,,,0.05045,0.0514563407700626,,,,198.21,,0.1994668040341159,3229.1277652404538,TP1,,
2026-09-28T00:24:16.084171+00:00,close,,MANTAUSDT,ICT/SMC v2,short,,,0.071005,0.0717695206035899,,,,140.8,,-0.1076445009854625,3229.0201207394684,SL,,
2026-09-28T00:24:54.191084+00:00,close,,NEOUSDT,ICT/SMC v2,short,,,2.677,2.709924306945847,,,,3.735,,-0.1229722864427382,3228.897148453026,SL,,
2026-09-28T00:24:54.507484+00:00,close,,NEOUSDT,ICT/SMC v2,short,,,2.677,2.709924306945847,,,,3.736,,-0.123005210749684,3228.7741432422763,SL,,
2026-09-28T00:26:48.366181+00:00,close,,SEIUSDT,ICT/SMC v2,long,,,0.0768,0.0811639820161519,,,,130.2,,0.5681904585029848,3229.3423337007794,TP2,,
2026-09-28T00:26:53.312442+00:00,close,,SHIBUSDT,ICT/SMC v2,short,,,5.945e-06,5.945e-06,,,,1682085.8,,-0.0,3229.3423337007794,SL,,
2026-09-28T00:27:27.809374+00:00,open,,SUNUSDT,ICT/SMC v2,short,,,0.01696015,,0.0170324865883365,0.0168516451174951,0.0167431402349902,1179.2,20.0,,,,,
2026-09-28T00:27:31.109540+00:00,open,,SUPERUSDT,ICT/SMC v2,short,,,0.2017499999999999,,0.2052317021972007,0.1965274467041989,0.1913048934083978,99.1,20.0,,,,,
2026-09-28T00:27:33.782399+00:00,close,,SUSHIUSDT,ICT/SMC v2,short,,,0.2688,0.2715998801085781,,,,37.202,,-0.1041611397993233,3229.23817256098,SL,,
2026-09-28T00:27:49.930497+00:00,open,,THETAUSDT,ICT/SMC v2,short,,,0.2360999999999999,,0.2393862359895837,0.2311706460156243,0.2262412920312486,84.7,20.0,,,,,
2026-09-28T00:27:59.428292+00:00,close,,TRBUSDT,ICT/SMC v2,short,,,19.383000000000003,19.58537585067216,,,,0.5159,,-0.1044057013617647,3229.133766859618,SL,,
2026-09-28T00:28:12.394819+00:00,close,,TURBOUSDT,ICT/SMC v2,short,,,0.0010587499999999,0.0010735722431955,,,,9445.1,,-0.1399975692066284,3228.993769290411,SL,,
2026-09-28T00:28:37.877794+00:00,open,,WLDUSDT,ICT/SMC v2,short,,,0.5476,,0.5616911557568314,0.5264632663647529,0.5053265327295058,36.5,20.0,,,,,
2026-09-28T00:28:41.688263+00:00,open,,WOOUSDT,ICT/SMC v2,long,,,0.014245,,0.0139066412685041,0.0147525380972438,0.0152600761944876,1404.001,20.0,,,,,
2026-09-28T00:33:51.162485+00:00,close,,ALGOUSDT,ICT/SMC v2,long,,,0.11715,0.1198240443560252,,,,85.3,,0.2280959835689551,3229.2218652739793,TP1,,
2026-09-28T00:33:56.771669+00:00,open,,ALICEUSDT,ICT/SMC v2,short,,,0.1588999999999999,,0.1610825759631486,0.155626136055277,0.1523522721105541,125.86,20.0,,,,,
2026-09-28T00:34:28.187073+00:00,open,,ASTERUSDT,ICT/SMC v2,short,,,0.72435,,0.7313681583729407,0.7138227624405891,0.703295524881178,27.6109,20.0,,,,,
2026-09-28T00:35:36.655809+00:00,close,,BTCUSDT,ICT/SMC v2,short,,,84906.78,84906.78,,,,0.000118,,-0.0,3229.2218652739793,SL,,
2026-09-28T00:37:19.796086+00:00,open,,ETHFIUSDT,Supertrend+ADX,long,,,0.7155,,0.6918541028755935,0.7509688456866099,0.7864376913732198,41.9,30.0,,,,,
2026-09-28T00:37:31.743725+00:00,open,,FLOKIUSDT,Supertrend+ADX,long,,,2.859265e-05,,2.771536502312808e-05,2.990857746530788e-05,3.122450493061576e-05,1049220.6,30.0,,,,,
2026-09-28T00:38:09.123412+00:00,close,,HMSTRUSDT,ICT/SMC v2,short,,,0.0001803,0.0001803,,,,55463.1,,-0.0,3229.2218652739793,SL,,
2026-09-28T00:38:35.366702+00:00,open,,IOTAUSDT,Supertrend+ADX,long,,,0.0516,,0.0498884214478135,0.0541673678282796,0.0567347356565593,581.39,30.0,,,,,
2026-09-28T00:39:24.722018+00:00,open,,MANAUSDT,Supertrend+ADX,long,,,0.09175,,0.0894375633646299,0.095218654953055,0.0986873099061101,326.9,30.0,,,,,
2026-09-28T00:40:20.325907+00:00,open,,OGNUSDT,Supertrend+ADX,long,,,0.02097,,0.0205867313416094,0.0215449029875857,0.0221198059751715,1430.615,30.0,,,,,
2026-09-28T00:40:34.228993+00:00,close,,PAXGUSDT,ICT/SMC v2,short,,,4273.075,4247.277799089567,,,,0.00234,,0.0603654501304138,3229.2822307241104,TP1,,
2026-09-28T00:42:04.872356+00:00,open,,SLPUSDT,ICT/SMC v2,short,,,0.000693,,0.0007000881126186,0.000682367831072,0.0006717356621441,28860.0,20.0,,,,,
2026-09-28T00:42:09.531947+00:00,open,,SSVUSDT,Supertrend+ADX,long,,,3.2185,,3.1306591566054545,3.350261265091819,3.4820225301836376,9.3211,30.0,,,,,
2026-09-28T00:42:11.296988+00:00,open,,SSVUSDT,ICT/SMC v2,long,,,3.2185,,3.176808656426425,3.281037015360363,3.343574030720726,6.214,20.0,,,,,
2026-09-28T00:42:46.194144+00:00,open,,TAOUSDT,ICT/SMC v2,short,,,316.265,,322.2571186016223,307.2768220975665,298.288644195133,0.0632,20.0,,,,,
2026-09-28T00:42:49.355804+00:00,open,,THETAUSDT,Supertrend+ADX,long,,,0.23391,,0.2269645790889543,0.2443281313665685,0.254746262733137,128.2,30.0,,,,,
2026-09-28T00:43:39.420197+00:00,open,,XRPUSDT,ICT/SMC v2,short,,,1.5138349999999998,,1.5312659703125515,1.487688544531172,1.461542089062344,13.2,20.0,,,,,
2026-09-28T00:49:39.860816+00:00,open,,AXLUSDT,ICT/SMC v2,long,,,0.05545,,0.0540005138129284,0.0576242292806073,0.0597984585612147,360.68,20.0,,,,,
2026-09-28T00:51:04.662927+00:00,open,,CRVUSDT,ICT/SMC v2,long,,,0.35155,,0.3443408153261011,0.3623637770108484,0.3731775540216966,56.8,20.0,,,,,
2026-09-28T00:51:09.592760+00:00,close,,CYBERUSDT,ICT/SMC v2,long,,,0.359,0.3643869334835836,,,,27.855,,0.1500530321852211,3229.4322837562954,TP1,,
2026-09-28T00:52:16.046163+00:00,open,,FILUSDT,ICT/SMC v2,long,,,1.14485,,1.1256122472833976,1.1737066290749032,1.2025632581498067,17.46,20.0,,,,,
2026-09-28T00:52:49.150283+00:00,close,,HBARUSDT,Supertrend+ADX,short,,,0.0937149999999999,0.0964991074804506,,,,160.0,,-0.4454571968721099,3228.986826559423,SL,,
2026-09-28T00:52:49.524786+00:00,close,,HBARUSDT,Supertrend+ADX,short,,,0.0937149999999999,0.0964991074804506,,,,160.1,,-0.445735607620155,3228.541090951803,SL,,
2026-09-28T00:53:21.044423+00:00,open,,IOUSDT,ICT/SMC v2,long,,,0.17115,,0.1678895255540784,0.1760407116688823,0.1809314233377647,116.85,20.0,,,,,
2026-09-28T00:53:38.564346+00:00,open,,JTOUSDT,ICT/SMC v2,long,,,0.5986,,0.5868595906858256,0.6162106139712616,0.6338212279425233,33.4,20.0,,,,,
2026-09-28T00:54:43.134025+00:00,open,,MINAUSDT,ICT/SMC v2,long,,,0.14505,,0.1418519075817681,0.1498471386273478,0.1546442772546957,137.8,20.0,,,,,
2026-09-28T00:55:00.803675+00:00,close,,NMRUSDT,Supertrend+ADX,long,,,9.597,10.63208839126506,,,,1.563,,1.617843155547288,3230.1589341073504,TP2,,
2026-09-28T00:55:17.276425+00:00,open,,ONDOUSDT,ICT/SMC v2,long,,,0.571785,,0.5510881442602968,0.6028302836095546,0.6338755672191093,34.97,20.0,,,,,
2026-09-28T00:55:27.180791+00:00,close,,PAXGUSDT,Supertrend+ADX,short,,,4290.275,4238.660331097501,,,,0.003496,,0.1804448824831366,3230.3393789898337,TP1,,
2026-09-28T00:58:34.977302+00:00,close,,XLMUSDT,ICT/SMC v2,short,,,0.215949,0.2183948913875659,,,,46.3,,-0.1132447712443038,3230.2261342185893,SL,,
2026-09-28T01:11:08.985991+00:00,close,,RPLUSDT,Supertrend+ADX,long,,,2.1115000000000004,2.078625408089298,,,,7.1039,,-0.233537813474438,3229.992596405115,SL,,
2026-09-28T01:11:09.473905+00:00,close,,RPLUSDT,Supertrend+ADX,long,,,2.1115000000000004,2.078625408089298,,,,7.104,,-0.2335411009336291,3229.7590553041814,SL,,
2026-09-28T01:11:16.767215+00:00,open,,RUNEUSDT,ICT/SMC v2,long,,,0.7499,,0.7375534705316463,0.7684197942025307,0.7869395884050614,26.6,20.0,,,,,
2026-09-28T01:11:23.944450+00:00,close,,SAGAUSDT,ICT/SMC v2,long,,,0.0274,0.0261456158886871,,,,364.9,,-0.4577247622180761,3229.301330541963,SL,,
2026-09-28T01:11:24.419772+00:00,close,,SAGAUSDT,ICT/SMC v2,long,,,0.0274,0.0261456158886871,,,,365.0,,-0.4578502006292074,3228.843480341334,SL,,
2026-09-28T01:20:03.230008+00:00,close,,ARPAUSDT,ICT/SMC v2,long,,,0.011521,0.0114229054969225,,,,867.98,,-0.0851440667811239,3228.7583362745527,SL,,
2026-09-28T01:20:38.124460+00:00,close,,BCHUSDT,ICT/SMC v2,long,,,335.97,327.39260794397643,,,,0.02976,,-0.2552631875872623,3228.503073086965,SL,,
2026-09-28T01:23:08.708586+00:00,close,,GMXUSDT,Supertrend+ADX,long,,,8.20015,8.20015,,,,1.8292,,0.0,3228.503073086965,SL,,
2026-09-28T01:23:17.077810+00:00,close,,GTCUSDT,ICT/SMC v2,long,,,0.09065,0.09065,,,,110.3144,,0.0,3228.503073086965,SL,,
2026-09-28T01:24:16.885638+00:00,close,,LAYERUSDT,ICT/SMC v2,long,,,0.08415,0.08415,,,,118.8354,,0.0,3228.503073086965,SL,,
2026-09-28T01:24:51.703288+00:00,open,,MASKUSDT,ICT/SMC v2,long,,,0.483,,0.4769497180183588,0.4920754229724616,0.5011508459449234,41.40786,20.0,,,,,
2026-09-28T01:25:31.779252+00:00,open,,NMRUSDT,ICT/SMC v2,long,,,10.357,,10.093115245094136,10.752827132358796,11.148654264717592,1.931,20.0,,,,,
2026-09-28T01:25:49.736561+00:00,open,,OPUSDT,ICT/SMC v2,long,,,0.14695,,0.1440387232612244,0.1513169151081633,0.1556838302163266,136.1,20.0,,,,,
2026-09-28T01:26:21.518579+00:00,open,,PROMUSDT,ICT/SMC v2,long,,,6.2965,,6.197681520494975,6.4447277192575365,6.592955438515074,3.17,20.0,,,,,
2026-09-28T01:27:06.395396+00:00,open,,RVNUSDT,ICT/SMC v2,short,,,0.00268,,0.0027178735688587,0.0026231896467119,0.0025663792934238,7462.6,20.0,,,,,
2026-09-28T01:28:25.351876+00:00,close,,TRXUSDT,Supertrend+ADX,short,,,0.3334494999999999,0.3345766805805388,,,,44.9,,-0.0506104080661941,3228.452462678899,SL,,
2026-09-28T01:28:25.680448+00:00,close,,TRXUSDT,Supertrend+ADX,short,,,0.3334494999999999,0.3345766805805388,,,,45.0,,-0.050723126124248,3228.4017395527744,SL,,
2026-09-28T01:28:32.441882+00:00,open,,TURBOUSDT,ICT/SMC v2,long,,,0.0010888,,0.001066399752635,0.0011224003710473,0.0011560007420947,18368.8,20.0,,,,,
2026-09-28T01:35:25.571785+00:00,open,,BANANAUSDT,ICT/SMC v2,long,,,4.17,,4.127824884009862,4.233262673985206,4.296525347970413,4.7961,20.0,,,,,
2026-09-28T01:36:15.508880+00:00,open,,CAKEUSDT,ICT/SMC v2,long,,,2.818,,2.7850581143077875,2.867412828538318,2.9168256570766355,7.097,20.0,,,,,
2026-09-28T01:36:23.147088+00:00,open,,CELOUSDT,ICT/SMC v2,long,,,0.09625,,0.0945690286891095,0.0987714569663356,0.1012929139326712,207.79,20.0,,,,,
2026-09-28T01:37:10.740073+00:00,close,,DUSKUSDT,ICT/SMC v2,long,,,0.09331,0.0914076224319249,,,,107.1,,-0.203744637540837,3228.1979949152337,SL,,
2026-09-28T01:37:11.050729+00:00,close,,DUSKUSDT,ICT/SMC v2,long,,,0.09331,0.0914076224319249,,,,107.2,,-0.2039348752976445,3227.994060039936,SL,,
2026-09-28T01:37:17.130124+00:00,open,,DYDXUSDT,ICT/SMC v2,long,,,0.1416,,0.1388459724495593,0.1457310413256611,0.1498620826513221,141.24,20.0,,,,,
2026-09-28T01:37:31.002385+00:00,open,,EGLDUSDT,ICT/SMC v2,long,,,4.640000000000001,,4.557495215597355,4.763757176603969,4.887514353207937,4.31,20.0,,,,,
2026-09-28T01:39:27.245561+00:00,open,,KNCUSDT,ICT/SMC v2,long,,,0.14545,,0.1440419788838668,0.1475620316741998,0.1496740633483996,137.5042,20.0,,,,,
2026-09-28T01:40:15.682054+00:00,open,,MEMEUSDT,ICT/SMC v2,long,,,0.000634,,0.0006248506222993,0.000647724066551,0.000661448133102,31545.7,20.0,,,,,
2026-09-28T01:41:17.439187+00:00,close,,PAXGUSDT,ICT/SMC v2,short,,,4273.075,4221.480598179131,,,,0.00234,,0.1207309002608319,3228.114790940196,TP2,,
2026-09-28T01:42:24.170896+00:00,close,,RUNEUSDT,ICT/SMC v2,long,,,0.7499,0.7375534705316463,,,,13.3,,-0.164208841929104,3227.9505820982677,SL,,
2026-09-28T01:42:29.961917+00:00,open,,RVNUSDT,Supertrend+ADX,long,,,0.00268,,0.0025947030681591,0.0028079453977612,0.0029358907955225,11194.0,30.0,,,,,
2026-09-28T01:43:32.590347+00:00,close,,TAOUSDT,Supertrend+ADX,long,,,325.055,314.2074315656749,,,,0.0461,,-0.5000729048223883,3227.450509193445,SL,,
2026-09-28T01:48:42.602958+00:00,close,,AEROUSDT,Supertrend+ADX,long,,,0.8491500000000001,0.8240514385450611,,,,17.66,,-0.4432405952942216,3227.007268598151,SL,,
2026-09-28T01:48:50.168487+00:00,close,,AGLDUSDT,ICT/SMC v2,long,,,0.22035,0.22035,,,,45.3823,,0.0,3227.0072685981504,SL,,
2026-09-28T01:49:05.951763+00:00,close,,ALTUSDT,ICT/SMC v2,short,,,0.0079849999999999,0.0078753601823279,,,,1252.3,,0.1373019436706558,3227.144570541821,TP1,,
2026-09-28T01:49:19.367237+00:00,close,,ARUSDT,ICT/SMC v2,short,,,4.66,4.474866697433513,,,,2.14,,0.3961852674922821,3227.5407558093134,TP1,,
2026-09-28T01:49:26.001025+00:00,close,,ARKUSDT,ICT/SMC v2,short,,,0.24525,0.2364808242797593,,,,40.7,,0.3569054518137961,3227.8976612611273,TP1,,
2026-09-28T01:49:30.636446+00:00,close,,ARKMUSDT,ICT/SMC v2,long,,,0.14015,0.14015,,,,71.3,,0.0,3227.8976612611273,SL,,
2026-09-28T01:49:54.800869+00:00,close,,AXSUSDT,ICT/SMC v2,long,,,1.18305,1.1531621452272,,,,8.45,,-0.2525523728301589,3227.6451088882973,SL,,
2026-09-28T01:50:20.738590+00:00,open,,BERAUSDT,ICT/SMC v2,long,,,0.2323,,0.2280933044047443,0.2386100433928834,0.2449200867857669,86.0955,20.0,,,,,
2026-09-28T01:50:43.799319+00:00,close,,BONKUSDT,ICT/SMC v2,short,,,3.7465e-06,3.634645229704256e-06,,,,2669157.8,,0.298558032602093,3227.9436669209,TP1,,
2026-09-28T01:50:55.349476+00:00,close,,CATIUSDT,ICT/SMC v2,short,,,0.06556,0.0646560732864223,,,,152.5,,0.1378488238205902,3228.0815157447205,TP1,,
2026-09-28T01:51:11.359613+00:00,open,,CHRUSDT,ICT/SMC v2,short,,,0.0229655,,0.0234765703402233,0.022198894489665,0.02143228897933,870.87,20.0,,,,,
2026-09-28T01:51:29.522516+00:00,close,,CYBERUSDT,ICT/SMC v2,long,,,0.359,0.359,,,,27.855,,0.0,3228.0815157447205,SL,,
2026-09-28T01:51:50.537124+00:00,open,,DUSKUSDT,ICT/SMC v2,long,,,0.09022,,0.0879357940262116,0.0936463089606824,0.0970726179213649,221.6,20.0,,,,,
2026-09-28T01:51:59.115824+00:00,close,,EDUUSDT,Supertrend+ADX,long,,,0.05205,0.0508621496563554,,,,288.18,,-0.3423147120314917,3227.739201032689,SL,,
2026-09-28T01:52:14.351272+00:00,close,,ENSUSDT,Supertrend+ADX,short,,,7.0655,6.916140444647006,,,,2.1229,,0.3170754000588715,3228.056276432748,TP1,,
2026-09-28T01:52:28.522235+00:00,close,,ETHUSDT,ICT/SMC v2,short,,,2705.025,2669.702417854688,,,,0.003697,,0.1305875861912168,3228.186864018939,TP2,,
2026-09-28T01:52:37.643865+00:00,close,,FIDAUSDT,ICT/SMC v2,long,,,0.02268,0.0223408493730362,,,,440.917,,-0.1495372769889917,3228.03732674195,SL,,
2026-09-28T01:52:41.977032+00:00,close,,FILUSDT,ICT/SMC v2,long,,,1.14485,1.1256122472833976,,,,8.73,,-0.1679455812159383,3227.8693811607336,SL,,
2026-09-28T01:53:22.715824+00:00,close,,HMSTRUSDT,Supertrend+ADX,long,,,0.00017965,0.0001761661433431,,,,83495.6,,-0.2908867018767284,3227.5784944588568,SL,,
2026-09-28T01:53:32.353451+00:00,close,,IDUSDT,ICT/SMC v2,long,,,0.04,0.0396466912618014,,,,250.0,,-0.0883271845496438,3227.4901672743076,SL,,
2026-09-28T01:53:55.246419+00:00,close,,IOTAUSDT,ICT/SMC v2,long,,,0.05045,0.0524626815401252,,,,198.22,,0.3989537348836358,3227.8891210091906,TP2,,
2026-09-28T01:54:38.974692+00:00,close,,LUNAUSDT,ICT/SMC v2,short,,,0.05345,0.0524630718787386,,,,187.09,,0.1846443822067774,3228.0737653913975,TP1,,
2026-09-28T01:56:13.918835+00:00,close,,POLUSDT,ICT/SMC v2,long,,,0.1197999999999999,0.1197999999999999,,,,83.4725,,0.0,3228.0737653913975,SL,,
2026-09-28T01:58:24.368382+00:00,close,,TURBOUSDT,ICT/SMC v2,long,,,0.0010888,0.001066399752635,,,,9184.4,,-0.2057328318983403,3227.868032559499,SL,,
2026-09-28T01:58:40.063072+00:00,close,,WUSDT,ICT/SMC v2,long,,,0.01545,0.014787354863995,,,,647.2,,-0.4288639320224162,3227.4391686274766,SL,,
2026-09-28T01:58:48.514398+00:00,close,,WLDUSDT,Supertrend+ADX,long,,,0.5345,0.5345,,,,28.1,,0.0,3227.4391686274766,SL,,
2026-09-28T02:03:43.751744+00:00,close,,AAVEUSDT,ICT/SMC v2,short,,,154.5475,151.89287039642784,,,,0.064,,0.1698962946286192,3227.609064922105,TP1,,
2026-09-28T02:04:35.688611+00:00,close,,ASTERUSDT,Supertrend+ADX,long,,,0.7179500000000001,0.7179500000000001,,,,20.8928,,0.0,3227.609064922105,SL,,
2026-09-28T02:04:37.925726+00:00,close,,ASTERUSDT,ICT/SMC v2,short,,,0.72435,0.7138227624405891,,,,13.8054,,0.1453327254026924,3227.7543976475076,TP1,,
2026-09-28T02:05:15.160225+00:00,open,,BEAMXUSDT,ICT/SMC v2,long,,,0.0021295,,0.0020978998807953,0.0021769001788069,0.0022243003576138,9391.8,20.0,,,,,
2026-09-28T02:05:49.175453+00:00,close,,CATIUSDT,Supertrend+ADX,long,,,0.066325,0.0644256008127151,,,,226.1,,-0.4294541562450952,3227.3249434912627,SL,,
2026-09-28T02:05:49.660497+00:00,close,,CATIUSDT,Supertrend+ADX,long,,,0.066325,0.0644256008127151,,,,226.2,,-0.4296440961638237,3226.895299395099,SL,,
2026-09-28T02:05:55.689492+00:00,open,,CELOUSDT,Supertrend+ADX,short,,,0.095,,0.0975692244315548,0.0911461633526677,0.0872923267053354,315.78,30.0,,,,,
2026-09-28T02:06:32.264495+00:00,close,,DOGEUSDT,Supertrend+ADX,long,,,0.09694955,0.0954850646323759,,,,154.7,,-0.2265558863714352,3226.6687435087274,SL,,
2026-09-28T02:06:45.556458+00:00,close,,DUSKUSDT,Supertrend+ADX,long,,,0.08988,0.08988,,,,166.8,,0.0,3226.6687435087274,SL,,
2026-09-28T02:07:39.314111+00:00,open,,FLOKIUSDT,ICT/SMC v2,long,,,2.825e-05,,2.7761219262567023e-05,2.898317110614947e-05,2.9716342212298936e-05,707964.6,20.0,,,,,
2026-09-28T02:08:03.244402+00:00,open,,GTCUSDT,ICT/SMC v2,long,,,0.0897999999999999,,0.088891629934193,0.0911625550987104,0.0925251101974209,222.7171,20.0,,,,,
2026-09-28T02:08:20.689242+00:00,open,,IDUSDT,ICT/SMC v2,long,,,0.0394,,0.0389087305434824,0.0401369041847763,0.0408738083695527,507.61,20.0,,,,,
2026-09-28T02:08:27.292579+00:00,close,,INITUSDT,ICT/SMC v2,short,,,0.0900499999999999,0.0910070139336893,,,,111.0494,,-0.1062758231278472,3226.5624676855996,SL,,
2026-09-28T02:08:38.897302+00:00,close,,IOUSDT,ICT/SMC v2,long,,,0.17115,0.1678895255540784,,,,116.85,,-0.3809864390059346,3226.1814812465936,SL,,
2026-09-28T02:09:39.604665+00:00,open,,MANTAUSDT,ICT/SMC v2,long,,,0.0705949999999999,,0.0696058272506519,0.0720787591240221,0.0735625182480442,283.3,20.0,,,,,
2026-09-28T02:09:43.336544+00:00,close,,MASKUSDT,ICT/SMC v2,long,,,0.483,0.4769497180183588,,,,20.70393,,-0.1252646146281596,3226.0562166319655,SL,,
2026-09-28T02:10:21.687391+00:00,open,,NEOUSDT,Supertrend+ADX,short,,,2.65415,,2.7246774511231044,2.548358823315344,2.4425676466306867,11.303,30.0,,,,,
2026-09-28T02:11:28.820772+00:00,close,,RAREUSDT,ICT/SMC v2,long,,,0.02009,0.02009,,,,497.8,,0.0,3226.0562166319655,SL,,
2026-09-28T02:11:44.430496+00:00,open,,RENDERUSDT,ICT/SMC v2,long,,,2.0415,,1.997303544151107,2.10779468377334,2.1740893675466797,9.79,20.0,,,,,
2026-09-28T02:12:22.835058+00:00,close,,SOLUSDT,ICT/SMC v2,long,,,120.6355,120.6355,,,,0.083,,0.0,3226.0562166319655,SL,,
2026-09-28T02:12:57.152563+00:00,open,,SUSHIUSDT,ICT/SMC v2,long,,,0.2663,,0.2613628746709114,0.2737056879936327,0.2811113759872656,75.103,20.0,,,,,
2026-09-28T02:18:53.579779+00:00,open,,AGLDUSDT,ICT/SMC v2,short,,,0.2208,,0.2239426391806264,0.2160860412290603,0.2113720824581207,90.5797,20.0,,,,,
2026-09-28T02:19:19.673539+00:00,open,,APTUSDT,ICT/SMC v2,long,,,0.85975,,0.8389913948942544,0.8908879076586182,0.9220258153172368,23.2625,20.0,,,,,
2026-09-28T02:21:52.546324+00:00,open,,EIGENUSDT,ICT/SMC v2,long,,,0.2706,,0.2629585574508549,0.2820621638237177,0.2935243276474353,73.9,20.0,,,,,
2026-09-28T02:27:49.162127+00:00,open,,TIAUSDT,ICT/SMC v2,long,,,0.4976,,0.4852013342133974,0.5161979986799038,0.5347959973598077,40.1929,20.0,,,,,
2026-09-28T02:28:02.068516+00:00,close,,UMAUSDT,ICT/SMC v2,long,,,0.4255,0.4255,,,,23.5018,,0.0,3226.0562166319655,SL,,
2026-09-28T02:28:30.666245+00:00,open,,ZECUSDT,ICT/SMC v2,short,,,1579.89,,1606.1056376723157,1540.566543491526,1501.2430869830523,0.01265,20.0,,,,,
2026-09-28T02:33:52.692064+00:00,close,,ALICEUSDT,Supertrend+ADX,long,,,0.15985,0.1560120274985895,,,,93.83,,-0.3601169598073464,3225.696099672158,SL,,
2026-09-28T02:33:59.437178+00:00,close,,ALTUSDT,ICT/SMC v2,short,,,0.0079849999999999,0.0077657203646559,,,,1252.3,,0.2746038873413127,3225.9707035594997,TP2,,
2026-09-28T02:34:17.128176+00:00,close,,ARKUSDT,ICT/SMC v2,short,,,0.24525,0.2277116485595186,,,,40.8,,0.7155647387716414,3226.6862682982714,TP2,,
2026-09-28T02:34:35.403228+00:00,open,,AVAXUSDT,ICT/SMC v2,short,,,10.8295,,11.038672198090032,10.515741702864952,10.201983405729903,1.84,20.0,,,,,
2026-09-28T02:34:37.639234+00:00,close,,AVNTUSDT,Supertrend+ADX,short,,,0.127095,0.1312629091477524,,,,118.021,,-0.491900805526885,3226.194367492745,SL,,
2026-09-28T02:34:38.143388+00:00,close,,AVNTUSDT,Supertrend+ADX,short,,,0.127095,0.1312629091477524,,,,118.022,,-0.4919049734360327,3225.7024625193085,SL,,
2026-09-28T02:34:41.638885+00:00,open,,AVNTUSDT,Supertrend+ADX,long,,,0.1329449999999999,,0.1262753808857355,0.1429494286713966,0.1529538573427932,225.657,30.0,,,,,
2026-09-28T02:34:43.863728+00:00,close,,AXLUSDT,Supertrend+ADX,long,,,0.05635,0.054396618478118,,,,266.19,,-0.5199706273097677,3225.182491891999,SL,,
2026-09-28T02:35:42.296826+00:00,close,,CAKEUSDT,ICT/SMC v2,long,,,2.818,2.7850581143077875,,,,3.548,,-0.1168778104359686,3225.0656140815627,SL,,
2026-09-28T02:35:42.883558+00:00,close,,CAKEUSDT,ICT/SMC v2,long,,,2.818,2.7850581143077875,,,,3.549,,-0.1169107523216608,3224.948703329241,SL,,
2026-09-28T02:36:06.308221+00:00,close,,CKBUSDT,Supertrend+ADX,long,,,0.0014195,0.0013871538099025,,,,10567.1,,-0.3418054253790237,3224.606897903863,SL,,
2026-09-28T02:36:12.057824+00:00,open,,COMPUSDT,Supertrend+ADX,short,,,23.935,,24.587373676720738,22.95643948491889,21.977878969837786,1.25339,30.0,,,,,
2026-09-28T02:36:16.363650+00:00,close,,CRVUSDT,ICT/SMC v2,long,,,0.35155,0.3443408153261011,,,,28.4,,-0.2047408447387276,3224.402157059124,SL,,
2026-09-28T02:37:00.870831+00:00,close,,ENSUSDT,ICT/SMC v2,long,,,7.036,6.88945633430123,,,,1.4212,,-0.2082678576910909,3224.1938892014323,SL,,
2026-09-28T02:38:37.103907+00:00,close,,JTOUSDT,ICT/SMC v2,long,,,0.5986,0.5868595906858256,,,,16.7,,-0.1960648355467127,3223.9978243658857,SL,,
2026-09-28T02:38:46.192369+00:00,close,,KSMUSDT,Supertrend+ADX,long,,,4.835,4.717137489113641,,,,3.102378,,-0.3656540607985997,3223.632170305087,SL,,
2026-09-28T02:39:01.662026+00:00,close,,LPTUSDT,ICT/SMC v2,long,,,1.78035,1.7528883729456053,,,,5.6168,,-0.1542464668391235,3223.477923838248,SL,,
2026-09-28T02:39:02.202978+00:00,close,,LPTUSDT,ICT/SMC v2,long,,,1.78035,1.7528883729456053,,,,5.6169,,-0.1542492130018289,3223.323674625246,SL,,
2026-09-28T02:39:05.759070+00:00,close,,LQTYUSDT,ICT/SMC v2,short,,,0.2497499999999999,0.2403492352491273,,,,40.04,,0.3764066206249408,3223.700081245871,TP1,,
2026-09-28T02:39:26.828714+00:00,close,,MASKUSDT,Supertrend+ADX,long,,,0.483,0.4722304435983945,,,,31.0559,,-0.3344582666526181,3223.365622979218,SL,,
2026-09-28T02:40:17.995252+00:00,close,,OGNUSDT,ICT/SMC v2,long,,,0.02073,0.02073,,,,482.393,,0.0,3223.365622979218,SL,,
2026-09-28T02:40:38.059964+00:00,close,,PENDLEUSDT,ICT/SMC v2,long,,,2.5728,2.5728,,,,3.9,,0.0,3223.365622979218,SL,,
2026-09-28T02:41:43.785741+00:00,open,,RUNEUSDT,ICT/SMC v2,short,,,0.73105,,0.7481706271278397,0.7053690593082406,0.6796881186164813,27.3,20.0,,,,,
2026-09-28T02:42:11.661141+00:00,close,,SSVUSDT,ICT/SMC v2,long,,,3.2185,3.176808656426425,,,,3.107,,-0.1295350044830977,3223.2360879747353,SL,,
2026-09-28T02:42:53.079689+00:00,close,,THETAUSDT,ICT/SMC v2,short,,,0.2360999999999999,0.2311706460156243,,,,42.3,,0.2085116735390916,3223.444599648275,TP1,,
2026-09-28T02:48:52.963684+00:00,close,,ALICEUSDT,ICT/SMC v2,short,,,0.1588999999999999,0.155626136055277,,,,62.93,,0.2060242580414137,3223.6506239063165,TP1,,
2026-09-28T02:49:17.095300+00:00,close,,ARKMUSDT,Supertrend+ADX,long,,,0.1389,0.1389,,,,108.0,,0.0,3223.6506239063165,SL,,
2026-09-28T02:49:36.810779+00:00,close,,AXLUSDT,ICT/SMC v2,long,,,0.05545,0.0540005138129284,,,,180.34,,-0.2614003389764875,3223.3892235673407,SL,,
2026-09-28T02:49:46.962277+00:00,close,,BANANAUSDT,ICT/SMC v2,long,,,4.17,4.127824884009862,,,,2.398,,-0.1011359281443504,3223.288087639196,SL,,
2026-09-28T02:49:47.336487+00:00,close,,BANANAUSDT,ICT/SMC v2,long,,,4.17,4.127824884009862,,,,2.3981,,-0.1011401456559494,3223.18694749354,SL,,
2026-09-28T02:49:56.734822+00:00,close,,BCHUSDT,Supertrend+ADX,short,,,335.35,323.48623903700127,,,,0.04472,,0.5305473902653043,3223.7174948838056,TP1,,
2026-09-28T02:50:12.697156+00:00,close,,BICOUSDT,ICT/SMC v2,short,,,0.0225,0.0221249766270072,,,,444.44444,,0.1666770529966846,3223.8841719368024,TP1,,
2026-09-28T02:50:42.993139+00:00,close,,CELOUSDT,ICT/SMC v2,long,,,0.09625,0.0945690286891095,,,,103.89,,-0.1746361094884051,3223.709535827314,SL,,
2026-09-28T02:50:58.776239+00:00,close,,CHZUSDT,ICT/SMC v2,long,,,0.0163649999999999,0.0163649999999999,,,,611.0,,0.0,3223.709535827314,SL,,
2026-09-28T02:51:05.287288+00:00,close,,COMPUSDT,ICT/SMC v2,short,,,24.305,23.802025212157886,,,,0.41143,,0.2069389169618807,3223.916474744276,TP1,,
2026-09-28T02:51:24.983096+00:00,close,,DOGSUSDT,ICT/SMC v2,long,,,5.0400000000000005e-05,5.0400000000000005e-05,,,,198412.6,,0.0,3223.916474744276,SL,,
2026-09-28T02:52:38.683588+00:00,close,,GMTUSDT,ICT/SMC v2,short,,,0.00892,0.0087469334908856,,,,1121.0,,0.1940075567172106,3224.1104823009937,TP1,,
2026-09-28T02:52:46.562876+00:00,close,,GTCUSDT,Supertrend+ADX,long,,,0.09085,0.0895006366013287,,,,165.1073,,-0.2227897474734322,3223.8876925535196,SL,,
2026-09-28T02:53:00.538570+00:00,close,,ICPUSDT,ICT/SMC v2,long,,,3.0795000000000003,3.0795000000000003,,,,3.25,,0.0,3223.8876925535196,SL,,
2026-09-28T02:53:03.913689+00:00,close,,IDUSDT,Supertrend+ADX,long,,,0.0399,0.0389279411299011,,,,375.93,,-0.3654260910362796,3223.5222664624835,SL,,
2026-09-28T02:53:04.323210+00:00,close,,IDUSDT,Supertrend+ADX,long,,,0.0399,0.0389279411299011,,,,375.94,,-0.3654358116249807,3223.1568306508584,SL,,
2026-09-28T02:53:06.647680+00:00,close,,IDUSDT,ICT/SMC v2,long,,,0.0394,0.0389087305434824,,,,253.8,,-0.1246841880641626,3223.032146462794,SL,,
2026-09-28T02:53:07.021643+00:00,close,,IDUSDT,ICT/SMC v2,long,,,0.0394,0.0389087305434824,,,,253.81,,-0.1246891007587277,3222.9074573620355,SL,,
2026-09-28T02:53:42.451721+00:00,close,,KNCUSDT,ICT/SMC v2,long,,,0.14545,0.1440419788838668,,,,68.7521,,-0.0968044085785029,3222.810652953457,SL,,
2026-09-28T02:54:09.285491+00:00,close,,LUNCUSDT,ICT/SMC v2,short,,,5.5335e-05,5.441217485278585e-05,,,,180717.4,,0.1667705612591582,3222.977423514716,TP1,,
2026-09-28T02:54:15.052549+00:00,close,,MANAUSDT,ICT/SMC v2,long,,,0.09142,0.0904017013416392,,,,109.3,,-0.1113000433588351,3222.8661234713577,SL,,
2026-09-28T02:54:27.419163+00:00,close,,MEMEUSDT,ICT/SMC v2,long,,,0.000634,0.0006248506222993,,,,15772.8,,-0.1443113045975923,3222.72181216676,SL,,
2026-09-28T02:54:27.800291+00:00,close,,MEMEUSDT,ICT/SMC v2,long,,,0.000634,0.0006248506222993,,,,15772.9,,-0.1443122195353624,3222.5774999472246,SL,,
2026-09-28T02:54:45.116473+00:00,close,,MINAUSDT,ICT/SMC v2,long,,,0.14505,0.1418519075817681,,,,68.9,,-0.2203485676161784,3222.3571513796082,SL,,
2026-09-28T02:54:53.618290+00:00,close,,MTLUSDT,Supertrend+ADX,short,,,0.3399999999999999,0.3319477926843612,,,,44.1176,,0.3552440614684226,3222.712395441076,TP1,,
2026-09-28T02:55:10.349022+00:00,close,,NOTUSDT,ICT/SMC v2,short,,,0.000523,0.0005111758603773,,,,19120.4,,0.226082279240949,3222.9384777203168,TP1,,
2026-09-28T02:55:34.166301+00:00,close,,PENDLEUSDT,Supertrend+ADX,long,,,2.66895,2.561816406842095,,,,5.6,,-0.5999481216842664,3222.3385295986327,SL,,
2026-09-28T02:55:37.661772+00:00,open,,PENDLEUSDT,Supertrend+ADX,short,,,2.5349,,2.649941180565867,2.3623382291512,2.1897764583024,11.8,30.0,,,,,
2026-09-28T02:55:57.966597+00:00,close,,POLYXUSDT,ICT/SMC v2,short,,,0.045,0.0442488749122737,,,,222.2,,0.1668999944927785,3222.505429593126,TP1,,
2026-09-28T02:56:33.756199+00:00,close,,RLCUSDT,ICT/SMC v2,long,,,0.35575,0.3523681682601833,,,,28.1096,,-0.0950619374735502,3222.4103676556524,SL,,
2026-09-28T02:56:40.444243+00:00,close,,ROSEUSDT,ICT/SMC v2,long,,,0.008805,0.008805,,,,1135.7,,0.0,3222.4103676556524,SL,,
2026-09-28T02:57:30.983520+00:00,close,,STRKUSDT,ICT/SMC v2,long,,,0.0414,0.0407975068957744,,,,241.54,,-0.1455261843946521,3222.2648414712576,SL,,
2026-09-28T02:57:36.776578+00:00,close,,STXUSDT,ICT/SMC v2,short,,,0.3383,0.3310023380528681,,,,29.5,,0.2152810274403905,3222.480122498698,TP1,,
2026-09-28T02:57:44.688773+00:00,close,,SUPERUSDT,ICT/SMC v2,short,,,0.2017499999999999,0.1965274467041989,,,,49.5,,0.2585163881421543,3222.7386388868404,TP1,,
2026-09-28T02:57:48.316095+00:00,close,,SUSHIUSDT,ICT/SMC v2,long,,,0.2663,0.2613628746709114,,,,37.551,,-0.185393993232603,3222.553244893608,SL,,
2026-09-28T03:04:57.336453+00:00,close,,BERAUSDT,Supertrend+ADX,long,,,0.2370999999999999,0.2303036122139853,,,,63.2644,,-0.4299693954495457,3222.1232754981584,SL,,
2026-09-28T03:05:24.732092+00:00,open,,BONKUSDT,Supertrend+ADX,short,,,3.612e-06,,3.763494411599496e-06,3.3847583826007558e-06,3.1575167652015104e-06,8305647.8,30.0,,,,,
2026-09-28T03:05:48.287454+00:00,close,,CHZUSDT,Supertrend+ADX,long,,,0.01656,0.0161842022608777,,,,905.7,,-0.3403600123229968,3221.7829154858355,SL,,
2026-09-28T03:05:48.604057+00:00,close,,CHZUSDT,Supertrend+ADX,long,,,0.01656,0.0161842022608777,,,,905.8,,-0.340397592096909,3221.442517893739,SL,,
2026-09-28T03:06:20.576071+00:00,close,,DYDXUSDT,Supertrend+ADX,long,,,0.14495,0.1389656292879039,,,,103.48,,-0.6192626812876951,3220.8232552124514,SL,,
2026-09-28T03:07:09.223165+00:00,close,,FLOWUSDT,ICT/SMC v2,short,,,0.0329,0.0318911498283593,,,,303.95,,0.3066400096701613,3221.129895222121,TP1,,
2026-09-28T03:07:19.051910+00:00,close,,GALAUSDT,Supertrend+ADX,long,,,0.002322,0.0022476134953896,,,,6459.9,,-0.4805293811327227,3220.649365840988,SL,,
2026-09-28T03:07:21.640540+00:00,open,,GALAUSDT,Supertrend+ADX,short,,,0.002242,,0.0023468347679144,0.0020847478481283,0.0019274956962566,13380.9,30.0,,,,,
2026-09-28T03:07:29.145250+00:00,open,,GRAMUSDT,ICT/SMC v2,long,,,1.6145,,1.5761499330672424,1.6720251003991364,1.729550200798273,12.38773,20.0,,,,,
2026-09-28T03:07:32.756712+00:00,close,,GTCUSDT,ICT/SMC v2,long,,,0.0897999999999999,0.088891629934193,,,,111.3585,,-0.1011547279731646,3220.5482111130154,SL,,
2026-09-28T03:08:22.469449+00:00,open,,JUPUSDT,ICT/SMC v2,long,,,0.3556,,0.3456058107942762,0.3705912838085856,0.3855825676171713,56.2,20.0,,,,,
2026-09-28T03:09:06.362192+00:00,close,,MANTAUSDT,ICT/SMC v2,long,,,0.0705949999999999,0.0696058272506519,,,,141.6,,-0.1400668613076901,3220.408144251707,SL,,
2026-09-28T03:09:06.739350+00:00,close,,MANTAUSDT,ICT/SMC v2,long,,,0.0705949999999999,0.0696058272506519,,,,141.7,,-0.1401657785826249,3220.267978473125,SL,,
2026-09-28T03:09:59.695264+00:00,close,,OGNUSDT,Supertrend+ADX,long,,,0.02097,0.0205867313416094,,,,715.307,,-0.274154754227349,3219.993823718897,SL,,
2026-09-28T03:10:00.006459+00:00,close,,OGNUSDT,Supertrend+ADX,long,,,0.02097,0.0205867313416094,,,,715.308,,-0.2741551374960073,3219.719668581401,SL,,
2026-09-28T03:10:15.393592+00:00,close,,ORDIUSDT,ICT/SMC v2,short,,,4.793150000000001,4.687637087851003,,,,2.086,,0.2200999347428082,3219.939768516144,TP1,,
2026-09-28T03:11:44.668308+00:00,close,,SKLUSDT,Supertrend+ADX,long,,,0.00464,0.0045673706608477,,,,3232.758,,-0.2347930771791436,3219.704975438965,SL,,
2026-09-28T03:11:44.991166+00:00,close,,SKLUSDT,Supertrend+ADX,long,,,0.00464,0.0045673706608477,,,,3232.759,,-0.2347931498084828,3219.4701822891566,SL,,
2026-09-28T03:11:50.292986+00:00,close,,SLPUSDT,ICT/SMC v2,short,,,0.000693,0.000682367831072,,,,14430.0,,0.1534221976296954,3219.623604486786,TP1,,
2026-09-28T03:11:55.054588+00:00,close,,SSVUSDT,Supertrend+ADX,long,,,3.2185,3.1306591566054545,,,,4.6605,,-0.4093822506402801,3219.214222236146,SL,,
2026-09-28T03:11:55.441412+00:00,close,,SSVUSDT,Supertrend+ADX,long,,,3.2185,3.1306591566054545,,,,4.6606,,-0.4093910347246195,3218.804831201421,SL,,
2026-09-28T03:12:39.528822+00:00,close,,TIAUSDT,ICT/SMC v2,long,,,0.4976,0.4852013342133974,,,,20.0964,,-0.2491685471138792,3218.555662654307,SL,,
2026-09-28T03:12:39.867739+00:00,close,,TIAUSDT,ICT/SMC v2,long,,,0.4976,0.4852013342133974,,,,20.0965,,-0.2491697869804578,3218.3064928673266,SL,,
2026-09-28T03:12:47.017761+00:00,open,,TRBUSDT,Supertrend+ADX,short,,,19.093,,19.70350661930077,18.17724007104884,17.26148014209767,1.5712,30.0,,,,,
2026-09-28T03:13:18.773987+00:00,close,,WOOUSDT,ICT/SMC v2,long,,,0.014245,0.0139066412685041,,,,702.0,,-0.2375278295101162,3218.0689650378163,SL,,
2026-09-28T03:13:19.115861+00:00,close,,WOOUSDT,ICT/SMC v2,long,,,0.014245,0.0139066412685041,,,,702.001,,-0.2375281678688477,3217.8314368699475,SL,,
2026-09-28T03:18:52.612143+00:00,close,,AIUSDT,ICT/SMC v2,long,,,0.02,0.0196581921276045,,,,500.0,,-0.1709039361977287,3217.66053293375,SL,,
2026-09-28T03:18:56.798033+00:00,close,,ALGOUSDT,ICT/SMC v2,long,,,0.11715,0.11715,,,,85.3,,0.0,3217.66053293375,SL,,
2026-09-28T03:19:07.249694+00:00,close,,APEUSDT,ICT/SMC v2,long,,,0.1639,0.1593219489294762,,,,61.01,,-0.2793068958126525,3217.3812260379373,SL,,
2026-09-28T03:19:32.033302+00:00,close,,ATOMUSDT,ICT/SMC v2,long,,,1.8699,1.847429715258736,,,,5.347,,-0.1201486125115392,3217.261077425426,SL,,
2026-09-28T03:19:32.542394+00:00,close,,ATOMUSDT,ICT/SMC v2,long,,,1.8699,1.847429715258736,,,,5.348,,-0.1201710827962804,3217.1409063426295,SL,,
2026-09-28T03:20:21.492653+00:00,close,,BICOUSDT,ICT/SMC v2,short,,,0.0225,0.0217499532540144,,,,444.44444,,0.3333541059933693,3217.474260448623,TP2,,
2026-09-28T03:21:15.670616+00:00,close,,CRVUSDT,Supertrend+ADX,long,,,0.3484,0.3397490421680588,,,,43.0,,-0.3719911867734691,3217.1022692618494,SL,,
2026-09-28T03:21:20.777543+00:00,close,,CTSIUSDT,ICT/SMC v2,long,,,0.0292,0.0292,,,,342.4658,,0.0,3217.1022692618494,SL,,
2026-09-28T03:21:33.098117+00:00,close,,DOGSUSDT,Supertrend+ADX,long,,,5.34e-05,4.9705551202749066e-05,,,,280898.8,,-1.03776623380923,3216.0645030280402,SL,,
2026-09-28T03:21:42.547797+00:00,close,,DYDXUSDT,ICT/SMC v2,long,,,0.1416,0.1388459724495593,,,,70.62,,-0.1944894256121231,3215.8700136024286,SL,,
2026-09-28T03:21:49.930260+00:00,close,,EDUUSDT,ICT/SMC v2,short,,,0.0516,0.0505673416731128,,,,193.79,,0.2001188571674685,3216.070132459596,TP1,,
2026-09-28T03:21:59.203599+00:00,close,,EIGENUSDT,Supertrend+ADX,long,,,0.2764,0.2648117731684907,,,,54.26,,-0.6287771878776938,3215.4413552717183,SL,,
2026-09-28T03:21:59.699618+00:00,close,,EIGENUSDT,Supertrend+ADX,long,,,0.2764,0.2648117731684907,,,,54.27,,-0.6288930701460089,3214.812462201572,SL,,
2026-09-28T03:23:47.291806+00:00,close,,LDOUSDT,ICT/SMC v2,long,,,0.49,0.4814965659084008,,,,20.4081,,-0.1735389332847646,3214.6389232682873,SL,,
2026-09-28T03:24:21.721269+00:00,close,,MEMEUSDT,Supertrend+ADX,long,,,0.000638,0.0006191018947121,,,,23510.9,,-0.4443114636122551,3214.1946118046744,SL,,
2026-09-28T03:24:22.220150+00:00,close,,MEMEUSDT,Supertrend+ADX,long,,,0.000638,0.0006191018947121,,,,23511.0,,-0.4443133534227839,3213.7502984512516,SL,,
2026-09-28T03:24:50.220918+00:00,close,,NEARUSDT,ICT/SMC v2,long,,,5.24025,5.24025,,,,1.9,,0.0,3213.7502984512516,SL,,
2026-09-28T03:24:59.949097+00:00,close,,NMRUSDT,ICT/SMC v2,long,,,10.357,10.093115245094136,,,,0.9655,,-0.2547807308616109,3213.4955177203906,SL,,
2026-09-28T03:25:05.375561+00:00,close,,NOTUSDT,Supertrend+ADX,long,,,0.0005206,0.0005058718500826,,,,28812.9,,-0.4243607107526455,3213.071157009638,SL,,
2026-09-28T03:25:21.101445+00:00,close,,OPUSDT,ICT/SMC v2,long,,,0.14695,0.1440387232612244,,,,68.05,,-0.1981123820736768,3212.8730446275636,SL,,
2026-09-28T03:25:34.117207+00:00,close,,PEOPLEUSDT,ICT/SMC v2,short,,,0.009395,0.0089959647250285,,,,1064.396,,0.4247315505385548,3213.297776178102,TP2,,
2026-09-28T03:25:52.074050+00:00,close,,PORTALUSDT,Supertrend+ADX,short,,,0.0180999999999999,0.0168006200472674,,,,828.7,,1.0767961668294834,3214.3745723449315,TP2,,
2026-09-28T03:26:20.437958+00:00,close,,RENDERUSDT,ICT/SMC v2,long,,,2.0415,1.997303544151107,,,,4.89,,-0.2161206691010877,3214.1584516758307,SL,,
2026-09-28T03:26:39.704915+00:00,close,,RVNUSDT,ICT/SMC v2,short,,,0.00268,0.0026231896467119,,,,3731.3,,0.2119764712237927,3214.370428147054,TP1,,
2026-09-28T03:27:37.193412+00:00,close,,THETAUSDT,Supertrend+ADX,long,,,0.23391,0.2269645790889543,,,,64.1,,-0.4452014803980287,3213.9252266666563,SL,,
2026-09-28T03:28:06.592884+00:00,close,,VETUSDT,ICT/SMC v2,short,,,0.00911485,0.0089021923932081,,,,1097.1,,0.2333066604113758,3214.1585333270677,TP1,,
2026-09-28T03:28:17.266767+00:00,close,,WLDUSDT,ICT/SMC v2,short,,,0.5476,0.5264632663647529,,,,18.2,,0.3846885521614961,3214.54322187923,TP1,,
2026-09-28T03:28:22.345594+00:00,close,,XLMUSDT,Supertrend+ADX,long,,,0.2168505,0.2132039371714711,,,,69.1,,-0.2519774914513453,3214.291244387778,SL,,
2026-09-28T03:28:22.862101+00:00,close,,XLMUSDT,Supertrend+ADX,long,,,0.2168505,0.2132039371714711,,,,69.2,,-0.2523421477341983,3214.038902240044,SL,,
2026-09-28T03:33:29.305857+00:00,close,,1INCHUSDT,Supertrend+ADX,short,,,0.1025949999999999,0.0999066206713108,,,,146.2,,0.3930410578543496,3214.431943297898,TP1,,
2026-09-28T03:33:36.189436+00:00,close,,ADAUSDT,Supertrend+ADX,long,,,0.2549705,0.2498709086269749,,,,58.8,,-0.2998559727338724,3214.1320873251643,SL,,
2026-09-28T03:33:38.613210+00:00,close,,ADAUSDT,ICT/SMC v2,short,,,0.256082,0.2510824321644694,,,,39.0,,0.1949831455856944,3214.32707047075,TP1,,
2026-09-28T03:33:45.400115+00:00,close,,AGLDUSDT,Supertrend+ADX,long,,,0.2229,0.2185570661327831,,,,67.2947,,-0.2922564317141957,3214.034814039036,SL,,
2026-09-28T03:33:49.723558+00:00,open,,AGLDUSDT,Supertrend+ADX,short,,,0.2174499999999999,,0.2250691573296964,0.2060212640054552,0.1945925280109106,137.9627,30.0,,,,,
2026-09-28T03:33:55.696562+00:00,open,,ALGOUSDT,Supertrend+ADX,short,,,0.1154999999999999,,0.1202545058985087,0.1083682411522368,0.1012364823044736,259.7,30.0,,,,,
2026-09-28T03:33:58.494713+00:00,close,,ALICEUSDT,ICT/SMC v2,short,,,0.1588999999999999,0.1523522721105541,,,,62.93,,0.4120485160828293,3214.446862555119,TP2,,
2026-09-28T03:34:09.782295+00:00,close,,API3USDT,ICT/SMC v2,short,,,0.2815,0.2762270892188052,,,,35.5239,,0.1873143553000857,3214.6341769104192,TP1,,
2026-09-28T03:34:14.526590+00:00,close,,APTUSDT,ICT/SMC v2,long,,,0.85975,0.8389913948942544,,,,11.6312,,-0.2414474877059478,3214.3927294227137,SL,,
2026-09-28T03:34:14.867402+00:00,close,,APTUSDT,ICT/SMC v2,long,,,0.85975,0.8389913948942544,,,,11.6313,,-0.2414495635664584,3214.1512798591466,SL,,
2026-09-28T03:34:20.791944+00:00,close,,ARBUSDT,Supertrend+ADX,long,,,0.22615,0.21757591452122,,,,66.3276,,-0.5686985120023264,3213.5825813471442,SL,,
2026-09-28T03:34:21.105574+00:00,close,,ARBUSDT,Supertrend+ADX,long,,,0.22615,0.21757591452122,,,,66.3277,,-0.5686993694108741,3213.0138819777335,SL,,
2026-09-28T03:34:44.730729+00:00,close,,AXSUSDT,Supertrend+ADX,short,,,1.165,1.1278231304319637,,,,12.87,,0.4784663113406276,3213.492348289074,TP1,,
2026-09-28T03:34:54.208755+00:00,close,,BANDUSDT,ICT/SMC v2,short,,,0.2265,0.2223837299485102,,,,44.15011,,0.1817337755629774,3213.674082064637,TP1,,
2026-09-28T03:34:57.307279+00:00,close,,BBUSDT,ICT/SMC v2,short,,,0.01085,0.0101860121792564,,,,921.6,,0.6119311755972149,3214.2860132402343,TP2,,
2026-09-28T03:35:08.984398+00:00,close,,BEAMXUSDT,Supertrend+ADX,long,,,0.0022375,0.0020787511020104,,,,6703.9,,-1.0642367372324184,3213.221776503002,SL,,
2026-09-28T03:35:12.243825+00:00,close,,BEAMXUSDT,ICT/SMC v2,long,,,0.0021295,0.0020978998807953,,,,4695.9,,-0.1483909997728866,3213.073385503229,SL,,
2026-09-28T03:35:16.297649+00:00,close,,BERAUSDT,ICT/SMC v2,long,,,0.2323,0.2280933044047443,,,,43.0477,,-0.1810885699758859,3212.892296933253,SL,,
2026-09-28T03:35:16.659800+00:00,close,,BERAUSDT,ICT/SMC v2,long,,,0.2323,0.2280933044047443,,,,43.0478,,-0.1810889906454454,3212.7112079426074,SL,,
2026-09-28T03:35:22.135416+00:00,close,,BIGTIMEUSDT,ICT/SMC v2,long,,,0.00957,0.0092907414152354,,,,1044.93,,-0.2918056729780088,3212.4194022696292,SL,,
2026-09-28T03:35:27.237792+00:00,close,,BLURUSDT,Supertrend+ADX,long,,,0.02045,0.02045,,,,733.4963,,0.0,3212.4194022696292,SL,,
2026-09-28T03:35:51.382429+00:00,close,,CATIUSDT,ICT/SMC v2,short,,,0.06556,0.0637521465728447,,,,152.5,,0.2756976476411825,3212.6950999172705,TP2,,
2026-09-28T03:36:31.552343+00:00,close,,DUSKUSDT,ICT/SMC v2,long,,,0.09022,0.0879357940262116,,,,110.8,,-0.2530900218957464,3212.4420098953747,SL,,
2026-09-28T03:36:38.212903+00:00,close,,DYMUSDT,ICT/SMC v2,short,,,0.0212,0.0205078329573584,,,,471.6,,0.3264259773097421,3212.7684358726847,TP1,,
2026-09-28T03:36:47.141920+00:00,close,,EIGENUSDT,ICT/SMC v2,long,,,0.2706,0.2629585574508549,,,,36.95,,-0.2823513021909121,3212.4860845704934,SL,,
2026-09-28T03:36:52.982473+00:00,close,,ENSUSDT,Supertrend+ADX,short,,,7.0655,6.766780889294012,,,,2.1229,,0.634150800117743,3213.120235370611,TP2,,
2026-09-28T03:36:58.128939+00:00,close,,ERAUSDT,Supertrend+ADX,long,,,0.07085,0.0688437106299382,,,,211.7148,,-0.4247611527247501,3212.6954742178864,SL,,
2026-09-28T03:36:58.445023+00:00,close,,ERAUSDT,Supertrend+ADX,long,,,0.07085,0.0688437106299382,,,,211.7149,,-0.4247613533536871,3212.270712864533,SL,,
2026-09-28T03:37:02.521936+00:00,close,,ETCUSDT,Supertrend+ADX,long,,,9.52875,9.310470021715073,,,,1.57,,-0.3426995659073363,3211.9280132986255,SL,,
2026-09-28T03:37:09.758456+00:00,close,,ETHFIUSDT,Supertrend+ADX,long,,,0.7155,0.6918541028755935,,,,20.9,,-0.4941992499000972,3211.4338140487253,SL,,
2026-09-28T03:37:10.093346+00:00,close,,ETHFIUSDT,Supertrend+ADX,long,,,0.7155,0.6918541028755935,,,,21.0,,-0.4965638396125379,3210.937250209113,SL,,
2026-09-28T03:37:14.215870+00:00,close,,FETUSDT,ICT/SMC v2,short,,,0.24575,0.2388056810161026,,,,40.691,,0.2825712837737674,3211.219821492887,TP1,,
2026-09-28T03:37:17.379150+00:00,open,,FETUSDT,Supertrend+ADX,short,,,0.23978,,0.250755673379196,0.2233164899312059,0.2068529798624119,125.114,30.0,,,,,
2026-09-28T03:37:30.060082+00:00,close,,FLOWUSDT,Supertrend+ADX,long,,,0.0316,0.0316,,,,474.68,,0.0,3211.219821492887,SL,,
2026-09-28T03:37:43.984028+00:00,close,,GMTUSDT,ICT/SMC v2,short,,,0.00892,0.0085738669817712,,,,1121.1,,0.3880497267362422,3211.607871219623,TP2,,
2026-09-28T03:38:14.545423+00:00,open,,INITUSDT,Supertrend+ADX,short,,,0.08835,,0.0918022158437195,0.0831716762344207,0.0779933524688414,339.5585,30.0,,,,,
2026-09-28T03:38:32.876295+00:00,close,,JOEUSDT,Supertrend+ADX,long,,,0.0405,0.039421376858865,,,,370.37037,,-0.3994900518727271,3211.2083811677503,SL,,
2026-09-28T03:38:37.435345+00:00,close,,JOEUSDT,ICT/SMC v2,long,,,0.0424999999999999,0.0394067319778828,,,,235.29411,,-0.7278277462555138,3210.4805534214947,SL,,
2026-09-28T03:38:37.762014+00:00,close,,JOEUSDT,ICT/SMC v2,long,,,0.0424999999999999,0.0394067319778828,,,,235.29412,,-0.727827777188194,3209.7527256443063,SL,,
2026-09-28T03:39:16.617316+00:00,close,,MANAUSDT,Supertrend+ADX,long,,,0.09175,0.0894375633646299,,,,163.4,,-0.3778521462194638,3209.374873498087,SL,,
2026-09-28T03:39:41.555044+00:00,open,,METISUSDT,Supertrend+ADX,short,,,3.585,,3.781473585908329,3.290289621137506,2.9955792422750123,8.368,30.0,,,,,
2026-09-28T03:39:43.994414+00:00,close,,MINAUSDT,Supertrend+ADX,long,,,0.144805,0.1403130955632977,,,,103.5,,-0.4649121091986885,3208.909961388888,SL,,
2026-09-28T03:39:44.298900+00:00,close,,MINAUSDT,Supertrend+ADX,long,,,0.144805,0.1403130955632977,,,,103.6,,-0.4653612996423587,3208.444600089246,SL,,
2026-09-28T03:40:33.976168+00:00,close,,PEPEUSDT,ICT/SMC v2,short,,,4.34105e-06,4.231296266151683e-06,,,,2303590.1,,0.252827614731018,3208.6974277039767,TP1,,
2026-09-28T03:40:57.794515+00:00,close,,PYTHUSDT,ICT/SMC v2,long,,,0.0823899999999999,0.0823899999999999,,,,121.37,,0.0,3208.6974277039767,SL,,
2026-09-28T03:42:58.545230+00:00,close,,TURBOUSDT,Supertrend+ADX,long,,,0.0010583049999999,0.0010279916468621,,,,14173.6,,-0.4296493420345544,3208.267778361942,SL,,
2026-09-28T03:43:23.618852+00:00,open,,XLMUSDT,Supertrend+ADX,short,,,0.211727,,0.2198338428246593,0.199566735763011,0.187406471526022,141.6,30.0,,,,,
2026-09-28T03:43:27.312207+00:00,close,,XRPUSDT,ICT/SMC v2,short,,,1.5138349999999998,1.487688544531172,,,,6.6,,0.1725666060942632,3208.440344968036,TP1,,
2026-09-28T03:49:24.982226+00:00,close,,AVNTUSDT,ICT/SMC v2,long,,,0.129825,0.1366803976362853,,,,77.026,,0.5280438583325148,3208.9683888263685,TP1,,
2026-09-28T03:52:13.651329+00:00,open,,IOTAUSDT,ICT/SMC v2,long,,,0.0506999999999999,,0.0491517718448482,0.0530223422327276,0.0553446844654552,394.47,20.0,,,,,
2026-09-28T03:55:02.230008+00:00,close,,RVNUSDT,ICT/SMC v2,short,,,0.00268,0.00268,,,,3731.3,,-0.0,3208.9683888263685,SL,,
2026-09-28T03:55:10.715151+00:00,open,,SAGAUSDT,ICT/SMC v2,short,,,0.0265,,0.0277131334971234,0.0246802997543148,0.0228605995086296,754.7,20.0,,,,,
2026-09-28T03:55:35.147116+00:00,close,,STRKUSDT,Supertrend+ADX,long,,,0.0409999999999999,0.0399631688074666,,,,365.85,,-0.3793246917883168,3208.58906413458,SL,,
2026-09-28T04:04:17.572580+00:00,close,,ATOMUSDT,Supertrend+ADX,long,,,1.81545,1.81545,,,,8.262,,0.0,3208.58906413458,SL,,
2026-09-28T04:04:24.780394+00:00,close,,AVNTUSDT,Supertrend+ADX,long,,,0.1329449999999999,0.1262753808857355,,,,112.828,,-0.7525197854242259,3207.8365443491552,SL,,
2026-09-28T04:04:25.298187+00:00,close,,AVNTUSDT,Supertrend+ADX,long,,,0.1329449999999999,0.1262753808857355,,,,112.829,,-0.75252645504334,3207.0840178941125,SL,,
2026-09-28T04:04:28.077418+00:00,close,,AVNTUSDT,ICT/SMC v2,long,,,0.129825,0.129825,,,,77.027,,0.0,3207.0840178941125,SL,,
2026-09-28T04:04:31.330976+00:00,open,,AVNTUSDT,ICT/SMC v2,long,,,0.12603,,0.1209305925721703,0.1336791111417445,0.141328222283489,158.692,20.0,,,,,
2026-09-28T04:05:08.592216+00:00,close,,BONKUSDT,ICT/SMC v2,short,,,3.7465e-06,3.522790459408512e-06,,,,2669157.9,,0.5971160875751412,3207.6811339816873,TP2,,
2026-09-28T04:05:36.002154+00:00,close,,COMPUSDT,ICT/SMC v2,short,,,24.305,23.29905042431577,,,,0.41144,,0.4138878934195196,3208.0950218751072,TP2,,
2026-09-28T04:05:51.819363+00:00,close,,DOTUSDT,Supertrend+ADX,long,,,1.25825,1.22448689352449,,,,11.92,,-0.402456229188076,3207.6925656459193,SL,,
2026-09-28T04:06:32.591048+00:00,close,,FLOKIUSDT,Supertrend+ADX,long,,,2.859265e-05,2.771536502312808e-05,,,,524610.3,,-0.4602327349022707,3207.2323329110172,SL,,
2026-09-28T04:06:36.097451+00:00,close,,FLOKIUSDT,ICT/SMC v2,long,,,2.825e-05,2.7761219262567023e-05,,,,353982.3,,-0.1730197296322219,3207.0593131813853,SL,,
2026-09-28T04:07:53.792638+00:00,close,,LINKUSDT,ICT/SMC v2,long,,,13.82185,13.82185,,,,0.72,,0.0,3207.059313181385,SL,,
2026-09-28T04:08:08.705110+00:00,close,,LUNAUSDT,ICT/SMC v2,short,,,0.05345,0.0514761437574773,,,,187.09,,0.3692887644135562,3207.4286019457977,TP2,,
2026-09-28T04:10:43.590745+00:00,close,,SLPUSDT,ICT/SMC v2,short,,,0.000693,0.0006717356621441,,,,14430.0,,0.3068443952593893,3207.7354463410575,TP2,,
2026-09-28T04:11:01.741634+00:00,close,,SUIUSDT,ICT/SMC v2,long,,,1.2536,1.22381787538417,,,,7.977,,-0.2375720080604765,3207.497874332997,SL,,
2026-09-28T04:11:15.042776+00:00,close,,SYNUSDT,ICT/SMC v2,short,,,0.1865,0.1739883878407118,,,,53.6,,0.670622411737846,3208.168496744735,TP1,,
2026-09-28T04:11:22.265801+00:00,close,,THETAUSDT,ICT/SMC v2,short,,,0.2360999999999999,0.2262412920312486,,,,42.4,,0.4180092178750584,3208.58650596261,TP2,,
2026-09-28T04:11:47.461405+00:00,close,,UNIUSDT,Supertrend+ADX,long,,,9.2537,9.2537,,,,1.62,,0.0,3208.58650596261,SL,,
2026-09-28T04:12:07.992422+00:00,open,,WOOUSDT,ICT/SMC v2,short,,,0.01367,,0.0139996256119499,0.013175561582075,0.0126811231641501,1463.057,20.0,,,,,
2026-09-28T04:19:31.492452+00:00,open,bot2,AVNTUSDT,Supertrend+ADX,short,2124.0,,0.12761,,0.139685929579674,0.109496105630489,0.091382211260978,235.091,30.0,,,,25.4,
2026-09-28T04:22:05.640742+00:00,close,bot2,INJUSDT,ICT/SMC v2,short,1948.0,a,7.962,7.7633994743994,,,,1.2559,,0.2494224001017927,3208.8359283627115,TP1,,
2026-09-28T04:23:28.991279+00:00,open,bot2,MINAUSDT,ICT/SMC v2,short,2125.0,,0.1415199999999999,,0.1444016945478848,0.1371974581781727,0.1328749163563454,141.3,20.0,,,,,3.0
2026-09-28T04:25:09.651281+00:00,open,bot2,RUNEUSDT,Supertrend+ADX,long,2126.0,,0.7447999999999999,,0.7023229700894066,0.80851554486589,0.8722310897317799,40.2,30.0,,,,25.43,
2026-09-28T04:50:13.992266+00:00,open,bot2,CELOUSDT,ICT/SMC v2,short,2127,,0.0938,,0.09568224754501133,0.09097662868248298,0.08815325736496597,213.21,20.0,,,,,3
2026-09-28T04:50:40.737064+00:00,open,bot2,DIAUSDT,Supertrend+ADX,long,2128,,0.16344999999999998,,0.15877104233638933,0.17046843649541596,0.17748687299083188,183.5,30.0,,,,18.43,
2026-09-28T04:51:04.140860+00:00,close,bot2,ENAUSDT,ICT/SMC v2,long,2006,a,0.2754,0.26826454918723586,,,,36.31,,-0.2590882190114653,3208.5768401437,SL,,
2026-09-28T04:51:04.577834+00:00,close,bot2,ENAUSDT,ICT/SMC v2,long,2006,b,0.2754,0.26826454918723586,,,,36.31,,-0.2590882190114653,3208.3177519246883,SL,,
2026-09-28T04:52:44.409446+00:00,close,bot2,LPTUSDT,Supertrend+ADX,long,1747,a,1.77115,1.720498901312517,,,,8.469,,-0.4289641547842941,3207.888787769904,SL,,
2026-09-28T04:52:44.913232+00:00,close,bot2,LPTUSDT,Supertrend+ADX,long,1747,b,1.77115,1.720498901312517,,,,8.4691,,-0.42896921989416287,3207.45981855001,SL,,
2026-09-28T04:53:58.483911+00:00,close,bot2,ONDOUSDT,ICT/SMC v2,long,2071,a,0.571785,0.6028302836095546,,,,17.48,,0.5426715574950146,3208.002490107505,TP1,,
2026-09-28T04:55:11.175354+00:00,close,bot2,RVNUSDT,Supertrend+ADX,long,2086,a,0.00268,0.0028079453977612775,,,,5597.0,,0.7161103912698699,3208.718600498775,TP1,,
2026-09-28T04:55:31.555955+00:00,open,bot2,SKLUSDT,ICT/SMC v2,short,2129,,0.0045850000000000005,,0.004650866708429032,0.004486199937356453,0.004387399874712905,4362.05,20.0,,,,,3
